[2026-06-04T05:52:39.157Z] [Late-Dbg] User 57 Final: LateCount=3, Amt=0, Days=0
[Admin-Bonus] SKIP: User 57, Rule Active=true, RuleMonth=2026-04, TargetMonth=2026-05
[2026-06-04T05:52:39.603Z] [Late-Dbg] User 58 Final: LateCount=0, Amt=0, Days=0
[Admin-Bonus] SKIP: User 58, Rule Active=true, RuleMonth=2026-04, TargetMonth=2026-05
[2026-06-04T05:52:39.749Z] [Late-Dbg] User 59 Final: LateCount=2, Amt=1129.03, Days=1
[2026-06-04T05:52:39.983Z] [Late-Dbg] User 61 Final: LateCount=0, Amt=0, Days=0
[2026-06-04T05:52:40.088Z] [Late-Dbg] User 62 Final: LateCount=0, Amt=0, Days=0
[2026-06-04T05:52:40.199Z] [Late-Dbg] User 63 Final: LateCount=2, Amt=40, Days=0.04
[2026-06-04T05:52:40.290Z] [Late-Dbg] User 64 Final: LateCount=0, Amt=0, Days=0
[2026-06-04T05:52:40.383Z] [Late-Dbg] User 65 Final: LateCount=2, Amt=30, Days=0.03
[2026-06-04T05:52:40.530Z] [Late-Dbg] User 68 Final: LateCount=0, Amt=0, Days=0
[2026-06-04T05:52:40.754Z] [Late-Dbg] User 69 Final: LateCount=5, Amt=0, Days=0
[2026-06-04T05:52:41.279Z] [Late-Dbg] User 70 Final: LateCount=0, Amt=0, Days=0
[2026-06-04T05:52:41.316Z] [Late-Dbg] User 98 Final: LateCount=0, Amt=0, Days=0
[2026-06-04T05:52:41.356Z] [Late-Dbg] User 99 Final: LateCount=0, Amt=0, Days=0
[2026-06-04T05:52:41.403Z] [Late-Dbg] User 100 Final: LateCount=0, Amt=0, Days=0
[2026-06-04T05:52:41.434Z] [Late-Dbg] User 101 Final: LateCount=0, Amt=0, Days=0
[2026-06-04T05:52:41.477Z] [Late-Dbg] User 102 Final: LateCount=0, Amt=0, Days=0
[2026-06-04T05:52:41.521Z] [Late-Dbg] User 103 Final: LateCount=0, Amt=0, Days=0
[2026-06-04T05:52:41.583Z] [Late-Dbg] User 104 Final: LateCount=0, Amt=0, Days=0
[2026-06-04T05:52:41.662Z] [Late-Dbg] User 105 Final: LateCount=0, Amt=0, Days=0
[2026-06-04T05:52:41.726Z] [Late-Dbg] User 106 Final: LateCount=0, Amt=0, Days=0
[2026-06-04T05:52:41.818Z] [Late-Dbg] User 107 Final: LateCount=0, Amt=0, Days=0
[2026-06-04T05:52:41.892Z] [Late-Dbg] User 108 Final: LateCount=0, Amt=0, Days=0
[2026-06-04T05:52:42.048Z] [Late-Dbg] User 109 Final: LateCount=1, Amt=0, Days=0
[2026-06-04T05:52:42.476Z] [Late-Dbg] User 182 Final: LateCount=1, Amt=30, Days=0.03
[2026-06-04T05:52:43.010Z] [Late-Dbg] User 185 Final: LateCount=0, Amt=0, Days=0
[2026-06-04T07:26:02.834Z] [Late-Dbg] User 57 Final: LateCount=8, Amt=0, Days=0
[Admin-Bonus] SKIP: User 57, Rule Active=true, RuleMonth=2026-04, TargetMonth=2026-05
[2026-06-04T07:26:03.090Z] [Late-Dbg] User 58 Final: LateCount=0, Amt=0, Days=0
[Admin-Bonus] SKIP: User 58, Rule Active=true, RuleMonth=2026-04, TargetMonth=2026-05
[2026-06-04T07:26:03.171Z] [Late-Dbg] User 59 Final: LateCount=2, Amt=1129.03, Days=1
[2026-06-04T07:26:03.320Z] [Late-Dbg] User 61 Final: LateCount=0, Amt=0, Days=0
[2026-06-04T07:26:03.400Z] [Late-Dbg] User 62 Final: LateCount=0, Amt=0, Days=0
[2026-06-04T07:26:03.457Z] [Late-Dbg] User 63 Final: LateCount=2, Amt=40, Days=0.04
[2026-06-04T07:26:03.514Z] [Late-Dbg] User 64 Final: LateCount=0, Amt=0, Days=0
[2026-06-04T07:26:03.555Z] [Late-Dbg] User 65 Final: LateCount=2, Amt=30, Days=0.03
[2026-06-04T07:26:03.635Z] [Late-Dbg] User 68 Final: LateCount=0, Amt=0, Days=0
[2026-06-04T07:26:03.745Z] [Late-Dbg] User 69 Final: LateCount=5, Amt=0, Days=0
[2026-06-04T07:26:04.013Z] [Late-Dbg] User 70 Final: LateCount=0, Amt=0, Days=0
[2026-06-04T07:26:04.033Z] [Late-Dbg] User 98 Final: LateCount=0, Amt=0, Days=0
[2026-06-04T07:26:04.053Z] [Late-Dbg] User 99 Final: LateCount=0, Amt=0, Days=0
[2026-06-04T07:26:04.073Z] [Late-Dbg] User 100 Final: LateCount=0, Amt=0, Days=0
[2026-06-04T07:26:04.098Z] [Late-Dbg] User 101 Final: LateCount=0, Amt=0, Days=0
[2026-06-04T07:26:04.118Z] [Late-Dbg] User 102 Final: LateCount=0, Amt=0, Days=0
[2026-06-04T07:26:04.138Z] [Late-Dbg] User 103 Final: LateCount=0, Amt=0, Days=0
[2026-06-04T07:26:04.168Z] [Late-Dbg] User 104 Final: LateCount=0, Amt=0, Days=0
[2026-06-04T07:26:04.203Z] [Late-Dbg] User 105 Final: LateCount=0, Amt=0, Days=0
[2026-06-04T07:26:04.233Z] [Late-Dbg] User 106 Final: LateCount=0, Amt=0, Days=0
[2026-06-04T07:26:04.273Z] [Late-Dbg] User 107 Final: LateCount=0, Amt=0, Days=0
[2026-06-04T07:26:04.313Z] [Late-Dbg] User 108 Final: LateCount=0, Amt=0, Days=0
[2026-06-04T07:26:04.381Z] [Late-Dbg] User 109 Final: LateCount=1, Amt=0, Days=0
[2026-06-04T07:26:04.542Z] [Late-Dbg] User 182 Final: LateCount=1, Amt=30, Days=0.03
[2026-06-04T07:26:04.857Z] [Late-Dbg] User 185 Final: LateCount=0, Amt=0, Days=0
[2026-06-04T07:27:08.005Z] [Late-Dbg] User 57 Final: LateCount=8, Amt=0, Days=0
[Admin-Bonus] SKIP: User 57, Rule Active=true, RuleMonth=2026-04, TargetMonth=2026-05
[2026-06-04T07:27:08.235Z] [Late-Dbg] User 58 Final: LateCount=0, Amt=0, Days=0
[Admin-Bonus] SKIP: User 58, Rule Active=true, RuleMonth=2026-04, TargetMonth=2026-05
[2026-06-04T07:27:08.315Z] [Late-Dbg] User 59 Final: LateCount=2, Amt=1129.03, Days=1
[2026-06-04T07:27:08.440Z] [Late-Dbg] User 61 Final: LateCount=0, Amt=0, Days=0
[2026-06-04T07:27:08.487Z] [Late-Dbg] User 62 Final: LateCount=0, Amt=0, Days=0
[2026-06-04T07:27:08.536Z] [Late-Dbg] User 63 Final: LateCount=2, Amt=40, Days=0.04
[2026-06-04T07:27:08.583Z] [Late-Dbg] User 64 Final: LateCount=0, Amt=0, Days=0
[2026-06-04T07:27:08.621Z] [Late-Dbg] User 65 Final: LateCount=2, Amt=30, Days=0.03
[2026-06-04T07:27:08.686Z] [Late-Dbg] User 68 Final: LateCount=0, Amt=0, Days=0
[2026-06-04T07:27:08.795Z] [Late-Dbg] User 69 Final: LateCount=5, Amt=0, Days=0
[2026-06-04T07:27:09.057Z] [Late-Dbg] User 70 Final: LateCount=0, Amt=0, Days=0
[2026-06-04T07:27:09.077Z] [Late-Dbg] User 98 Final: LateCount=0, Amt=0, Days=0
[2026-06-04T07:27:09.097Z] [Late-Dbg] User 99 Final: LateCount=0, Amt=0, Days=0
[2026-06-04T07:27:09.116Z] [Late-Dbg] User 100 Final: LateCount=0, Amt=0, Days=0
[2026-06-04T07:27:09.136Z] [Late-Dbg] User 101 Final: LateCount=0, Amt=0, Days=0
[2026-06-04T07:27:09.156Z] [Late-Dbg] User 102 Final: LateCount=0, Amt=0, Days=0
[2026-06-04T07:27:09.180Z] [Late-Dbg] User 103 Final: LateCount=0, Amt=0, Days=0
[2026-06-04T07:27:09.209Z] [Late-Dbg] User 104 Final: LateCount=0, Amt=0, Days=0
[2026-06-04T07:27:09.249Z] [Late-Dbg] User 105 Final: LateCount=0, Amt=0, Days=0
[2026-06-04T07:27:09.277Z] [Late-Dbg] User 106 Final: LateCount=0, Amt=0, Days=0
[2026-06-04T07:27:09.320Z] [Late-Dbg] User 107 Final: LateCount=0, Amt=0, Days=0
[2026-06-04T07:27:09.356Z] [Late-Dbg] User 108 Final: LateCount=0, Amt=0, Days=0
[2026-06-04T07:27:09.429Z] [Late-Dbg] User 109 Final: LateCount=1, Amt=0, Days=0
[2026-06-04T07:27:09.581Z] [Late-Dbg] User 182 Final: LateCount=1, Amt=30, Days=0.03
[2026-06-04T07:27:09.886Z] [Late-Dbg] User 185 Final: LateCount=0, Amt=0, Days=0
[2026-06-04T07:29:47.772Z] [Late-Dbg] User 57 Final: LateCount=8, Amt=0, Days=0
[Admin-Bonus] SKIP: User 57, Rule Active=true, RuleMonth=2026-04, TargetMonth=2026-05
[2026-06-04T07:29:48.019Z] [Late-Dbg] User 58 Final: LateCount=0, Amt=0, Days=0
[Admin-Bonus] SKIP: User 58, Rule Active=true, RuleMonth=2026-04, TargetMonth=2026-05
[2026-06-04T07:29:48.089Z] [Late-Dbg] User 59 Final: LateCount=2, Amt=1129.03, Days=1
[2026-06-04T07:29:48.200Z] [Late-Dbg] User 61 Final: LateCount=0, Amt=0, Days=0
[2026-06-04T07:29:48.246Z] [Late-Dbg] User 62 Final: LateCount=0, Amt=0, Days=0
[2026-06-04T07:29:48.363Z] [Late-Dbg] User 63 Final: LateCount=2, Amt=40, Days=0.04
[2026-06-04T07:29:48.412Z] [Late-Dbg] User 64 Final: LateCount=0, Amt=0, Days=0
[2026-06-04T07:29:48.450Z] [Late-Dbg] User 65 Final: LateCount=2, Amt=30, Days=0.03
[2026-06-04T07:29:48.519Z] [Late-Dbg] User 68 Final: LateCount=0, Amt=0, Days=0
[2026-06-04T07:29:48.623Z] [Late-Dbg] User 69 Final: LateCount=5, Amt=0, Days=0
[2026-06-04T07:29:48.893Z] [Late-Dbg] User 70 Final: LateCount=0, Amt=0, Days=0
[2026-06-04T07:29:48.911Z] [Late-Dbg] User 98 Final: LateCount=0, Amt=0, Days=0
[2026-06-04T07:29:48.929Z] [Late-Dbg] User 99 Final: LateCount=0, Amt=0, Days=0
[2026-06-04T07:29:48.947Z] [Late-Dbg] User 100 Final: LateCount=0, Amt=0, Days=0
[2026-06-04T07:29:48.966Z] [Late-Dbg] User 101 Final: LateCount=0, Amt=0, Days=0
[2026-06-04T07:29:48.986Z] [Late-Dbg] User 102 Final: LateCount=0, Amt=0, Days=0
[2026-06-04T07:29:49.010Z] [Late-Dbg] User 103 Final: LateCount=0, Amt=0, Days=0
[2026-06-04T07:29:49.036Z] [Late-Dbg] User 104 Final: LateCount=0, Amt=0, Days=0
[2026-06-04T07:29:49.073Z] [Late-Dbg] User 105 Final: LateCount=0, Amt=0, Days=0
[2026-06-04T07:29:49.100Z] [Late-Dbg] User 106 Final: LateCount=0, Amt=0, Days=0
[2026-06-04T07:29:49.143Z] [Late-Dbg] User 107 Final: LateCount=0, Amt=0, Days=0
[2026-06-04T07:29:49.176Z] [Late-Dbg] User 108 Final: LateCount=0, Amt=0, Days=0
[2026-06-04T07:29:49.244Z] [Late-Dbg] User 109 Final: LateCount=1, Amt=0, Days=0
[2026-06-04T07:29:49.389Z] [Late-Dbg] User 182 Final: LateCount=1, Amt=30, Days=0.03
[2026-06-04T07:29:49.635Z] [Late-Dbg] User 185 Final: LateCount=0, Amt=0, Days=0
[2026-06-04T07:30:16.881Z] [Late-Dbg] User 57 Final: LateCount=8, Amt=0, Days=0
[Admin-Bonus] SKIP: User 57, Rule Active=true, RuleMonth=2026-04, TargetMonth=2026-05
[2026-06-04T07:30:17.102Z] [Late-Dbg] User 58 Final: LateCount=0, Amt=0, Days=0
[Admin-Bonus] SKIP: User 58, Rule Active=true, RuleMonth=2026-04, TargetMonth=2026-05
[2026-06-04T07:30:17.170Z] [Late-Dbg] User 59 Final: LateCount=2, Amt=1129.03, Days=1
[2026-06-04T07:30:17.286Z] [Late-Dbg] User 61 Final: LateCount=0, Amt=0, Days=0
[2026-06-04T07:30:17.331Z] [Late-Dbg] User 62 Final: LateCount=0, Amt=0, Days=0
[2026-06-04T07:30:17.375Z] [Late-Dbg] User 63 Final: LateCount=2, Amt=40, Days=0.04
[2026-06-04T07:30:17.418Z] [Late-Dbg] User 64 Final: LateCount=0, Amt=0, Days=0
[2026-06-04T07:30:17.459Z] [Late-Dbg] User 65 Final: LateCount=2, Amt=30, Days=0.03
[2026-06-04T07:30:17.518Z] [Late-Dbg] User 68 Final: LateCount=0, Amt=0, Days=0
[2026-06-04T07:30:17.616Z] [Late-Dbg] User 69 Final: LateCount=5, Amt=0, Days=0
[2026-06-04T07:30:17.883Z] [Late-Dbg] User 70 Final: LateCount=0, Amt=0, Days=0
[2026-06-04T07:30:17.902Z] [Late-Dbg] User 98 Final: LateCount=0, Amt=0, Days=0
[2026-06-04T07:30:17.921Z] [Late-Dbg] User 99 Final: LateCount=0, Amt=0, Days=0
[2026-06-04T07:30:17.942Z] [Late-Dbg] User 100 Final: LateCount=0, Amt=0, Days=0
[2026-06-04T07:30:17.962Z] [Late-Dbg] User 101 Final: LateCount=0, Amt=0, Days=0
[2026-06-04T07:30:17.980Z] [Late-Dbg] User 102 Final: LateCount=0, Amt=0, Days=0
[2026-06-04T07:30:17.999Z] [Late-Dbg] User 103 Final: LateCount=0, Amt=0, Days=0
[2026-06-04T07:30:18.030Z] [Late-Dbg] User 104 Final: LateCount=0, Amt=0, Days=0
[2026-06-04T07:30:18.067Z] [Late-Dbg] User 105 Final: LateCount=0, Amt=0, Days=0
[2026-06-04T07:30:18.098Z] [Late-Dbg] User 106 Final: LateCount=0, Amt=0, Days=0
[2026-06-04T07:30:18.147Z] [Late-Dbg] User 107 Final: LateCount=0, Amt=0, Days=0
[2026-06-04T07:30:18.181Z] [Late-Dbg] User 108 Final: LateCount=0, Amt=0, Days=0
[2026-06-04T07:30:18.251Z] [Late-Dbg] User 109 Final: LateCount=1, Amt=0, Days=0
[2026-06-04T07:30:18.489Z] [Late-Dbg] User 182 Final: LateCount=1, Amt=30, Days=0.03
[2026-06-04T07:30:18.730Z] [Late-Dbg] User 185 Final: LateCount=0, Amt=0, Days=0
[2026-06-04T07:35:24.539Z] [Late-Dbg] User 57 Final: LateCount=8, Amt=0, Days=0
[Admin-Bonus] SKIP: User 57, Rule Active=true, RuleMonth=2026-04, TargetMonth=2026-05
[2026-06-04T07:35:24.779Z] [Late-Dbg] User 58 Final: LateCount=0, Amt=0, Days=0
[Admin-Bonus] SKIP: User 58, Rule Active=true, RuleMonth=2026-04, TargetMonth=2026-05
[2026-06-04T07:35:24.877Z] [Late-Dbg] User 59 Final: LateCount=2, Amt=1129.03, Days=1
[2026-06-04T07:35:25.038Z] [Late-Dbg] User 61 Final: LateCount=0, Amt=0, Days=0
[2026-06-04T07:35:25.097Z] [Late-Dbg] User 62 Final: LateCount=0, Amt=0, Days=0
[2026-06-04T07:35:25.162Z] [Late-Dbg] User 63 Final: LateCount=2, Amt=40, Days=0.04
[2026-06-04T07:35:25.225Z] [Late-Dbg] User 64 Final: LateCount=0, Amt=0, Days=0
[2026-06-04T07:35:25.277Z] [Late-Dbg] User 65 Final: LateCount=2, Amt=30, Days=0.03
[2026-06-04T07:35:25.354Z] [Late-Dbg] User 68 Final: LateCount=0, Amt=0, Days=0
[2026-06-04T07:35:25.488Z] [Late-Dbg] User 69 Final: LateCount=5, Amt=0, Days=0
[2026-06-04T07:35:25.845Z] [Late-Dbg] User 70 Final: LateCount=0, Amt=0, Days=0
[2026-06-04T07:35:25.867Z] [Late-Dbg] User 98 Final: LateCount=0, Amt=0, Days=0
[2026-06-04T07:35:25.886Z] [Late-Dbg] User 99 Final: LateCount=0, Amt=0, Days=0
[2026-06-04T07:35:25.903Z] [Late-Dbg] User 100 Final: LateCount=0, Amt=0, Days=0
[2026-06-04T07:35:25.922Z] [Late-Dbg] User 101 Final: LateCount=0, Amt=0, Days=0
[2026-06-04T07:35:25.941Z] [Late-Dbg] User 102 Final: LateCount=0, Amt=0, Days=0
[2026-06-04T07:35:25.963Z] [Late-Dbg] User 103 Final: LateCount=0, Amt=0, Days=0
[2026-06-04T07:35:25.990Z] [Late-Dbg] User 104 Final: LateCount=0, Amt=0, Days=0
[2026-06-04T07:35:26.029Z] [Late-Dbg] User 105 Final: LateCount=0, Amt=0, Days=0
[2026-06-04T07:35:26.055Z] [Late-Dbg] User 106 Final: LateCount=0, Amt=0, Days=0
[2026-06-04T07:35:26.097Z] [Late-Dbg] User 107 Final: LateCount=0, Amt=0, Days=0
[2026-06-04T07:35:26.133Z] [Late-Dbg] User 108 Final: LateCount=0, Amt=0, Days=0
[2026-06-04T07:35:26.255Z] [Late-Dbg] User 109 Final: LateCount=1, Amt=0, Days=0
[2026-06-04T07:35:26.415Z] [Late-Dbg] User 182 Final: LateCount=1, Amt=30, Days=0.03
[2026-06-04T07:35:26.663Z] [Late-Dbg] User 185 Final: LateCount=0, Amt=0, Days=0
[2026-06-04T07:38:09.958Z] [Late-Dbg] User 57 Final: LateCount=8, Amt=0, Days=0
[Admin-Bonus] SKIP: User 57, Rule Active=true, RuleMonth=2026-04, TargetMonth=2026-05
[2026-06-04T07:38:10.257Z] [Late-Dbg] User 58 Final: LateCount=0, Amt=0, Days=0
[Admin-Bonus] SKIP: User 58, Rule Active=true, RuleMonth=2026-04, TargetMonth=2026-05
[2026-06-04T07:38:10.331Z] [Late-Dbg] User 59 Final: LateCount=2, Amt=1166.67, Days=1
[2026-06-04T07:38:10.449Z] [Late-Dbg] User 61 Final: LateCount=0, Amt=0, Days=0
[2026-06-04T07:38:10.491Z] [Late-Dbg] User 62 Final: LateCount=0, Amt=0, Days=0
[2026-06-04T07:38:10.545Z] [Late-Dbg] User 63 Final: LateCount=2, Amt=40, Days=0.04
[2026-06-04T07:38:10.592Z] [Late-Dbg] User 64 Final: LateCount=0, Amt=0, Days=0
[2026-06-04T07:38:10.635Z] [Late-Dbg] User 65 Final: LateCount=2, Amt=30, Days=0.03
[2026-06-04T07:38:10.704Z] [Late-Dbg] User 68 Final: LateCount=0, Amt=0, Days=0
[2026-06-04T07:38:10.823Z] [Late-Dbg] User 69 Final: LateCount=5, Amt=0, Days=0
[2026-06-04T07:38:11.103Z] [Late-Dbg] User 70 Final: LateCount=0, Amt=0, Days=0
[2026-06-04T07:38:11.125Z] [Late-Dbg] User 98 Final: LateCount=0, Amt=0, Days=0
[2026-06-04T07:38:11.150Z] [Late-Dbg] User 99 Final: LateCount=0, Amt=0, Days=0
[2026-06-04T07:38:11.170Z] [Late-Dbg] User 100 Final: LateCount=0, Amt=0, Days=0
[2026-06-04T07:38:11.189Z] [Late-Dbg] User 101 Final: LateCount=0, Amt=0, Days=0
[2026-06-04T07:38:11.211Z] [Late-Dbg] User 102 Final: LateCount=0, Amt=0, Days=0
[2026-06-04T07:38:11.233Z] [Late-Dbg] User 103 Final: LateCount=0, Amt=0, Days=0
[2026-06-04T07:38:11.263Z] [Late-Dbg] User 104 Final: LateCount=0, Amt=0, Days=0
[2026-06-04T07:38:11.305Z] [Late-Dbg] User 105 Final: LateCount=0, Amt=0, Days=0
[2026-06-04T07:38:11.335Z] [Late-Dbg] User 106 Final: LateCount=0, Amt=0, Days=0
[2026-06-04T07:38:11.378Z] [Late-Dbg] User 107 Final: LateCount=0, Amt=0, Days=0
[2026-06-04T07:38:11.415Z] [Late-Dbg] User 108 Final: LateCount=0, Amt=0, Days=0
[2026-06-04T07:38:11.486Z] [Late-Dbg] User 109 Final: LateCount=1, Amt=0, Days=0
[2026-06-04T07:38:11.642Z] [Late-Dbg] User 182 Final: LateCount=1, Amt=30, Days=0.03
[2026-06-04T07:38:11.900Z] [Late-Dbg] User 185 Final: LateCount=0, Amt=0, Days=0
[2026-06-04T07:39:33.222Z] [Late-Dbg] User 57 Final: LateCount=8, Amt=0, Days=0
[Admin-Bonus] SKIP: User 57, Rule Active=true, RuleMonth=2026-04, TargetMonth=2026-05
[2026-06-04T07:39:33.539Z] [Late-Dbg] User 58 Final: LateCount=0, Amt=0, Days=0
[Admin-Bonus] SKIP: User 58, Rule Active=true, RuleMonth=2026-04, TargetMonth=2026-05
[2026-06-04T07:39:33.611Z] [Late-Dbg] User 59 Final: LateCount=2, Amt=1129.03, Days=1
[2026-06-04T07:39:33.727Z] [Late-Dbg] User 61 Final: LateCount=0, Amt=0, Days=0
[2026-06-04T07:39:33.773Z] [Late-Dbg] User 62 Final: LateCount=0, Amt=0, Days=0
[2026-06-04T07:39:33.832Z] [Late-Dbg] User 63 Final: LateCount=2, Amt=40, Days=0.04
[2026-06-04T07:39:33.881Z] [Late-Dbg] User 64 Final: LateCount=0, Amt=0, Days=0
[2026-06-04T07:39:33.919Z] [Late-Dbg] User 65 Final: LateCount=2, Amt=30, Days=0.03
[2026-06-04T07:39:34.000Z] [Late-Dbg] User 68 Final: LateCount=0, Amt=0, Days=0
[2026-06-04T07:39:34.104Z] [Late-Dbg] User 69 Final: LateCount=5, Amt=0, Days=0
[2026-06-04T07:39:34.383Z] [Late-Dbg] User 70 Final: LateCount=0, Amt=0, Days=0
[2026-06-04T07:39:34.402Z] [Late-Dbg] User 98 Final: LateCount=0, Amt=0, Days=0
[2026-06-04T07:39:34.422Z] [Late-Dbg] User 99 Final: LateCount=0, Amt=0, Days=0
[2026-06-04T07:39:34.448Z] [Late-Dbg] User 100 Final: LateCount=0, Amt=0, Days=0
[2026-06-04T07:39:34.469Z] [Late-Dbg] User 101 Final: LateCount=0, Amt=0, Days=0
[2026-06-04T07:39:34.490Z] [Late-Dbg] User 102 Final: LateCount=0, Amt=0, Days=0
[2026-06-04T07:39:34.514Z] [Late-Dbg] User 103 Final: LateCount=0, Amt=0, Days=0
[2026-06-04T07:39:34.540Z] [Late-Dbg] User 104 Final: LateCount=0, Amt=0, Days=0
[2026-06-04T07:39:34.580Z] [Late-Dbg] User 105 Final: LateCount=0, Amt=0, Days=0
[2026-06-04T07:39:34.608Z] [Late-Dbg] User 106 Final: LateCount=0, Amt=0, Days=0
[2026-06-04T07:39:34.650Z] [Late-Dbg] User 107 Final: LateCount=0, Amt=0, Days=0
[2026-06-04T07:39:34.686Z] [Late-Dbg] User 108 Final: LateCount=0, Amt=0, Days=0
[2026-06-04T07:39:34.756Z] [Late-Dbg] User 109 Final: LateCount=1, Amt=0, Days=0
[2026-06-04T07:39:34.914Z] [Late-Dbg] User 182 Final: LateCount=1, Amt=30, Days=0.03
[2026-06-04T07:39:35.166Z] [Late-Dbg] User 185 Final: LateCount=0, Amt=0, Days=0
[2026-06-04T07:39:51.199Z] [Late-Dbg] User 57 Final: LateCount=8, Amt=0, Days=0
[Admin-Bonus] SKIP: User 57, Rule Active=true, RuleMonth=2026-04, TargetMonth=2026-05
[2026-06-04T07:39:51.534Z] [Late-Dbg] User 58 Final: LateCount=0, Amt=0, Days=0
[Admin-Bonus] SKIP: User 58, Rule Active=true, RuleMonth=2026-04, TargetMonth=2026-05
[2026-06-04T07:39:51.612Z] [Late-Dbg] User 59 Final: LateCount=2, Amt=1129.03, Days=1
[2026-06-04T07:39:51.732Z] [Late-Dbg] User 61 Final: LateCount=0, Amt=0, Days=0
[2026-06-04T07:39:51.772Z] [Late-Dbg] User 62 Final: LateCount=0, Amt=0, Days=0
[2026-06-04T07:39:51.819Z] [Late-Dbg] User 63 Final: LateCount=2, Amt=40, Days=0.04
[2026-06-04T07:39:51.866Z] [Late-Dbg] User 64 Final: LateCount=0, Amt=0, Days=0
[2026-06-04T07:39:51.903Z] [Late-Dbg] User 65 Final: LateCount=2, Amt=30, Days=0.03
[2026-06-04T07:39:51.968Z] [Late-Dbg] User 68 Final: LateCount=0, Amt=0, Days=0
[2026-06-04T07:39:52.077Z] [Late-Dbg] User 69 Final: LateCount=5, Amt=0, Days=0
[2026-06-04T07:39:52.347Z] [Late-Dbg] User 70 Final: LateCount=0, Amt=0, Days=0
[2026-06-04T07:39:52.367Z] [Late-Dbg] User 98 Final: LateCount=0, Amt=0, Days=0
[2026-06-04T07:39:52.386Z] [Late-Dbg] User 99 Final: LateCount=0, Amt=0, Days=0
[2026-06-04T07:39:52.406Z] [Late-Dbg] User 100 Final: LateCount=0, Amt=0, Days=0
[2026-06-04T07:39:52.430Z] [Late-Dbg] User 101 Final: LateCount=0, Amt=0, Days=0
[2026-06-04T07:39:52.449Z] [Late-Dbg] User 102 Final: LateCount=0, Amt=0, Days=0
[2026-06-04T07:39:52.467Z] [Late-Dbg] User 103 Final: LateCount=0, Amt=0, Days=0
[2026-06-04T07:39:52.496Z] [Late-Dbg] User 104 Final: LateCount=0, Amt=0, Days=0
[2026-06-04T07:39:52.531Z] [Late-Dbg] User 105 Final: LateCount=0, Amt=0, Days=0
[2026-06-04T07:39:52.555Z] [Late-Dbg] User 106 Final: LateCount=0, Amt=0, Days=0
[2026-06-04T07:39:52.600Z] [Late-Dbg] User 107 Final: LateCount=0, Amt=0, Days=0
[2026-06-04T07:39:52.636Z] [Late-Dbg] User 108 Final: LateCount=0, Amt=0, Days=0
[2026-06-04T07:39:52.714Z] [Late-Dbg] User 109 Final: LateCount=1, Amt=0, Days=0
[2026-06-04T07:39:52.867Z] [Late-Dbg] User 182 Final: LateCount=1, Amt=30, Days=0.03
[2026-06-04T07:39:53.114Z] [Late-Dbg] User 185 Final: LateCount=0, Amt=0, Days=0
[2026-06-04T07:42:09.982Z] [Late-Dbg] User 57 Final: LateCount=8, Amt=0, Days=0
[Admin-Bonus] SKIP: User 57, Rule Active=true, RuleMonth=2026-04, TargetMonth=2026-05
[2026-06-04T07:42:10.179Z] [Late-Dbg] User 58 Final: LateCount=0, Amt=0, Days=0
[Admin-Bonus] SKIP: User 58, Rule Active=true, RuleMonth=2026-04, TargetMonth=2026-05
[2026-06-04T07:42:10.244Z] [Late-Dbg] User 59 Final: LateCount=2, Amt=1129.03, Days=1
[2026-06-04T07:42:10.351Z] [Late-Dbg] User 61 Final: LateCount=0, Amt=0, Days=0
[2026-06-04T07:42:10.395Z] [Late-Dbg] User 62 Final: LateCount=0, Amt=0, Days=0
[2026-06-04T07:42:10.441Z] [Late-Dbg] User 63 Final: LateCount=2, Amt=40, Days=0.04
[2026-06-04T07:42:10.485Z] [Late-Dbg] User 64 Final: LateCount=0, Amt=0, Days=0
[2026-06-04T07:42:10.526Z] [Late-Dbg] User 65 Final: LateCount=2, Amt=30, Days=0.03
[2026-06-04T07:42:10.597Z] [Late-Dbg] User 68 Final: LateCount=0, Amt=0, Days=0
[2026-06-04T07:42:10.697Z] [Late-Dbg] User 69 Final: LateCount=5, Amt=0, Days=0
[2026-06-04T07:42:10.957Z] [Late-Dbg] User 70 Final: LateCount=0, Amt=0, Days=0
[2026-06-04T07:42:10.978Z] [Late-Dbg] User 98 Final: LateCount=0, Amt=0, Days=0
[2026-06-04T07:42:10.999Z] [Late-Dbg] User 99 Final: LateCount=0, Amt=0, Days=0
[2026-06-04T07:42:11.019Z] [Late-Dbg] User 100 Final: LateCount=0, Amt=0, Days=0
[2026-06-04T07:42:11.040Z] [Late-Dbg] User 101 Final: LateCount=0, Amt=0, Days=0
[2026-06-04T07:42:11.062Z] [Late-Dbg] User 102 Final: LateCount=0, Amt=0, Days=0
[2026-06-04T07:42:11.081Z] [Late-Dbg] User 103 Final: LateCount=0, Amt=0, Days=0
[2026-06-04T07:42:11.103Z] [Late-Dbg] User 104 Final: LateCount=0, Amt=0, Days=0
[2026-06-04T07:42:11.138Z] [Late-Dbg] User 105 Final: LateCount=0, Amt=0, Days=0
[2026-06-04T07:42:11.167Z] [Late-Dbg] User 106 Final: LateCount=0, Amt=0, Days=0
[2026-06-04T07:42:11.208Z] [Late-Dbg] User 107 Final: LateCount=0, Amt=0, Days=0
[2026-06-04T07:42:11.243Z] [Late-Dbg] User 108 Final: LateCount=0, Amt=0, Days=0
[2026-06-04T07:42:11.311Z] [Late-Dbg] User 109 Final: LateCount=1, Amt=0, Days=0
[2026-06-04T07:42:11.489Z] [Late-Dbg] User 182 Final: LateCount=1, Amt=30, Days=0.03
[2026-06-04T07:42:11.734Z] [Late-Dbg] User 185 Final: LateCount=0, Amt=0, Days=0
[2026-06-04T07:56:09.468Z] [Late-Dbg] User 57 Final: LateCount=0, Amt=0, Days=0
[Admin-Bonus] SKIP: User 57, Rule Active=true, RuleMonth=2026-04, TargetMonth=2026-06
[2026-06-04T07:56:09.571Z] [Late-Dbg] User 58 Final: LateCount=0, Amt=0, Days=0
[Admin-Bonus] SKIP: User 58, Rule Active=true, RuleMonth=2026-04, TargetMonth=2026-06
[2026-06-04T07:56:09.685Z] [Late-Dbg] User 59 Final: LateCount=0, Amt=0, Days=0
[2026-06-04T07:56:09.735Z] [Late-Dbg] User 61 Final: LateCount=0, Amt=0, Days=0
[2026-06-04T07:56:09.786Z] [Late-Dbg] User 62 Final: LateCount=0, Amt=0, Days=0
[2026-06-04T07:56:09.842Z] [Late-Dbg] User 63 Final: LateCount=0, Amt=0, Days=0
[2026-06-04T07:56:09.902Z] [Late-Dbg] User 64 Final: LateCount=0, Amt=0, Days=0
[2026-06-04T07:56:09.992Z] [Late-Dbg] User 65 Final: LateCount=0, Amt=0, Days=0
[2026-06-04T07:56:10.137Z] [Late-Dbg] User 68 Final: LateCount=0, Amt=0, Days=0
[2026-06-04T07:56:10.245Z] [Late-Dbg] User 69 Final: LateCount=1, Amt=0, Days=0
[2026-06-04T07:56:10.405Z] [Late-Dbg] User 70 Final: LateCount=0, Amt=0, Days=0
[2026-06-04T07:56:10.460Z] [Late-Dbg] User 98 Final: LateCount=0, Amt=0, Days=0
[2026-06-04T07:56:10.511Z] [Late-Dbg] User 99 Final: LateCount=0, Amt=0, Days=0
[2026-06-04T07:56:10.587Z] [Late-Dbg] User 100 Final: LateCount=0, Amt=0, Days=0
[2026-06-04T07:56:10.631Z] [Late-Dbg] User 101 Final: LateCount=0, Amt=0, Days=0
[2026-06-04T07:56:10.669Z] [Late-Dbg] User 102 Final: LateCount=0, Amt=0, Days=0
[2026-06-04T07:56:10.709Z] [Late-Dbg] User 103 Final: LateCount=0, Amt=0, Days=0
[2026-06-04T07:56:10.740Z] [Late-Dbg] User 104 Final: LateCount=0, Amt=0, Days=0
[2026-06-04T07:56:10.766Z] [Late-Dbg] User 105 Final: LateCount=0, Amt=0, Days=0
[2026-06-04T07:56:10.796Z] [Late-Dbg] User 106 Final: LateCount=0, Amt=0, Days=0
[2026-06-04T07:56:10.839Z] [Late-Dbg] User 107 Final: LateCount=0, Amt=0, Days=0
[2026-06-04T07:56:10.884Z] [Late-Dbg] User 108 Final: LateCount=0, Amt=0, Days=0
[2026-06-04T07:56:10.930Z] [Late-Dbg] User 109 Final: LateCount=0, Amt=0, Days=0
[2026-06-04T07:56:10.988Z] [Late-Dbg] User 182 Final: LateCount=0, Amt=0, Days=0
[2026-06-04T07:56:11.065Z] [Late-Dbg] User 185 Final: LateCount=0, Amt=0, Days=0
[2026-06-04T07:56:43.466Z] [Late-Dbg] User 57 Final: LateCount=8, Amt=0, Days=0
[Admin-Bonus] SKIP: User 57, Rule Active=true, RuleMonth=2026-04, TargetMonth=2026-05
[2026-06-04T07:56:43.918Z] [Late-Dbg] User 58 Final: LateCount=0, Amt=0, Days=0
[Admin-Bonus] SKIP: User 58, Rule Active=true, RuleMonth=2026-04, TargetMonth=2026-05
[2026-06-04T07:56:44.062Z] [Late-Dbg] User 59 Final: LateCount=2, Amt=1129.03, Days=1
[2026-06-04T07:56:44.311Z] [Late-Dbg] User 61 Final: LateCount=0, Amt=0, Days=0
[2026-06-04T07:56:44.399Z] [Late-Dbg] User 62 Final: LateCount=0, Amt=0, Days=0
[2026-06-04T07:56:44.492Z] [Late-Dbg] User 63 Final: LateCount=2, Amt=40, Days=0.04
[2026-06-04T07:56:44.604Z] [Late-Dbg] User 64 Final: LateCount=0, Amt=0, Days=0
[2026-06-04T07:56:44.691Z] [Late-Dbg] User 65 Final: LateCount=2, Amt=30, Days=0.03
[2026-06-04T07:56:44.812Z] [Late-Dbg] User 68 Final: LateCount=0, Amt=0, Days=0
[2026-06-04T07:56:45.040Z] [Late-Dbg] User 69 Final: LateCount=5, Amt=0, Days=0
[2026-06-04T07:56:45.581Z] [Late-Dbg] User 70 Final: LateCount=0, Amt=0, Days=0
[2026-06-04T07:56:45.624Z] [Late-Dbg] User 98 Final: LateCount=0, Amt=0, Days=0
[2026-06-04T07:56:45.666Z] [Late-Dbg] User 99 Final: LateCount=0, Amt=0, Days=0
[2026-06-04T07:56:45.704Z] [Late-Dbg] User 100 Final: LateCount=0, Amt=0, Days=0
[2026-06-04T07:56:45.751Z] [Late-Dbg] User 101 Final: LateCount=0, Amt=0, Days=0
[2026-06-04T07:56:45.785Z] [Late-Dbg] User 102 Final: LateCount=0, Amt=0, Days=0
[2026-06-04T07:56:45.851Z] [Late-Dbg] User 103 Final: LateCount=0, Amt=0, Days=0
[2026-06-04T07:56:45.943Z] [Late-Dbg] User 104 Final: LateCount=0, Amt=0, Days=0
[2026-06-04T07:56:46.055Z] [Late-Dbg] User 105 Final: LateCount=0, Amt=0, Days=0
[2026-06-04T07:56:46.144Z] [Late-Dbg] User 106 Final: LateCount=0, Amt=0, Days=0
[2026-06-04T07:56:46.287Z] [Late-Dbg] User 107 Final: LateCount=0, Amt=0, Days=0
[2026-06-04T07:56:46.394Z] [Late-Dbg] User 108 Final: LateCount=0, Amt=0, Days=0
[2026-06-04T07:56:46.608Z] [Late-Dbg] User 109 Final: LateCount=1, Amt=0, Days=0
[2026-06-04T07:56:47.083Z] [Late-Dbg] User 182 Final: LateCount=1, Amt=30, Days=0.03
[2026-06-04T07:56:48.010Z] [Late-Dbg] User 185 Final: LateCount=0, Amt=0, Days=0
[2026-06-04T07:57:23.372Z] [Late-Dbg] User 57 Final: LateCount=8, Amt=0, Days=0
[Admin-Bonus] SKIP: User 57, Rule Active=true, RuleMonth=2026-04, TargetMonth=2026-05
[2026-06-04T07:57:23.800Z] [Late-Dbg] User 58 Final: LateCount=0, Amt=0, Days=0
[Admin-Bonus] SKIP: User 58, Rule Active=true, RuleMonth=2026-04, TargetMonth=2026-05
[2026-06-04T07:57:23.943Z] [Late-Dbg] User 59 Final: LateCount=2, Amt=1129.03, Days=1
[2026-06-04T07:57:24.191Z] [Late-Dbg] User 61 Final: LateCount=0, Amt=0, Days=0
[2026-06-04T07:57:24.291Z] [Late-Dbg] User 62 Final: LateCount=0, Amt=0, Days=0
[2026-06-04T07:57:24.393Z] [Late-Dbg] User 63 Final: LateCount=2, Amt=40, Days=0.04
[2026-06-04T07:57:24.498Z] [Late-Dbg] User 64 Final: LateCount=0, Amt=0, Days=0
[2026-06-04T07:57:24.574Z] [Late-Dbg] User 65 Final: LateCount=2, Amt=30, Days=0.03
[2026-06-04T07:57:24.714Z] [Late-Dbg] User 68 Final: LateCount=0, Amt=0, Days=0
[2026-06-04T07:57:24.933Z] [Late-Dbg] User 69 Final: LateCount=5, Amt=0, Days=0
[2026-06-04T07:57:25.441Z] [Late-Dbg] User 70 Final: LateCount=0, Amt=0, Days=0
[2026-06-04T07:57:25.484Z] [Late-Dbg] User 98 Final: LateCount=0, Amt=0, Days=0
[2026-06-04T07:57:25.528Z] [Late-Dbg] User 99 Final: LateCount=0, Amt=0, Days=0
[2026-06-04T07:57:25.571Z] [Late-Dbg] User 100 Final: LateCount=0, Amt=0, Days=0
[2026-06-04T07:57:25.615Z] [Late-Dbg] User 101 Final: LateCount=0, Amt=0, Days=0
[2026-06-04T07:57:25.658Z] [Late-Dbg] User 102 Final: LateCount=0, Amt=0, Days=0
[2026-06-04T07:57:25.702Z] [Late-Dbg] User 103 Final: LateCount=0, Amt=0, Days=0
[2026-06-04T07:57:25.762Z] [Late-Dbg] User 104 Final: LateCount=0, Amt=0, Days=0
[2026-06-04T07:57:25.828Z] [Late-Dbg] User 105 Final: LateCount=0, Amt=0, Days=0
[2026-06-04T07:57:25.889Z] [Late-Dbg] User 106 Final: LateCount=0, Amt=0, Days=0
[2026-06-04T07:57:25.969Z] [Late-Dbg] User 107 Final: LateCount=0, Amt=0, Days=0
[2026-06-04T07:57:26.041Z] [Late-Dbg] User 108 Final: LateCount=0, Amt=0, Days=0
[2026-06-04T07:57:26.180Z] [Late-Dbg] User 109 Final: LateCount=1, Amt=0, Days=0
[2026-06-04T07:57:26.474Z] [Late-Dbg] User 182 Final: LateCount=1, Amt=30, Days=0.03
[2026-06-04T07:57:26.942Z] [Late-Dbg] User 185 Final: LateCount=0, Amt=0, Days=0
[2026-06-04T07:57:38.195Z] [Late-Dbg] User 57 Final: LateCount=0, Amt=0, Days=0
[Admin-Bonus] SKIP: User 57, Rule Active=true, RuleMonth=2026-04, TargetMonth=2026-06
[2026-06-04T07:57:38.411Z] [Late-Dbg] User 58 Final: LateCount=0, Amt=0, Days=0
[Admin-Bonus] SKIP: User 58, Rule Active=true, RuleMonth=2026-04, TargetMonth=2026-06
[2026-06-04T07:57:38.489Z] [Late-Dbg] User 59 Final: LateCount=0, Amt=0, Days=0
[2026-06-04T07:57:38.524Z] [Late-Dbg] User 61 Final: LateCount=0, Amt=0, Days=0
[2026-06-04T07:57:38.557Z] [Late-Dbg] User 62 Final: LateCount=0, Amt=0, Days=0
[2026-06-04T07:57:38.597Z] [Late-Dbg] User 63 Final: LateCount=0, Amt=0, Days=0
[2026-06-04T07:57:38.643Z] [Late-Dbg] User 64 Final: LateCount=0, Amt=0, Days=0
[2026-06-04T07:57:38.714Z] [Late-Dbg] User 65 Final: LateCount=0, Amt=0, Days=0
[2026-06-04T07:57:38.826Z] [Late-Dbg] User 68 Final: LateCount=0, Amt=0, Days=0
[2026-06-04T07:57:38.907Z] [Late-Dbg] User 69 Final: LateCount=1, Amt=0, Days=0
[2026-06-04T07:57:39.026Z] [Late-Dbg] User 70 Final: LateCount=0, Amt=0, Days=0
[2026-06-04T07:57:39.072Z] [Late-Dbg] User 98 Final: LateCount=0, Amt=0, Days=0
[2026-06-04T07:57:39.136Z] [Late-Dbg] User 99 Final: LateCount=0, Amt=0, Days=0
[2026-06-04T07:57:39.182Z] [Late-Dbg] User 100 Final: LateCount=0, Amt=0, Days=0
[2026-06-04T07:57:39.223Z] [Late-Dbg] User 101 Final: LateCount=0, Amt=0, Days=0
[2026-06-04T07:57:39.264Z] [Late-Dbg] User 102 Final: LateCount=0, Amt=0, Days=0
[2026-06-04T07:57:39.308Z] [Late-Dbg] User 103 Final: LateCount=0, Amt=0, Days=0
[2026-06-04T07:57:39.353Z] [Late-Dbg] User 104 Final: LateCount=0, Amt=0, Days=0
[2026-06-04T07:57:39.399Z] [Late-Dbg] User 105 Final: LateCount=0, Amt=0, Days=0
[2026-06-04T07:57:39.439Z] [Late-Dbg] User 106 Final: LateCount=0, Amt=0, Days=0
[2026-06-04T07:57:39.483Z] [Late-Dbg] User 107 Final: LateCount=0, Amt=0, Days=0
[2026-06-04T07:57:39.515Z] [Late-Dbg] User 108 Final: LateCount=0, Amt=0, Days=0
[2026-06-04T07:57:39.568Z] [Late-Dbg] User 109 Final: LateCount=0, Amt=0, Days=0
[2026-06-04T07:57:39.629Z] [Late-Dbg] User 182 Final: LateCount=0, Amt=0, Days=0
[2026-06-04T07:57:39.703Z] [Late-Dbg] User 185 Final: LateCount=0, Amt=0, Days=0
[2026-06-04T09:44:21.404Z] [Late-Dbg] User 57 Final: LateCount=0, Amt=0, Days=0
[Admin-Bonus] SKIP: User 57, Rule Active=true, RuleMonth=2026-04, TargetMonth=2026-06
[2026-06-04T09:44:21.500Z] [Late-Dbg] User 58 Final: LateCount=0, Amt=0, Days=0
[Admin-Bonus] SKIP: User 58, Rule Active=true, RuleMonth=2026-04, TargetMonth=2026-06
[2026-06-04T09:44:21.600Z] [Late-Dbg] User 59 Final: LateCount=0, Amt=0, Days=0
[2026-06-04T09:44:21.648Z] [Late-Dbg] User 61 Final: LateCount=0, Amt=0, Days=0
[2026-06-04T09:44:21.683Z] [Late-Dbg] User 62 Final: LateCount=0, Amt=0, Days=0
[2026-06-04T09:44:21.714Z] [Late-Dbg] User 63 Final: LateCount=0, Amt=0, Days=0
[2026-06-04T09:44:21.746Z] [Late-Dbg] User 64 Final: LateCount=0, Amt=0, Days=0
[2026-06-04T09:44:21.790Z] [Late-Dbg] User 65 Final: LateCount=0, Amt=0, Days=0
[2026-06-04T09:44:21.849Z] [Late-Dbg] User 68 Final: LateCount=0, Amt=0, Days=0
[2026-06-04T09:44:21.906Z] [Late-Dbg] User 69 Final: LateCount=1, Amt=0, Days=0
[2026-06-04T09:44:22.007Z] [Late-Dbg] User 70 Final: LateCount=0, Amt=0, Days=0
[2026-06-04T09:44:22.042Z] [Late-Dbg] User 98 Final: LateCount=0, Amt=0, Days=0
[2026-06-04T09:44:22.067Z] [Late-Dbg] User 99 Final: LateCount=0, Amt=0, Days=0
[2026-06-04T09:44:22.093Z] [Late-Dbg] User 100 Final: LateCount=0, Amt=0, Days=0
[2026-06-04T09:44:22.116Z] [Late-Dbg] User 101 Final: LateCount=0, Amt=0, Days=0
[2026-06-04T09:44:22.143Z] [Late-Dbg] User 102 Final: LateCount=0, Amt=0, Days=0
[2026-06-04T09:44:22.168Z] [Late-Dbg] User 103 Final: LateCount=0, Amt=0, Days=0
[2026-06-04T09:44:22.193Z] [Late-Dbg] User 104 Final: LateCount=0, Amt=0, Days=0
[2026-06-04T09:44:22.217Z] [Late-Dbg] User 105 Final: LateCount=0, Amt=0, Days=0
[2026-06-04T09:44:22.242Z] [Late-Dbg] User 106 Final: LateCount=0, Amt=0, Days=0
[2026-06-04T09:44:22.264Z] [Late-Dbg] User 107 Final: LateCount=0, Amt=0, Days=0
[2026-06-04T09:44:22.289Z] [Late-Dbg] User 108 Final: LateCount=0, Amt=0, Days=0
[2026-06-04T09:44:22.315Z] [Late-Dbg] User 109 Final: LateCount=0, Amt=0, Days=0
[2026-06-04T09:44:22.352Z] [Late-Dbg] User 182 Final: LateCount=0, Amt=0, Days=0
[2026-06-04T09:44:22.400Z] [Late-Dbg] User 185 Final: LateCount=0, Amt=0, Days=0
[2026-06-04T09:44:51.407Z] [Late-Dbg] User 57 Final: LateCount=0, Amt=0, Days=0
[Admin-Bonus] SKIP: User 57, Rule Active=true, RuleMonth=2026-04, TargetMonth=2026-06
[2026-06-04T09:44:51.469Z] [Late-Dbg] User 58 Final: LateCount=0, Amt=0, Days=0
[Admin-Bonus] SKIP: User 58, Rule Active=true, RuleMonth=2026-04, TargetMonth=2026-06
[2026-06-04T09:44:51.546Z] [Late-Dbg] User 59 Final: LateCount=0, Amt=0, Days=0
[2026-06-04T09:44:51.588Z] [Late-Dbg] User 61 Final: LateCount=0, Amt=0, Days=0
[2026-06-04T09:44:51.625Z] [Late-Dbg] User 62 Final: LateCount=0, Amt=0, Days=0
[2026-06-04T09:44:51.663Z] [Late-Dbg] User 63 Final: LateCount=0, Amt=0, Days=0
[2026-06-04T09:44:51.704Z] [Late-Dbg] User 64 Final: LateCount=0, Amt=0, Days=0
[2026-06-04T09:44:51.743Z] [Late-Dbg] User 65 Final: LateCount=0, Amt=0, Days=0
[2026-06-04T09:44:51.784Z] [Late-Dbg] User 68 Final: LateCount=0, Amt=0, Days=0
[2026-06-04T09:44:51.852Z] [Late-Dbg] User 69 Final: LateCount=1, Amt=0, Days=0
[2026-06-04T09:44:51.945Z] [Late-Dbg] User 70 Final: LateCount=0, Amt=0, Days=0
[2026-06-04T09:44:51.978Z] [Late-Dbg] User 98 Final: LateCount=0, Amt=0, Days=0
[2026-06-04T09:44:52.012Z] [Late-Dbg] User 99 Final: LateCount=0, Amt=0, Days=0
[2026-06-04T09:44:52.044Z] [Late-Dbg] User 100 Final: LateCount=0, Amt=0, Days=0
[2026-06-04T09:44:52.075Z] [Late-Dbg] User 101 Final: LateCount=0, Amt=0, Days=0
[2026-06-04T09:44:52.107Z] [Late-Dbg] User 102 Final: LateCount=0, Amt=0, Days=0
[2026-06-04T09:44:52.135Z] [Late-Dbg] User 103 Final: LateCount=0, Amt=0, Days=0
[2026-06-04T09:44:52.166Z] [Late-Dbg] User 104 Final: LateCount=0, Amt=0, Days=0
[2026-06-04T09:44:52.195Z] [Late-Dbg] User 105 Final: LateCount=0, Amt=0, Days=0
[2026-06-04T09:44:52.223Z] [Late-Dbg] User 106 Final: LateCount=0, Amt=0, Days=0
[2026-06-04T09:44:52.251Z] [Late-Dbg] User 107 Final: LateCount=0, Amt=0, Days=0
[2026-06-04T09:44:52.283Z] [Late-Dbg] User 108 Final: LateCount=0, Amt=0, Days=0
[2026-06-04T09:44:52.314Z] [Late-Dbg] User 109 Final: LateCount=0, Amt=0, Days=0
[2026-06-04T09:44:52.349Z] [Late-Dbg] User 182 Final: LateCount=0, Amt=0, Days=0
[2026-06-04T09:44:52.398Z] [Late-Dbg] User 185 Final: LateCount=0, Amt=0, Days=0
[2026-06-04T10:03:26.199Z] [Late-Dbg] User 57 Final: LateCount=0, Amt=0, Days=0
[Admin-Bonus] SKIP: User 57, Rule Active=true, RuleMonth=2026-04, TargetMonth=2026-06
[2026-06-04T10:03:26.271Z] [Late-Dbg] User 58 Final: LateCount=0, Amt=0, Days=0
[Admin-Bonus] SKIP: User 58, Rule Active=true, RuleMonth=2026-04, TargetMonth=2026-06
[2026-06-04T10:03:26.354Z] [Late-Dbg] User 59 Final: LateCount=0, Amt=0, Days=0
[2026-06-04T10:03:26.397Z] [Late-Dbg] User 61 Final: LateCount=0, Amt=0, Days=0
[2026-06-04T10:03:26.441Z] [Late-Dbg] User 62 Final: LateCount=0, Amt=0, Days=0
[2026-06-04T10:03:26.488Z] [Late-Dbg] User 63 Final: LateCount=0, Amt=0, Days=0
[2026-06-04T10:03:26.533Z] [Late-Dbg] User 64 Final: LateCount=0, Amt=0, Days=0
[2026-06-04T10:03:26.577Z] [Late-Dbg] User 65 Final: LateCount=0, Amt=0, Days=0
[2026-06-04T10:03:26.626Z] [Late-Dbg] User 68 Final: LateCount=0, Amt=0, Days=0
[2026-06-04T10:03:26.702Z] [Late-Dbg] User 69 Final: LateCount=1, Amt=0, Days=0
[2026-06-04T10:03:26.816Z] [Late-Dbg] User 70 Final: LateCount=0, Amt=0, Days=0
[2026-06-04T10:03:26.860Z] [Late-Dbg] User 98 Final: LateCount=0, Amt=0, Days=0
[2026-06-04T10:03:26.905Z] [Late-Dbg] User 99 Final: LateCount=0, Amt=0, Days=0
[2026-06-04T10:03:26.946Z] [Late-Dbg] User 100 Final: LateCount=0, Amt=0, Days=0
[2026-06-04T10:03:26.991Z] [Late-Dbg] User 101 Final: LateCount=0, Amt=0, Days=0
[2026-06-04T10:03:27.037Z] [Late-Dbg] User 102 Final: LateCount=0, Amt=0, Days=0
[2026-06-04T10:03:27.077Z] [Late-Dbg] User 103 Final: LateCount=0, Amt=0, Days=0
[2026-06-04T10:03:27.123Z] [Late-Dbg] User 104 Final: LateCount=0, Amt=0, Days=0
[2026-06-04T10:03:27.158Z] [Late-Dbg] User 105 Final: LateCount=0, Amt=0, Days=0
[2026-06-04T10:03:27.194Z] [Late-Dbg] User 106 Final: LateCount=0, Amt=0, Days=0
[2026-06-04T10:03:27.229Z] [Late-Dbg] User 107 Final: LateCount=0, Amt=0, Days=0
[2026-06-04T10:03:27.262Z] [Late-Dbg] User 108 Final: LateCount=0, Amt=0, Days=0
[2026-06-04T10:03:27.303Z] [Late-Dbg] User 109 Final: LateCount=0, Amt=0, Days=0
[2026-06-04T10:03:27.353Z] [Late-Dbg] User 182 Final: LateCount=0, Amt=0, Days=0
[2026-06-04T10:03:27.408Z] [Late-Dbg] User 185 Final: LateCount=0, Amt=0, Days=0
[2026-06-04T10:04:11.562Z] [Late-Dbg] User 57 Final: LateCount=0, Amt=0, Days=0
[Admin-Bonus] SKIP: User 57, Rule Active=true, RuleMonth=2026-04, TargetMonth=2026-06
[2026-06-04T10:04:11.625Z] [Late-Dbg] User 58 Final: LateCount=0, Amt=0, Days=0
[Admin-Bonus] SKIP: User 58, Rule Active=true, RuleMonth=2026-04, TargetMonth=2026-06
[2026-06-04T10:04:11.717Z] [Late-Dbg] User 59 Final: LateCount=0, Amt=0, Days=0
[2026-06-04T10:04:11.764Z] [Late-Dbg] User 61 Final: LateCount=0, Amt=0, Days=0
[2026-06-04T10:04:11.811Z] [Late-Dbg] User 62 Final: LateCount=0, Amt=0, Days=0
[2026-06-04T10:04:11.849Z] [Late-Dbg] User 63 Final: LateCount=0, Amt=0, Days=0
[2026-06-04T10:04:11.884Z] [Late-Dbg] User 64 Final: LateCount=0, Amt=0, Days=0
[2026-06-04T10:04:11.923Z] [Late-Dbg] User 65 Final: LateCount=0, Amt=0, Days=0
[2026-06-04T10:04:11.960Z] [Late-Dbg] User 68 Final: LateCount=0, Amt=0, Days=0
[2026-06-04T10:04:12.030Z] [Late-Dbg] User 69 Final: LateCount=1, Amt=0, Days=0
[2026-06-04T10:04:12.147Z] [Late-Dbg] User 70 Final: LateCount=0, Amt=0, Days=0
[2026-06-04T10:04:12.192Z] [Late-Dbg] User 98 Final: LateCount=0, Amt=0, Days=0
[2026-06-04T10:04:12.236Z] [Late-Dbg] User 99 Final: LateCount=0, Amt=0, Days=0
[2026-06-04T10:04:12.280Z] [Late-Dbg] User 100 Final: LateCount=0, Amt=0, Days=0
[2026-06-04T10:04:12.323Z] [Late-Dbg] User 101 Final: LateCount=0, Amt=0, Days=0
[2026-06-04T10:04:12.364Z] [Late-Dbg] User 102 Final: LateCount=0, Amt=0, Days=0
[2026-06-04T10:04:12.487Z] [Late-Dbg] User 103 Final: LateCount=0, Amt=0, Days=0
[2026-06-04T10:04:12.525Z] [Late-Dbg] User 104 Final: LateCount=0, Amt=0, Days=0
[2026-06-04T10:04:12.548Z] [Late-Dbg] User 105 Final: LateCount=0, Amt=0, Days=0
[2026-06-04T10:04:12.575Z] [Late-Dbg] User 106 Final: LateCount=0, Amt=0, Days=0
[2026-06-04T10:04:12.598Z] [Late-Dbg] User 107 Final: LateCount=0, Amt=0, Days=0
[2026-06-04T10:04:12.624Z] [Late-Dbg] User 108 Final: LateCount=0, Amt=0, Days=0
[2026-06-04T10:04:12.649Z] [Late-Dbg] User 109 Final: LateCount=0, Amt=0, Days=0
[2026-06-04T10:04:12.685Z] [Late-Dbg] User 182 Final: LateCount=0, Amt=0, Days=0
[2026-06-04T10:04:12.740Z] [Late-Dbg] User 185 Final: LateCount=0, Amt=0, Days=0
[2026-06-04T10:07:12.037Z] [Late-Dbg] User 57 Final: LateCount=0, Amt=0, Days=0
[Admin-Bonus] SKIP: User 57, Rule Active=true, RuleMonth=2026-04, TargetMonth=2026-06
[2026-06-04T10:07:12.107Z] [Late-Dbg] User 58 Final: LateCount=0, Amt=0, Days=0
[Admin-Bonus] SKIP: User 58, Rule Active=true, RuleMonth=2026-04, TargetMonth=2026-06
[2026-06-04T10:07:12.195Z] [Late-Dbg] User 59 Final: LateCount=0, Amt=0, Days=0
[2026-06-04T10:07:12.241Z] [Late-Dbg] User 61 Final: LateCount=0, Amt=0, Days=0
[2026-06-04T10:07:12.285Z] [Late-Dbg] User 62 Final: LateCount=0, Amt=0, Days=0
[2026-06-04T10:07:12.329Z] [Late-Dbg] User 63 Final: LateCount=0, Amt=0, Days=0
[2026-06-04T10:07:12.363Z] [Late-Dbg] User 64 Final: LateCount=0, Amt=0, Days=0
[2026-06-04T10:07:12.418Z] [Late-Dbg] User 65 Final: LateCount=0, Amt=0, Days=0
[2026-06-04T10:07:12.452Z] [Late-Dbg] User 68 Final: LateCount=0, Amt=0, Days=0
[2026-06-04T10:07:12.514Z] [Late-Dbg] User 69 Final: LateCount=1, Amt=0, Days=0
[2026-06-04T10:07:12.603Z] [Late-Dbg] User 70 Final: LateCount=0, Amt=0, Days=0
[2026-06-04T10:07:12.634Z] [Late-Dbg] User 98 Final: LateCount=0, Amt=0, Days=0
[2026-06-04T10:07:12.667Z] [Late-Dbg] User 99 Final: LateCount=0, Amt=0, Days=0
[2026-06-04T10:07:12.699Z] [Late-Dbg] User 100 Final: LateCount=0, Amt=0, Days=0
[2026-06-04T10:07:12.735Z] [Late-Dbg] User 101 Final: LateCount=0, Amt=0, Days=0
[2026-06-04T10:07:12.766Z] [Late-Dbg] User 102 Final: LateCount=0, Amt=0, Days=0
[2026-06-04T10:07:12.798Z] [Late-Dbg] User 103 Final: LateCount=0, Amt=0, Days=0
[2026-06-04T10:07:12.834Z] [Late-Dbg] User 104 Final: LateCount=0, Amt=0, Days=0
[2026-06-04T10:07:12.864Z] [Late-Dbg] User 105 Final: LateCount=0, Amt=0, Days=0
[2026-06-04T10:07:12.894Z] [Late-Dbg] User 106 Final: LateCount=0, Amt=0, Days=0
[2026-06-04T10:07:12.926Z] [Late-Dbg] User 107 Final: LateCount=0, Amt=0, Days=0
[2026-06-04T10:07:12.958Z] [Late-Dbg] User 108 Final: LateCount=0, Amt=0, Days=0
[2026-06-04T10:07:12.994Z] [Late-Dbg] User 109 Final: LateCount=0, Amt=0, Days=0
[2026-06-04T10:07:13.037Z] [Late-Dbg] User 182 Final: LateCount=0, Amt=0, Days=0
[2026-06-04T10:07:13.141Z] [Late-Dbg] User 185 Final: LateCount=0, Amt=0, Days=0
[2026-06-04T10:07:28.334Z] [Late-Dbg] User 57 Final: LateCount=8, Amt=0, Days=0
[Admin-Bonus] SKIP: User 57, Rule Active=true, RuleMonth=2026-04, TargetMonth=2026-05
[2026-06-04T10:07:28.645Z] [Late-Dbg] User 58 Final: LateCount=0, Amt=0, Days=0
[Admin-Bonus] SKIP: User 58, Rule Active=true, RuleMonth=2026-04, TargetMonth=2026-05
[2026-06-04T10:07:28.738Z] [Late-Dbg] User 59 Final: LateCount=2, Amt=1129.03, Days=1
[2026-06-04T10:07:28.914Z] [Late-Dbg] User 61 Final: LateCount=0, Amt=0, Days=0
[2026-06-04T10:07:28.983Z] [Late-Dbg] User 62 Final: LateCount=0, Amt=0, Days=0
[2026-06-04T10:07:29.060Z] [Late-Dbg] User 63 Final: LateCount=2, Amt=40, Days=0.04
[2026-06-04T10:07:29.134Z] [Late-Dbg] User 64 Final: LateCount=0, Amt=0, Days=0
[2026-06-04T10:07:29.199Z] [Late-Dbg] User 65 Final: LateCount=2, Amt=30, Days=0.03
[2026-06-04T10:07:29.279Z] [Late-Dbg] User 68 Final: LateCount=0, Amt=0, Days=0
[2026-06-04T10:07:29.398Z] [Late-Dbg] User 69 Final: LateCount=5, Amt=0, Days=0
[2026-06-04T10:07:29.703Z] [Late-Dbg] User 70 Final: LateCount=0, Amt=0, Days=0
[2026-06-04T10:07:29.728Z] [Late-Dbg] User 98 Final: LateCount=0, Amt=0, Days=0
[2026-06-04T10:07:29.752Z] [Late-Dbg] User 99 Final: LateCount=0, Amt=0, Days=0
[2026-06-04T10:07:29.778Z] [Late-Dbg] User 100 Final: LateCount=0, Amt=0, Days=0
[2026-06-04T10:07:29.799Z] [Late-Dbg] User 101 Final: LateCount=0, Amt=0, Days=0
[2026-06-04T10:07:29.823Z] [Late-Dbg] User 102 Final: LateCount=0, Amt=0, Days=0
[2026-06-04T10:07:29.847Z] [Late-Dbg] User 103 Final: LateCount=0, Amt=0, Days=0
[2026-06-04T10:07:29.880Z] [Late-Dbg] User 104 Final: LateCount=0, Amt=0, Days=0
[2026-06-04T10:07:29.923Z] [Late-Dbg] User 105 Final: LateCount=0, Amt=0, Days=0
[2026-06-04T10:07:29.957Z] [Late-Dbg] User 106 Final: LateCount=0, Amt=0, Days=0
[2026-06-04T10:07:30.010Z] [Late-Dbg] User 107 Final: LateCount=0, Amt=0, Days=0
[2026-06-04T10:07:30.050Z] [Late-Dbg] User 108 Final: LateCount=0, Amt=0, Days=0
[2026-06-04T10:07:30.131Z] [Late-Dbg] User 109 Final: LateCount=1, Amt=0, Days=0
[2026-06-04T10:07:30.321Z] [Late-Dbg] User 182 Final: LateCount=1, Amt=30, Days=0.03
[2026-06-04T10:07:30.620Z] [Late-Dbg] User 185 Final: LateCount=0, Amt=0, Days=0
[2026-06-04T10:08:18.303Z] [Late-Dbg] User 57 Final: LateCount=0, Amt=0, Days=0
[Admin-Bonus] SKIP: User 57, Rule Active=true, RuleMonth=2026-04, TargetMonth=2026-06
[2026-06-04T10:08:18.365Z] [Late-Dbg] User 58 Final: LateCount=0, Amt=0, Days=0
[Admin-Bonus] SKIP: User 58, Rule Active=true, RuleMonth=2026-04, TargetMonth=2026-06
[2026-06-04T10:08:18.454Z] [Late-Dbg] User 59 Final: LateCount=0, Amt=0, Days=0
[2026-06-04T10:08:18.502Z] [Late-Dbg] User 61 Final: LateCount=0, Amt=0, Days=0
[2026-06-04T10:08:18.544Z] [Late-Dbg] User 62 Final: LateCount=0, Amt=0, Days=0
[2026-06-04T10:08:18.586Z] [Late-Dbg] User 63 Final: LateCount=0, Amt=0, Days=0
[2026-06-04T10:08:18.622Z] [Late-Dbg] User 64 Final: LateCount=0, Amt=0, Days=0
[2026-06-04T10:08:18.655Z] [Late-Dbg] User 65 Final: LateCount=0, Amt=0, Days=0
[2026-06-04T10:08:18.688Z] [Late-Dbg] User 68 Final: LateCount=0, Amt=0, Days=0
[2026-06-04T10:08:18.747Z] [Late-Dbg] User 69 Final: LateCount=1, Amt=0, Days=0
[2026-06-04T10:08:18.833Z] [Late-Dbg] User 70 Final: LateCount=0, Amt=0, Days=0
[2026-06-04T10:08:18.866Z] [Late-Dbg] User 98 Final: LateCount=0, Amt=0, Days=0
[2026-06-04T10:08:18.900Z] [Late-Dbg] User 99 Final: LateCount=0, Amt=0, Days=0
[2026-06-04T10:08:18.931Z] [Late-Dbg] User 100 Final: LateCount=0, Amt=0, Days=0
[2026-06-04T10:08:18.963Z] [Late-Dbg] User 101 Final: LateCount=0, Amt=0, Days=0
[2026-06-04T10:08:19.000Z] [Late-Dbg] User 102 Final: LateCount=0, Amt=0, Days=0
[2026-06-04T10:08:19.071Z] [Late-Dbg] User 103 Final: LateCount=0, Amt=0, Days=0
[2026-06-04T10:08:19.142Z] [Late-Dbg] User 104 Final: LateCount=0, Amt=0, Days=0
[2026-06-04T10:08:19.209Z] [Late-Dbg] User 105 Final: LateCount=0, Amt=0, Days=0
[2026-06-04T10:08:19.275Z] [Late-Dbg] User 106 Final: LateCount=0, Amt=0, Days=0
[2026-06-04T10:08:19.343Z] [Late-Dbg] User 107 Final: LateCount=0, Amt=0, Days=0
[2026-06-04T10:08:19.422Z] [Late-Dbg] User 108 Final: LateCount=0, Amt=0, Days=0
[2026-06-04T10:08:19.490Z] [Late-Dbg] User 109 Final: LateCount=0, Amt=0, Days=0
[2026-06-04T10:08:19.562Z] [Late-Dbg] User 182 Final: LateCount=0, Amt=0, Days=0
[2026-06-04T10:08:19.640Z] [Late-Dbg] User 185 Final: LateCount=0, Amt=0, Days=0
[2026-06-04T10:08:29.599Z] [Late-Dbg] User 57 Final: LateCount=8, Amt=0, Days=0
[Admin-Bonus] SKIP: User 57, Rule Active=true, RuleMonth=2026-04, TargetMonth=2026-05
[2026-06-04T10:08:29.896Z] [Late-Dbg] User 58 Final: LateCount=0, Amt=0, Days=0
[Admin-Bonus] SKIP: User 58, Rule Active=true, RuleMonth=2026-04, TargetMonth=2026-05
[2026-06-04T10:08:29.996Z] [Late-Dbg] User 59 Final: LateCount=2, Amt=1129.03, Days=1
[2026-06-04T10:08:30.183Z] [Late-Dbg] User 61 Final: LateCount=0, Amt=0, Days=0
[2026-06-04T10:08:30.235Z] [Late-Dbg] User 62 Final: LateCount=0, Amt=0, Days=0
[2026-06-04T10:08:30.292Z] [Late-Dbg] User 63 Final: LateCount=2, Amt=40, Days=0.04
[2026-06-04T10:08:30.344Z] [Late-Dbg] User 64 Final: LateCount=0, Amt=0, Days=0
[2026-06-04T10:08:30.388Z] [Late-Dbg] User 65 Final: LateCount=2, Amt=30, Days=0.03
[2026-06-04T10:08:30.464Z] [Late-Dbg] User 68 Final: LateCount=0, Amt=0, Days=0
[2026-06-04T10:08:30.584Z] [Late-Dbg] User 69 Final: LateCount=5, Amt=0, Days=0
[2026-06-04T10:08:30.966Z] [Late-Dbg] User 70 Final: LateCount=0, Amt=0, Days=0
[2026-06-04T10:08:30.991Z] [Late-Dbg] User 98 Final: LateCount=0, Amt=0, Days=0
[2026-06-04T10:08:31.016Z] [Late-Dbg] User 99 Final: LateCount=0, Amt=0, Days=0
[2026-06-04T10:08:31.041Z] [Late-Dbg] User 100 Final: LateCount=0, Amt=0, Days=0
[2026-06-04T10:08:31.063Z] [Late-Dbg] User 101 Final: LateCount=0, Amt=0, Days=0
[2026-06-04T10:08:31.086Z] [Late-Dbg] User 102 Final: LateCount=0, Amt=0, Days=0
[2026-06-04T10:08:31.111Z] [Late-Dbg] User 103 Final: LateCount=0, Amt=0, Days=0
[2026-06-04T10:08:31.145Z] [Late-Dbg] User 104 Final: LateCount=0, Amt=0, Days=0
[2026-06-04T10:08:31.185Z] [Late-Dbg] User 105 Final: LateCount=0, Amt=0, Days=0
[2026-06-04T10:08:31.220Z] [Late-Dbg] User 106 Final: LateCount=0, Amt=0, Days=0
[2026-06-04T10:08:31.330Z] [Late-Dbg] User 107 Final: LateCount=0, Amt=0, Days=0
[2026-06-04T10:08:31.369Z] [Late-Dbg] User 108 Final: LateCount=0, Amt=0, Days=0
[2026-06-04T10:08:31.460Z] [Late-Dbg] User 109 Final: LateCount=1, Amt=0, Days=0
[2026-06-04T10:08:31.649Z] [Late-Dbg] User 182 Final: LateCount=1, Amt=30, Days=0.03
[2026-06-04T10:08:31.935Z] [Late-Dbg] User 185 Final: LateCount=0, Amt=0, Days=0
[2026-06-04T10:45:35.462Z] [Late-Dbg] User 57 Final: LateCount=8, Amt=0, Days=0
[Admin-Bonus] SKIP: User 57, Rule Active=true, RuleMonth=2026-04, TargetMonth=2026-05
[2026-06-04T10:45:35.804Z] [Late-Dbg] User 58 Final: LateCount=0, Amt=0, Days=0
[Admin-Bonus] SKIP: User 58, Rule Active=true, RuleMonth=2026-04, TargetMonth=2026-05
[2026-06-04T10:45:35.973Z] [Late-Dbg] User 59 Final: LateCount=2, Amt=1129.03, Days=1
[2026-06-04T10:45:36.255Z] [Late-Dbg] User 61 Final: LateCount=0, Amt=0, Days=0
[2026-06-04T10:45:36.374Z] [Late-Dbg] User 62 Final: LateCount=0, Amt=0, Days=0
[2026-06-04T10:45:36.497Z] [Late-Dbg] User 63 Final: LateCount=2, Amt=40, Days=0.04
[2026-06-04T10:45:36.624Z] [Late-Dbg] User 64 Final: LateCount=0, Amt=0, Days=0
[2026-06-04T10:45:36.725Z] [Late-Dbg] User 65 Final: LateCount=2, Amt=30, Days=0.03
[2026-06-04T10:45:36.889Z] [Late-Dbg] User 68 Final: LateCount=0, Amt=0, Days=0
[2026-06-04T10:45:37.187Z] [Late-Dbg] User 69 Final: LateCount=5, Amt=0, Days=0
[2026-06-04T10:45:37.852Z] [Late-Dbg] User 70 Final: LateCount=0, Amt=0, Days=0
[2026-06-04T10:45:37.905Z] [Late-Dbg] User 98 Final: LateCount=0, Amt=0, Days=0
[2026-06-04T10:45:37.960Z] [Late-Dbg] User 99 Final: LateCount=0, Amt=0, Days=0
[2026-06-04T10:45:38.013Z] [Late-Dbg] User 100 Final: LateCount=0, Amt=0, Days=0
[2026-06-04T10:45:38.069Z] [Late-Dbg] User 101 Final: LateCount=0, Amt=0, Days=0
[2026-06-04T10:45:38.122Z] [Late-Dbg] User 102 Final: LateCount=0, Amt=0, Days=0
[2026-06-04T10:45:38.176Z] [Late-Dbg] User 103 Final: LateCount=0, Amt=0, Days=0
[2026-06-04T10:45:38.249Z] [Late-Dbg] User 104 Final: LateCount=0, Amt=0, Days=0
[2026-06-04T10:45:38.343Z] [Late-Dbg] User 105 Final: LateCount=0, Amt=0, Days=0
[2026-06-04T10:45:38.418Z] [Late-Dbg] User 106 Final: LateCount=0, Amt=0, Days=0
[2026-06-04T10:45:38.537Z] [Late-Dbg] User 107 Final: LateCount=0, Amt=0, Days=0
[2026-06-04T10:45:38.628Z] [Late-Dbg] User 108 Final: LateCount=0, Amt=0, Days=0
[2026-06-04T10:45:38.812Z] [Late-Dbg] User 109 Final: LateCount=1, Amt=0, Days=0
[2026-06-04T10:45:39.267Z] [Late-Dbg] User 182 Final: LateCount=1, Amt=30, Days=0.03
[2026-06-04T10:45:39.923Z] [Late-Dbg] User 185 Final: LateCount=0, Amt=0, Days=0
[2026-06-04T10:46:28.673Z] [Late-Dbg] User 57 Final: LateCount=0, Amt=0, Days=0
[Admin-Bonus] SKIP: User 57, Rule Active=true, RuleMonth=2026-04, TargetMonth=2026-06
[2026-06-04T10:46:28.803Z] [Late-Dbg] User 58 Final: LateCount=0, Amt=0, Days=0
[Admin-Bonus] SKIP: User 58, Rule Active=true, RuleMonth=2026-04, TargetMonth=2026-06
[2026-06-04T10:46:28.937Z] [Late-Dbg] User 59 Final: LateCount=0, Amt=0, Days=0
[2026-06-04T10:46:28.978Z] [Late-Dbg] User 61 Final: LateCount=0, Amt=0, Days=0
[2026-06-04T10:46:29.021Z] [Late-Dbg] User 62 Final: LateCount=0, Amt=0, Days=0
[2026-06-04T10:46:29.061Z] [Late-Dbg] User 63 Final: LateCount=0, Amt=0, Days=0
[2026-06-04T10:46:29.102Z] [Late-Dbg] User 64 Final: LateCount=0, Amt=0, Days=0
[2026-06-04T10:46:29.144Z] [Late-Dbg] User 65 Final: LateCount=0, Amt=0, Days=0
[2026-06-04T10:46:29.191Z] [Late-Dbg] User 68 Final: LateCount=0, Amt=0, Days=0
[2026-06-04T10:46:29.276Z] [Late-Dbg] User 69 Final: LateCount=2, Amt=0, Days=0
[2026-06-04T10:46:29.408Z] [Late-Dbg] User 70 Final: LateCount=0, Amt=0, Days=0
[2026-06-04T10:46:29.451Z] [Late-Dbg] User 98 Final: LateCount=0, Amt=0, Days=0
[2026-06-04T10:46:29.493Z] [Late-Dbg] User 99 Final: LateCount=0, Amt=0, Days=0
[2026-06-04T10:46:29.547Z] [Late-Dbg] User 100 Final: LateCount=0, Amt=0, Days=0
[2026-06-04T10:46:29.591Z] [Late-Dbg] User 101 Final: LateCount=0, Amt=0, Days=0
[2026-06-04T10:46:29.628Z] [Late-Dbg] User 102 Final: LateCount=0, Amt=0, Days=0
[2026-06-04T10:46:29.671Z] [Late-Dbg] User 103 Final: LateCount=0, Amt=0, Days=0
[2026-06-04T10:46:29.720Z] [Late-Dbg] User 104 Final: LateCount=0, Amt=0, Days=0
[2026-06-04T10:46:29.772Z] [Late-Dbg] User 105 Final: LateCount=0, Amt=0, Days=0
[2026-06-04T10:46:29.828Z] [Late-Dbg] User 106 Final: LateCount=0, Amt=0, Days=0
[2026-06-04T10:46:29.888Z] [Late-Dbg] User 107 Final: LateCount=0, Amt=0, Days=0
[2026-06-04T10:46:29.938Z] [Late-Dbg] User 108 Final: LateCount=0, Amt=0, Days=0
[2026-06-04T10:46:29.994Z] [Late-Dbg] User 109 Final: LateCount=0, Amt=0, Days=0
[2026-06-04T10:46:30.067Z] [Late-Dbg] User 182 Final: LateCount=0, Amt=0, Days=0
[2026-06-04T10:46:30.174Z] [Late-Dbg] User 185 Final: LateCount=0, Amt=0, Days=0
[2026-06-04T10:46:32.933Z] [Late-Dbg] User 57 Final: LateCount=8, Amt=0, Days=0
[Admin-Bonus] SKIP: User 57, Rule Active=true, RuleMonth=2026-04, TargetMonth=2026-05
[2026-06-04T10:46:33.286Z] [Late-Dbg] User 58 Final: LateCount=0, Amt=0, Days=0
[Admin-Bonus] SKIP: User 58, Rule Active=true, RuleMonth=2026-04, TargetMonth=2026-05
[2026-06-04T10:46:33.437Z] [Late-Dbg] User 59 Final: LateCount=2, Amt=1129.03, Days=1
[2026-06-04T10:46:33.713Z] [Late-Dbg] User 61 Final: LateCount=0, Amt=0, Days=0
[2026-06-04T10:46:33.860Z] [Late-Dbg] User 62 Final: LateCount=0, Amt=0, Days=0
[2026-06-04T10:46:33.996Z] [Late-Dbg] User 63 Final: LateCount=2, Amt=40, Days=0.04
[2026-06-04T10:46:34.109Z] [Late-Dbg] User 64 Final: LateCount=0, Amt=0, Days=0
[2026-06-04T10:46:34.203Z] [Late-Dbg] User 65 Final: LateCount=2, Amt=30, Days=0.03
[2026-06-04T10:46:34.359Z] [Late-Dbg] User 68 Final: LateCount=0, Amt=0, Days=0
[2026-06-04T10:46:34.618Z] [Late-Dbg] User 69 Final: LateCount=5, Amt=0, Days=0
[2026-06-04T10:46:35.296Z] [Late-Dbg] User 70 Final: LateCount=0, Amt=0, Days=0
[2026-06-04T10:46:35.325Z] [Late-Dbg] User 98 Final: LateCount=0, Amt=0, Days=0
[2026-06-04T10:46:35.357Z] [Late-Dbg] User 99 Final: LateCount=0, Amt=0, Days=0
[2026-06-04T10:46:35.387Z] [Late-Dbg] User 100 Final: LateCount=0, Amt=0, Days=0
[2026-06-04T10:46:35.417Z] [Late-Dbg] User 101 Final: LateCount=0, Amt=0, Days=0
[2026-06-04T10:46:35.449Z] [Late-Dbg] User 102 Final: LateCount=0, Amt=0, Days=0
[2026-06-04T10:46:35.478Z] [Late-Dbg] User 103 Final: LateCount=0, Amt=0, Days=0
[2026-06-04T10:46:35.522Z] [Late-Dbg] User 104 Final: LateCount=0, Amt=0, Days=0
[2026-06-04T10:46:35.608Z] [Late-Dbg] User 105 Final: LateCount=0, Amt=0, Days=0
[2026-06-04T10:46:35.677Z] [Late-Dbg] User 106 Final: LateCount=0, Amt=0, Days=0
[2026-06-04T10:46:35.781Z] [Late-Dbg] User 107 Final: LateCount=0, Amt=0, Days=0
[2026-06-04T10:46:35.867Z] [Late-Dbg] User 108 Final: LateCount=0, Amt=0, Days=0
[2026-06-04T10:46:36.038Z] [Late-Dbg] User 109 Final: LateCount=1, Amt=0, Days=0
[2026-06-04T10:46:36.409Z] [Late-Dbg] User 182 Final: LateCount=1, Amt=30, Days=0.03
[2026-06-04T10:46:37.036Z] [Late-Dbg] User 185 Final: LateCount=0, Amt=0, Days=0
[2026-06-04T12:38:55.300Z] [Late-Dbg] User 57 Final: LateCount=8, Amt=0, Days=0
[Admin-Bonus] SKIP: User 57, Rule Active=true, RuleMonth=2026-04, TargetMonth=2026-05
[2026-06-04T12:38:55.601Z] [Late-Dbg] User 58 Final: LateCount=0, Amt=0, Days=0
[Admin-Bonus] SKIP: User 58, Rule Active=true, RuleMonth=2026-04, TargetMonth=2026-05
[2026-06-04T12:38:55.718Z] [Late-Dbg] User 59 Final: LateCount=2, Amt=1129.03, Days=1
[2026-06-04T12:38:55.930Z] [Late-Dbg] User 61 Final: LateCount=0, Amt=0, Days=0
[2026-06-04T12:38:56.012Z] [Late-Dbg] User 62 Final: LateCount=0, Amt=0, Days=0
[2026-06-04T12:38:56.106Z] [Late-Dbg] User 63 Final: LateCount=2, Amt=40, Days=0.04
[2026-06-04T12:38:56.194Z] [Late-Dbg] User 64 Final: LateCount=0, Amt=0, Days=0
[2026-06-04T12:38:56.269Z] [Late-Dbg] User 65 Final: LateCount=2, Amt=30, Days=0.03
[2026-06-04T12:38:56.360Z] [Late-Dbg] User 68 Final: LateCount=0, Amt=0, Days=0
[2026-06-04T12:38:56.530Z] [Late-Dbg] User 69 Final: LateCount=5, Amt=0, Days=0
[2026-06-04T12:38:56.951Z] [Late-Dbg] User 70 Final: LateCount=0, Amt=0, Days=0
[2026-06-04T12:38:56.990Z] [Late-Dbg] User 98 Final: LateCount=0, Amt=0, Days=0
[2026-06-04T12:38:57.049Z] [Late-Dbg] User 99 Final: LateCount=0, Amt=0, Days=0
[2026-06-04T12:38:57.103Z] [Late-Dbg] User 100 Final: LateCount=0, Amt=0, Days=0
[2026-06-04T12:38:57.158Z] [Late-Dbg] User 101 Final: LateCount=0, Amt=0, Days=0
[2026-06-04T12:38:57.215Z] [Late-Dbg] User 102 Final: LateCount=0, Amt=0, Days=0
[2026-06-04T12:38:57.273Z] [Late-Dbg] User 103 Final: LateCount=0, Amt=0, Days=0
[2026-06-04T12:38:57.336Z] [Late-Dbg] User 104 Final: LateCount=0, Amt=0, Days=0
[2026-06-04T12:38:57.417Z] [Late-Dbg] User 105 Final: LateCount=0, Amt=0, Days=0
[2026-06-04T12:38:57.482Z] [Late-Dbg] User 106 Final: LateCount=0, Amt=0, Days=0
[2026-06-04T12:38:57.577Z] [Late-Dbg] User 107 Final: LateCount=0, Amt=0, Days=0
[2026-06-04T12:38:57.667Z] [Late-Dbg] User 108 Final: LateCount=0, Amt=0, Days=0
[2026-06-04T12:38:57.857Z] [Late-Dbg] User 109 Final: LateCount=1, Amt=0, Days=0
[2026-06-04T12:38:58.292Z] [Late-Dbg] User 182 Final: LateCount=1, Amt=30, Days=0.03
[2026-06-04T12:38:59.127Z] [Late-Dbg] User 185 Final: LateCount=0, Amt=0, Days=0
[2026-06-05T08:07:19.992Z] [Late-Dbg] User 57 Final: LateCount=8, Amt=0, Days=0
[Admin-Bonus] SKIP: User 57, Rule Active=true, RuleMonth=2026-04, TargetMonth=2026-05
[2026-06-05T08:07:20.444Z] [Late-Dbg] User 58 Final: LateCount=0, Amt=0, Days=0
[Admin-Bonus] SKIP: User 58, Rule Active=true, RuleMonth=2026-04, TargetMonth=2026-05
[2026-06-05T08:07:20.616Z] [Late-Dbg] User 59 Final: LateCount=2, Amt=1129.03, Days=1
[2026-06-05T08:07:20.908Z] [Late-Dbg] User 61 Final: LateCount=0, Amt=0, Days=0
[2026-06-05T08:07:20.992Z] [Late-Dbg] User 62 Final: LateCount=0, Amt=0, Days=0
[2026-06-05T08:07:21.104Z] [Late-Dbg] User 63 Final: LateCount=2, Amt=40, Days=0.04
[2026-06-05T08:07:21.305Z] [Late-Dbg] User 64 Final: LateCount=0, Amt=0, Days=0
[2026-06-05T08:07:21.479Z] [Late-Dbg] User 65 Final: LateCount=2, Amt=30, Days=0.03
[2026-06-05T08:07:21.763Z] [Late-Dbg] User 68 Final: LateCount=0, Amt=0, Days=0
[2026-06-05T08:07:22.218Z] [Late-Dbg] User 69 Final: LateCount=5, Amt=0, Days=0
[2026-06-05T08:07:23.127Z] [Late-Dbg] User 70 Final: LateCount=0, Amt=0, Days=0
[2026-06-05T08:07:23.172Z] [Late-Dbg] User 98 Final: LateCount=0, Amt=0, Days=0
[2026-06-05T08:07:23.220Z] [Late-Dbg] User 99 Final: LateCount=0, Amt=0, Days=0
[2026-06-05T08:07:23.265Z] [Late-Dbg] User 100 Final: LateCount=0, Amt=0, Days=0
[2026-06-05T08:07:23.312Z] [Late-Dbg] User 101 Final: LateCount=0, Amt=0, Days=0
[2026-06-05T08:07:23.358Z] [Late-Dbg] User 102 Final: LateCount=0, Amt=0, Days=0
[2026-06-05T08:07:23.405Z] [Late-Dbg] User 103 Final: LateCount=0, Amt=0, Days=0
[2026-06-05T08:07:23.473Z] [Late-Dbg] User 104 Final: LateCount=0, Amt=0, Days=0
[2026-06-05T08:07:23.552Z] [Late-Dbg] User 105 Final: LateCount=0, Amt=0, Days=0
[2026-06-05T08:07:23.604Z] [Late-Dbg] User 106 Final: LateCount=0, Amt=0, Days=0
[2026-06-05T08:07:23.687Z] [Late-Dbg] User 107 Final: LateCount=0, Amt=0, Days=0
[2026-06-05T08:07:23.753Z] [Late-Dbg] User 108 Final: LateCount=0, Amt=0, Days=0
[2026-06-05T08:07:23.906Z] [Late-Dbg] User 109 Final: LateCount=1, Amt=0, Days=0
[2026-06-05T08:07:24.254Z] [Late-Dbg] User 182 Final: LateCount=1, Amt=30, Days=0.03
[2026-06-05T08:07:24.738Z] [Late-Dbg] User 185 Final: LateCount=0, Amt=0, Days=0
[2026-06-05T08:16:13.174Z] [Late-Dbg] User 57 Final: LateCount=3, Amt=0, Days=0
[Admin-Bonus] SKIP: User 57, Rule Active=true, RuleMonth=2026-04, TargetMonth=2026-05
[2026-06-05T08:16:13.605Z] [Late-Dbg] User 58 Final: LateCount=0, Amt=0, Days=0
[Admin-Bonus] SKIP: User 58, Rule Active=true, RuleMonth=2026-04, TargetMonth=2026-05
[2026-06-05T08:16:13.733Z] [Late-Dbg] User 59 Final: LateCount=2, Amt=1129.03, Days=1
[2026-06-05T08:16:13.933Z] [Late-Dbg] User 61 Final: LateCount=0, Amt=0, Days=0
[2026-06-05T08:16:14.099Z] [Late-Dbg] User 62 Final: LateCount=0, Amt=0, Days=0
[2026-06-05T08:16:14.199Z] [Late-Dbg] User 63 Final: LateCount=2, Amt=40, Days=0.04
[2026-06-05T08:16:14.299Z] [Late-Dbg] User 64 Final: LateCount=0, Amt=0, Days=0
[2026-06-05T08:16:14.385Z] [Late-Dbg] User 65 Final: LateCount=2, Amt=30, Days=0.03
[2026-06-05T08:16:14.528Z] [Late-Dbg] User 68 Final: LateCount=0, Amt=0, Days=0
[2026-06-05T08:16:14.717Z] [Late-Dbg] User 69 Final: LateCount=5, Amt=0, Days=0
[2026-06-05T08:16:15.219Z] [Late-Dbg] User 70 Final: LateCount=0, Amt=0, Days=0
[2026-06-05T08:16:15.260Z] [Late-Dbg] User 98 Final: LateCount=0, Amt=0, Days=0
[2026-06-05T08:16:15.299Z] [Late-Dbg] User 99 Final: LateCount=0, Amt=0, Days=0
[2026-06-05T08:16:15.341Z] [Late-Dbg] User 100 Final: LateCount=0, Amt=0, Days=0
[2026-06-05T08:16:15.379Z] [Late-Dbg] User 101 Final: LateCount=0, Amt=0, Days=0
[2026-06-05T08:16:15.414Z] [Late-Dbg] User 102 Final: LateCount=0, Amt=0, Days=0
[2026-06-05T08:16:15.454Z] [Late-Dbg] User 103 Final: LateCount=0, Amt=0, Days=0
[2026-06-05T08:16:15.516Z] [Late-Dbg] User 104 Final: LateCount=0, Amt=0, Days=0
[2026-06-05T08:16:15.585Z] [Late-Dbg] User 105 Final: LateCount=0, Amt=0, Days=0
[2026-06-05T08:16:15.629Z] [Late-Dbg] User 106 Final: LateCount=0, Amt=0, Days=0
[2026-06-05T08:16:15.691Z] [Late-Dbg] User 107 Final: LateCount=0, Amt=0, Days=0
[2026-06-05T08:16:15.753Z] [Late-Dbg] User 108 Final: LateCount=0, Amt=0, Days=0
[2026-06-05T08:16:15.873Z] [Late-Dbg] User 109 Final: LateCount=1, Amt=0, Days=0
[2026-06-05T08:16:16.285Z] [Late-Dbg] User 182 Final: LateCount=1, Amt=30, Days=0.03
[2026-06-05T08:16:17.275Z] [Late-Dbg] User 185 Final: LateCount=0, Amt=0, Days=0
[2026-06-05T08:20:38.820Z] [Late-Dbg] User 57 Final: LateCount=3, Amt=0, Days=0
[Admin-Bonus] SKIP: User 57, Rule Active=true, RuleMonth=2026-04, TargetMonth=2026-05
[2026-06-05T08:20:39.201Z] [Late-Dbg] User 58 Final: LateCount=0, Amt=0, Days=0
[Admin-Bonus] SKIP: User 58, Rule Active=true, RuleMonth=2026-04, TargetMonth=2026-05
[2026-06-05T08:20:39.332Z] [Late-Dbg] User 59 Final: LateCount=2, Amt=1129.03, Days=1
[2026-06-05T08:20:39.670Z] [Late-Dbg] User 61 Final: LateCount=0, Amt=0, Days=0
[2026-06-05T08:20:39.766Z] [Late-Dbg] User 62 Final: LateCount=0, Amt=0, Days=0
[2026-06-05T08:20:39.864Z] [Late-Dbg] User 63 Final: LateCount=2, Amt=40, Days=0.04
[2026-06-05T08:20:39.956Z] [Late-Dbg] User 64 Final: LateCount=0, Amt=0, Days=0
[2026-06-05T08:20:40.028Z] [Late-Dbg] User 65 Final: LateCount=2, Amt=30, Days=0.03
[2026-06-05T08:20:40.136Z] [Late-Dbg] User 68 Final: LateCount=0, Amt=0, Days=0
[2026-06-05T08:20:40.329Z] [Late-Dbg] User 69 Final: LateCount=5, Amt=0, Days=0
[2026-06-05T08:20:40.848Z] [Late-Dbg] User 70 Final: LateCount=0, Amt=0, Days=0
[2026-06-05T08:20:40.888Z] [Late-Dbg] User 98 Final: LateCount=0, Amt=0, Days=0
[2026-06-05T08:20:40.926Z] [Late-Dbg] User 99 Final: LateCount=0, Amt=0, Days=0
[2026-06-05T08:20:40.961Z] [Late-Dbg] User 100 Final: LateCount=0, Amt=0, Days=0
[2026-06-05T08:20:41.001Z] [Late-Dbg] User 101 Final: LateCount=0, Amt=0, Days=0
[2026-06-05T08:20:41.046Z] [Late-Dbg] User 102 Final: LateCount=0, Amt=0, Days=0
[2026-06-05T08:20:41.080Z] [Late-Dbg] User 103 Final: LateCount=0, Amt=0, Days=0
[2026-06-05T08:20:41.127Z] [Late-Dbg] User 104 Final: LateCount=0, Amt=0, Days=0
[2026-06-05T08:20:41.195Z] [Late-Dbg] User 105 Final: LateCount=0, Amt=0, Days=0
[2026-06-05T08:20:41.244Z] [Late-Dbg] User 106 Final: LateCount=0, Amt=0, Days=0
[2026-06-05T08:20:41.312Z] [Late-Dbg] User 107 Final: LateCount=0, Amt=0, Days=0
[2026-06-05T08:20:41.366Z] [Late-Dbg] User 108 Final: LateCount=0, Amt=0, Days=0
[2026-06-05T08:20:41.483Z] [Late-Dbg] User 109 Final: LateCount=1, Amt=0, Days=0
[2026-06-05T08:20:41.730Z] [Late-Dbg] User 182 Final: LateCount=1, Amt=30, Days=0.03
[2026-06-05T08:20:42.229Z] [Late-Dbg] User 185 Final: LateCount=0, Amt=0, Days=0
[2026-06-05T12:55:57.313Z] [Late-Dbg] User 57 Final: LateCount=0, Amt=0, Days=0
[Admin-Bonus] SKIP: User 57, Rule Active=true, RuleMonth=2026-04, TargetMonth=2026-06
[2026-06-05T12:55:57.412Z] [Late-Dbg] User 58 Final: LateCount=0, Amt=0, Days=0
[Admin-Bonus] SKIP: User 58, Rule Active=true, RuleMonth=2026-04, TargetMonth=2026-06
[2026-06-05T12:55:57.517Z] [Late-Dbg] User 59 Final: LateCount=0, Amt=0, Days=0
[2026-06-05T12:55:57.566Z] [Late-Dbg] User 61 Final: LateCount=0, Amt=0, Days=0
[2026-06-05T12:55:57.602Z] [Late-Dbg] User 62 Final: LateCount=0, Amt=0, Days=0
[2026-06-05T12:55:57.640Z] [Late-Dbg] User 63 Final: LateCount=0, Amt=0, Days=0
[2026-06-05T12:55:57.692Z] [Late-Dbg] User 64 Final: LateCount=0, Amt=0, Days=0
[2026-06-05T12:55:57.754Z] [Late-Dbg] User 65 Final: LateCount=0, Amt=0, Days=0
[2026-06-05T12:55:57.819Z] [Late-Dbg] User 68 Final: LateCount=0, Amt=0, Days=0
[2026-06-05T12:55:57.932Z] [Late-Dbg] User 69 Final: LateCount=2, Amt=0, Days=0
[2026-06-05T12:55:58.089Z] [Late-Dbg] User 70 Final: LateCount=0, Amt=0, Days=0
[2026-06-05T12:55:58.130Z] [Late-Dbg] User 98 Final: LateCount=0, Amt=0, Days=0
[2026-06-05T12:55:58.171Z] [Late-Dbg] User 99 Final: LateCount=0, Amt=0, Days=0
[2026-06-05T12:55:58.217Z] [Late-Dbg] User 100 Final: LateCount=0, Amt=0, Days=0
[2026-06-05T12:55:58.264Z] [Late-Dbg] User 101 Final: LateCount=0, Amt=0, Days=0
[2026-06-05T12:55:58.310Z] [Late-Dbg] User 102 Final: LateCount=0, Amt=0, Days=0
[2026-06-05T12:55:58.359Z] [Late-Dbg] User 103 Final: LateCount=0, Amt=0, Days=0
[2026-06-05T12:55:58.412Z] [Late-Dbg] User 104 Final: LateCount=0, Amt=0, Days=0
[2026-06-05T12:55:58.459Z] [Late-Dbg] User 105 Final: LateCount=0, Amt=0, Days=0
[2026-06-05T12:55:58.505Z] [Late-Dbg] User 106 Final: LateCount=0, Amt=0, Days=0
[2026-06-05T12:55:58.554Z] [Late-Dbg] User 107 Final: LateCount=0, Amt=0, Days=0
[2026-06-05T12:55:58.600Z] [Late-Dbg] User 108 Final: LateCount=0, Amt=0, Days=0
[2026-06-05T12:55:58.652Z] [Late-Dbg] User 109 Final: LateCount=0, Amt=0, Days=0
[2026-06-05T12:55:58.721Z] [Late-Dbg] User 182 Final: LateCount=0, Amt=0, Days=0
[2026-06-05T12:55:58.838Z] [Late-Dbg] User 185 Final: LateCount=0, Amt=0, Days=0
[2026-06-05T12:55:59.093Z] [Late-Dbg] User 186 Final: LateCount=0, Amt=0, Days=0
[2026-06-08T11:59:12.772Z] [User 57] calculateSalary (Existing): lpResult: {"latePunchInMinutes":0,"latePunchInPenalty":0,"latePenaltyDays":0,"lateCount":0,"lateDetails":[]}
[2026-06-10T05:44:03.566Z] [Late-Dbg] User 57 Final: LateCount=0, Amt=0, Days=0
[Admin-Bonus] SKIP: User 57, Rule Active=true, RuleMonth=2026-04, TargetMonth=2026-06
[2026-06-10T05:44:03.701Z] [Late-Dbg] User 58 Final: LateCount=0, Amt=0, Days=0
[Admin-Bonus] SKIP: User 58, Rule Active=true, RuleMonth=2026-04, TargetMonth=2026-06
[2026-06-10T05:44:03.836Z] [Late-Dbg] User 59 Final: LateCount=0, Amt=0, Days=0
[2026-06-10T05:44:03.880Z] [Late-Dbg] User 61 Final: LateCount=0, Amt=0, Days=0
[2026-06-10T05:44:03.929Z] [Late-Dbg] User 62 Final: LateCount=0, Amt=0, Days=0
[2026-06-10T05:44:03.980Z] [Late-Dbg] User 63 Final: LateCount=0, Amt=0, Days=0
[2026-06-10T05:44:04.033Z] [Late-Dbg] User 64 Final: LateCount=0, Amt=0, Days=0
[2026-06-10T05:44:04.081Z] [Late-Dbg] User 65 Final: LateCount=0, Amt=0, Days=0
[2026-06-10T05:44:04.129Z] [Late-Dbg] User 68 Final: LateCount=0, Amt=0, Days=0
[2026-06-10T05:44:04.257Z] [Late-Dbg] User 69 Final: LateCount=2, Amt=0, Days=0
[2026-06-10T05:44:04.468Z] [Late-Dbg] User 70 Final: LateCount=0, Amt=0, Days=0
[2026-06-10T05:44:04.531Z] [Late-Dbg] User 98 Final: LateCount=0, Amt=0, Days=0
[2026-06-10T05:44:04.639Z] [Late-Dbg] User 99 Final: LateCount=0, Amt=0, Days=0
[2026-06-10T05:44:04.681Z] [Late-Dbg] User 100 Final: LateCount=0, Amt=0, Days=0
[2026-06-10T05:44:04.723Z] [Late-Dbg] User 101 Final: LateCount=0, Amt=0, Days=0
[2026-06-10T05:44:04.768Z] [Late-Dbg] User 102 Final: LateCount=0, Amt=0, Days=0
[2026-06-10T05:44:04.815Z] [Late-Dbg] User 103 Final: LateCount=0, Amt=0, Days=0
[2026-06-10T05:44:04.860Z] [Late-Dbg] User 104 Final: LateCount=0, Amt=0, Days=0
[2026-06-10T05:44:04.941Z] [Late-Dbg] User 105 Final: LateCount=0, Amt=0, Days=0
[2026-06-10T05:44:04.998Z] [Late-Dbg] User 106 Final: LateCount=0, Amt=0, Days=0
[2026-06-10T05:44:05.037Z] [Late-Dbg] User 107 Final: LateCount=0, Amt=0, Days=0
[2026-06-10T05:44:05.068Z] [Late-Dbg] User 108 Final: LateCount=0, Amt=0, Days=0
[2026-06-10T05:44:05.106Z] [Late-Dbg] User 109 Final: LateCount=0, Amt=0, Days=0
[2026-06-10T05:44:05.161Z] [Late-Dbg] User 182 Final: LateCount=0, Amt=0, Days=0
[2026-06-10T05:44:05.272Z] [Late-Dbg] User 185 Final: LateCount=0, Amt=0, Days=0
[2026-06-10T05:44:05.485Z] [Late-Dbg] User 186 Final: LateCount=0, Amt=0, Days=0
[2026-06-10T07:18:36.267Z] [Late-Dbg] User 57 Final: LateCount=0, Amt=0, Days=0
[Admin-Bonus] SKIP: User 57, Rule Active=true, RuleMonth=2026-04, TargetMonth=2026-06
[2026-06-10T07:18:36.329Z] [Late-Dbg] User 58 Final: LateCount=0, Amt=0, Days=0
[Admin-Bonus] SKIP: User 58, Rule Active=true, RuleMonth=2026-04, TargetMonth=2026-06
[2026-06-10T07:18:36.395Z] [Late-Dbg] User 59 Final: LateCount=0, Amt=0, Days=0
[2026-06-10T07:18:36.428Z] [Late-Dbg] User 61 Final: LateCount=0, Amt=0, Days=0
[2026-06-10T07:18:36.457Z] [Late-Dbg] User 62 Final: LateCount=0, Amt=0, Days=0
[2026-06-10T07:18:36.500Z] [Late-Dbg] User 63 Final: LateCount=0, Amt=0, Days=0
[2026-06-10T07:18:36.531Z] [Late-Dbg] User 64 Final: LateCount=0, Amt=0, Days=0
[2026-06-10T07:18:36.563Z] [Late-Dbg] User 65 Final: LateCount=0, Amt=0, Days=0
[2026-06-10T07:18:36.596Z] [Late-Dbg] User 68 Final: LateCount=0, Amt=0, Days=0
[2026-06-10T07:18:36.733Z] [Late-Dbg] User 69 Final: LateCount=2, Amt=0, Days=0
[2026-06-10T07:18:36.910Z] [Late-Dbg] User 70 Final: LateCount=0, Amt=0, Days=0
[2026-06-10T07:18:36.938Z] [Late-Dbg] User 98 Final: LateCount=0, Amt=0, Days=0
[2026-06-10T07:18:36.968Z] [Late-Dbg] User 99 Final: LateCount=0, Amt=0, Days=0
[2026-06-10T07:18:36.997Z] [Late-Dbg] User 100 Final: LateCount=0, Amt=0, Days=0
[2026-06-10T07:18:37.026Z] [Late-Dbg] User 101 Final: LateCount=0, Amt=0, Days=0
[2026-06-10T07:18:37.055Z] [Late-Dbg] User 102 Final: LateCount=0, Amt=0, Days=0
[2026-06-10T07:18:37.084Z] [Late-Dbg] User 103 Final: LateCount=0, Amt=0, Days=0
[2026-06-10T07:18:37.112Z] [Late-Dbg] User 104 Final: LateCount=0, Amt=0, Days=0
[2026-06-10T07:18:37.138Z] [Late-Dbg] User 105 Final: LateCount=0, Amt=0, Days=0
[2026-06-10T07:18:37.166Z] [Late-Dbg] User 106 Final: LateCount=0, Amt=0, Days=0
[2026-06-10T07:18:37.245Z] [Late-Dbg] User 107 Final: LateCount=0, Amt=0, Days=0
[2026-06-10T07:18:37.285Z] [Late-Dbg] User 108 Final: LateCount=0, Amt=0, Days=0
[2026-06-10T07:18:37.316Z] [Late-Dbg] User 109 Final: LateCount=0, Amt=0, Days=0
[2026-06-10T07:18:37.354Z] [Late-Dbg] User 182 Final: LateCount=0, Amt=0, Days=0
[2026-06-10T07:18:37.448Z] [Late-Dbg] User 185 Final: LateCount=0, Amt=0, Days=0
[2026-06-10T07:18:37.615Z] [Late-Dbg] User 186 Final: LateCount=0, Amt=0, Days=0
[2026-06-10T08:15:38.370Z] [Late-Dbg] User 57 Final: LateCount=0, Amt=0, Days=0
[Admin-Bonus] SKIP: User 57, Rule Active=true, RuleMonth=2026-04, TargetMonth=2026-06
[2026-06-10T08:15:38.435Z] [Late-Dbg] User 58 Final: LateCount=0, Amt=0, Days=0
[Admin-Bonus] SKIP: User 58, Rule Active=true, RuleMonth=2026-04, TargetMonth=2026-06
[2026-06-10T08:15:38.532Z] [Late-Dbg] User 59 Final: LateCount=0, Amt=0, Days=0
[2026-06-10T08:15:38.582Z] [Late-Dbg] User 61 Final: LateCount=0, Amt=0, Days=0
[2026-06-10T08:15:38.635Z] [Late-Dbg] User 62 Final: LateCount=0, Amt=0, Days=0
[2026-06-10T08:15:38.681Z] [Late-Dbg] User 63 Final: LateCount=0, Amt=0, Days=0
[2026-06-10T08:15:38.728Z] [Late-Dbg] User 64 Final: LateCount=0, Amt=0, Days=0
[2026-06-10T08:15:38.772Z] [Late-Dbg] User 65 Final: LateCount=0, Amt=0, Days=0
[2026-06-10T08:15:38.815Z] [Late-Dbg] User 68 Final: LateCount=0, Amt=0, Days=0
[2026-06-10T08:15:38.945Z] [Late-Dbg] User 69 Final: LateCount=2, Amt=0, Days=0
[2026-06-10T08:15:39.174Z] [Late-Dbg] User 70 Final: LateCount=0, Amt=0, Days=0
[2026-06-10T08:15:39.213Z] [Late-Dbg] User 98 Final: LateCount=0, Amt=0, Days=0
[2026-06-10T08:15:39.253Z] [Late-Dbg] User 99 Final: LateCount=0, Amt=0, Days=0
[2026-06-10T08:15:39.294Z] [Late-Dbg] User 100 Final: LateCount=0, Amt=0, Days=0
[2026-06-10T08:15:39.336Z] [Late-Dbg] User 101 Final: LateCount=0, Amt=0, Days=0
[2026-06-10T08:15:39.378Z] [Late-Dbg] User 102 Final: LateCount=0, Amt=0, Days=0
[2026-06-10T08:15:39.418Z] [Late-Dbg] User 103 Final: LateCount=0, Amt=0, Days=0
[2026-06-10T08:15:39.459Z] [Late-Dbg] User 104 Final: LateCount=0, Amt=0, Days=0
[2026-06-10T08:15:39.491Z] [Late-Dbg] User 105 Final: LateCount=0, Amt=0, Days=0
[2026-06-10T08:15:39.528Z] [Late-Dbg] User 106 Final: LateCount=0, Amt=0, Days=0
[2026-06-10T08:15:39.557Z] [Late-Dbg] User 107 Final: LateCount=0, Amt=0, Days=0
[2026-06-10T08:15:39.581Z] [Late-Dbg] User 108 Final: LateCount=0, Amt=0, Days=0
[2026-06-10T08:15:39.618Z] [Late-Dbg] User 109 Final: LateCount=0, Amt=0, Days=0
[2026-06-10T08:15:39.674Z] [Late-Dbg] User 182 Final: LateCount=0, Amt=0, Days=0
[2026-06-10T08:15:39.828Z] [Late-Dbg] User 185 Final: LateCount=0, Amt=0, Days=0
[2026-06-10T08:15:40.102Z] [Late-Dbg] User 186 Final: LateCount=0, Amt=0, Days=0
[2026-06-10T09:32:41.138Z] [Late-Dbg] User 57 Final: LateCount=0, Amt=0, Days=0
[Admin-Bonus] SKIP: User 57, Rule Active=true, RuleMonth=2026-04, TargetMonth=2026-06
[2026-06-10T09:32:41.231Z] [Late-Dbg] User 58 Final: LateCount=0, Amt=0, Days=0
[Admin-Bonus] SKIP: User 58, Rule Active=true, RuleMonth=2026-04, TargetMonth=2026-06
[2026-06-10T09:32:41.468Z] [Late-Dbg] User 59 Final: LateCount=0, Amt=0, Days=0
[2026-06-10T09:32:41.510Z] [Late-Dbg] User 61 Final: LateCount=0, Amt=0, Days=0
[2026-06-10T09:32:41.558Z] [Late-Dbg] User 62 Final: LateCount=0, Amt=0, Days=0
[2026-06-10T09:32:41.604Z] [Late-Dbg] User 63 Final: LateCount=0, Amt=0, Days=0
[2026-06-10T09:32:41.651Z] [Late-Dbg] User 64 Final: LateCount=0, Amt=0, Days=0
[2026-06-10T09:32:41.700Z] [Late-Dbg] User 65 Final: LateCount=0, Amt=0, Days=0
[2026-06-10T09:32:41.750Z] [Late-Dbg] User 68 Final: LateCount=0, Amt=0, Days=0
[2026-06-10T09:32:41.883Z] [Late-Dbg] User 69 Final: LateCount=2, Amt=0, Days=0
[2026-06-10T09:32:42.126Z] [Late-Dbg] User 70 Final: LateCount=0, Amt=0, Days=0
[2026-06-10T09:32:42.171Z] [Late-Dbg] User 98 Final: LateCount=0, Amt=0, Days=0
[2026-06-10T09:32:42.213Z] [Late-Dbg] User 99 Final: LateCount=0, Amt=0, Days=0
[2026-06-10T09:32:42.251Z] [Late-Dbg] User 100 Final: LateCount=0, Amt=0, Days=0
[2026-06-10T09:32:42.287Z] [Late-Dbg] User 101 Final: LateCount=0, Amt=0, Days=0
[2026-06-10T09:32:42.325Z] [Late-Dbg] User 102 Final: LateCount=0, Amt=0, Days=0
[2026-06-10T09:32:42.371Z] [Late-Dbg] User 103 Final: LateCount=0, Amt=0, Days=0
[2026-06-10T09:32:42.417Z] [Late-Dbg] User 104 Final: LateCount=0, Amt=0, Days=0
[2026-06-10T09:32:42.460Z] [Late-Dbg] User 105 Final: LateCount=0, Amt=0, Days=0
[2026-06-10T09:32:42.497Z] [Late-Dbg] User 106 Final: LateCount=0, Amt=0, Days=0
[2026-06-10T09:32:42.528Z] [Late-Dbg] User 107 Final: LateCount=0, Amt=0, Days=0
[2026-06-10T09:32:42.570Z] [Late-Dbg] User 108 Final: LateCount=0, Amt=0, Days=0
[2026-06-10T09:32:42.639Z] [Late-Dbg] User 109 Final: LateCount=0, Amt=0, Days=0
[2026-06-10T09:32:42.739Z] [Late-Dbg] User 182 Final: LateCount=0, Amt=0, Days=0
[2026-06-10T09:32:43.064Z] [Late-Dbg] User 185 Final: LateCount=1, Amt=0, Days=0
[2026-06-10T09:32:43.916Z] [Late-Dbg] User 186 Final: LateCount=0, Amt=0, Days=0
[2026-06-10T16:46:35.265Z] [Late-Dbg] User 57 Final: LateCount=2, Amt=60, Days=0.05
[Admin-Bonus] SKIP: User 57, Rule Active=true, RuleMonth=2026-04, TargetMonth=2026-05
[2026-06-10T16:46:36.246Z] [Late-Dbg] User 58 Final: LateCount=0, Amt=0, Days=0
[Admin-Bonus] SKIP: User 58, Rule Active=true, RuleMonth=2026-04, TargetMonth=2026-05
[2026-06-10T16:46:36.626Z] [Late-Dbg] User 59 Final: LateCount=2, Amt=1129.03, Days=1
[2026-06-10T16:46:36.807Z] [Late-Dbg] User 61 Final: LateCount=0, Amt=0, Days=0
[2026-06-10T16:46:36.910Z] [Late-Dbg] User 62 Final: LateCount=0, Amt=0, Days=0
[2026-06-10T16:46:37.020Z] [Late-Dbg] User 63 Final: LateCount=2, Amt=40, Days=0.04
[2026-06-10T16:46:37.127Z] [Late-Dbg] User 64 Final: LateCount=0, Amt=0, Days=0
[2026-06-10T16:46:37.218Z] [Late-Dbg] User 65 Final: LateCount=2, Amt=30, Days=0.03
[2026-06-10T16:46:37.365Z] [Late-Dbg] User 68 Final: LateCount=0, Amt=0, Days=0
[2026-06-10T16:46:37.580Z] [Late-Dbg] User 69 Final: LateCount=5, Amt=0, Days=0
[2026-06-10T16:46:37.988Z] [Late-Dbg] User 70 Final: LateCount=0, Amt=0, Days=0
[2026-06-10T16:46:38.031Z] [Late-Dbg] User 98 Final: LateCount=0, Amt=0, Days=0
[2026-06-10T16:46:38.072Z] [Late-Dbg] User 99 Final: LateCount=0, Amt=0, Days=0
[2026-06-10T16:46:38.115Z] [Late-Dbg] User 100 Final: LateCount=0, Amt=0, Days=0
[2026-06-10T16:46:38.152Z] [Late-Dbg] User 101 Final: LateCount=0, Amt=0, Days=0
[2026-06-10T16:46:38.193Z] [Late-Dbg] User 102 Final: LateCount=0, Amt=0, Days=0
[2026-06-10T16:46:38.230Z] [Late-Dbg] User 103 Final: LateCount=0, Amt=0, Days=0
[2026-06-10T16:46:38.285Z] [Late-Dbg] User 104 Final: LateCount=0, Amt=0, Days=0
[2026-06-10T16:46:38.365Z] [Late-Dbg] User 105 Final: LateCount=0, Amt=0, Days=0
[2026-06-10T16:46:38.427Z] [Late-Dbg] User 106 Final: LateCount=0, Amt=0, Days=0
[2026-06-10T16:46:38.518Z] [Late-Dbg] User 107 Final: LateCount=0, Amt=0, Days=0
[2026-06-10T16:46:38.582Z] [Late-Dbg] User 108 Final: LateCount=0, Amt=0, Days=0
[2026-06-10T16:46:38.733Z] [Late-Dbg] User 109 Final: LateCount=1, Amt=0, Days=0
[2026-06-10T16:46:38.996Z] [Late-Dbg] User 182 Final: LateCount=1, Amt=30, Days=0.03
[2026-06-10T16:46:40.128Z] [Late-Dbg] User 185 Final: LateCount=0, Amt=0, Days=0
[2026-06-10T16:46:42.278Z] [Late-Dbg] User 186 Final: LateCount=0, Amt=0, Days=0
[2026-06-10T16:46:58.354Z] [Late-Dbg] User 57 Final: LateCount=2, Amt=60, Days=0.05
[Admin-Bonus] SKIP: User 57, Rule Active=true, RuleMonth=2026-04, TargetMonth=2026-05
[2026-06-10T16:46:59.287Z] [Late-Dbg] User 58 Final: LateCount=0, Amt=0, Days=0
[Admin-Bonus] SKIP: User 58, Rule Active=true, RuleMonth=2026-04, TargetMonth=2026-05
[2026-06-10T16:46:59.481Z] [Late-Dbg] User 59 Final: LateCount=2, Amt=1129.03, Days=1
[2026-06-10T16:46:59.784Z] [Late-Dbg] User 61 Final: LateCount=0, Amt=0, Days=0
[2026-06-10T16:46:59.905Z] [Late-Dbg] User 62 Final: LateCount=0, Amt=0, Days=0
[2026-06-10T16:47:00.214Z] [Late-Dbg] User 63 Final: LateCount=2, Amt=40, Days=0.04
[2026-06-10T16:47:00.285Z] [Late-Dbg] User 64 Final: LateCount=0, Amt=0, Days=0
[2026-06-10T16:47:00.376Z] [Late-Dbg] User 65 Final: LateCount=2, Amt=30, Days=0.03
[2026-06-10T16:47:00.524Z] [Late-Dbg] User 68 Final: LateCount=0, Amt=0, Days=0
[2026-06-10T16:47:00.775Z] [Late-Dbg] User 69 Final: LateCount=5, Amt=0, Days=0
[2026-06-10T16:47:01.215Z] [Late-Dbg] User 70 Final: LateCount=0, Amt=0, Days=0
[2026-06-10T16:47:01.293Z] [Late-Dbg] User 98 Final: LateCount=0, Amt=0, Days=0
[2026-06-10T16:47:01.385Z] [Late-Dbg] User 99 Final: LateCount=0, Amt=0, Days=0
[2026-06-10T16:47:01.473Z] [Late-Dbg] User 100 Final: LateCount=0, Amt=0, Days=0
[2026-06-10T16:47:01.565Z] [Late-Dbg] User 101 Final: LateCount=0, Amt=0, Days=0
[2026-06-10T16:47:01.655Z] [Late-Dbg] User 102 Final: LateCount=0, Amt=0, Days=0
[2026-06-10T16:47:01.742Z] [Late-Dbg] User 103 Final: LateCount=0, Amt=0, Days=0
[2026-06-10T16:47:01.891Z] [Late-Dbg] User 104 Final: LateCount=0, Amt=0, Days=0
[2026-06-10T16:47:02.056Z] [Late-Dbg] User 105 Final: LateCount=0, Amt=0, Days=0
[2026-06-10T16:47:02.134Z] [Late-Dbg] User 106 Final: LateCount=0, Amt=0, Days=0
[2026-06-10T16:47:02.257Z] [Late-Dbg] User 107 Final: LateCount=0, Amt=0, Days=0
[2026-06-10T16:47:02.355Z] [Late-Dbg] User 108 Final: LateCount=0, Amt=0, Days=0
[2026-06-10T16:47:02.706Z] [Late-Dbg] User 109 Final: LateCount=1, Amt=0, Days=0
[2026-06-10T16:47:03.021Z] [Late-Dbg] User 182 Final: LateCount=1, Amt=30, Days=0.03
[2026-06-10T16:47:04.479Z] [Late-Dbg] User 185 Final: LateCount=0, Amt=0, Days=0
[2026-06-10T16:47:06.492Z] [Late-Dbg] User 186 Final: LateCount=0, Amt=0, Days=0
[2026-06-10T16:48:45.687Z] [Late-Dbg] User 57 Final: LateCount=2, Amt=60, Days=0.05
[Admin-Bonus] SKIP: User 57, Rule Active=true, RuleMonth=2026-04, TargetMonth=2026-05
[2026-06-10T16:48:46.644Z] [Late-Dbg] User 58 Final: LateCount=0, Amt=0, Days=0
[Admin-Bonus] SKIP: User 58, Rule Active=true, RuleMonth=2026-04, TargetMonth=2026-05
[2026-06-10T16:48:46.895Z] [Late-Dbg] User 59 Final: LateCount=2, Amt=1129.03, Days=1
[2026-06-10T16:48:47.211Z] [Late-Dbg] User 61 Final: LateCount=0, Amt=0, Days=0
[2026-06-10T16:48:47.334Z] [Late-Dbg] User 62 Final: LateCount=0, Amt=0, Days=0
[2026-06-10T16:48:47.465Z] [Late-Dbg] User 63 Final: LateCount=2, Amt=40, Days=0.04
[2026-06-10T16:48:47.605Z] [Late-Dbg] User 64 Final: LateCount=0, Amt=0, Days=0
[2026-06-10T16:48:47.713Z] [Late-Dbg] User 65 Final: LateCount=2, Amt=30, Days=0.03
[2026-06-10T16:48:47.893Z] [Late-Dbg] User 68 Final: LateCount=0, Amt=0, Days=0
[2026-06-10T16:48:48.311Z] [Late-Dbg] User 69 Final: LateCount=5, Amt=0, Days=0
[2026-06-10T16:48:49.527Z] [Late-Dbg] User 70 Final: LateCount=0, Amt=0, Days=0
[2026-06-10T16:48:49.630Z] [Late-Dbg] User 98 Final: LateCount=0, Amt=0, Days=0
[2026-06-10T16:48:49.722Z] [Late-Dbg] User 99 Final: LateCount=0, Amt=0, Days=0
[2026-06-10T16:48:49.791Z] [Late-Dbg] User 100 Final: LateCount=0, Amt=0, Days=0
[2026-06-10T16:48:49.858Z] [Late-Dbg] User 101 Final: LateCount=0, Amt=0, Days=0
[2026-06-10T16:48:49.949Z] [Late-Dbg] User 102 Final: LateCount=0, Amt=0, Days=0
[2026-06-10T16:48:50.037Z] [Late-Dbg] User 103 Final: LateCount=0, Amt=0, Days=0
[2026-06-10T16:48:50.165Z] [Late-Dbg] User 104 Final: LateCount=0, Amt=0, Days=0
[2026-06-10T16:48:50.298Z] [Late-Dbg] User 105 Final: LateCount=0, Amt=0, Days=0
[2026-06-10T16:48:50.364Z] [Late-Dbg] User 106 Final: LateCount=0, Amt=0, Days=0
[2026-06-10T16:48:50.526Z] [Late-Dbg] User 107 Final: LateCount=0, Amt=0, Days=0
[2026-06-10T16:48:50.614Z] [Late-Dbg] User 108 Final: LateCount=0, Amt=0, Days=0
[2026-06-10T16:48:50.808Z] [Late-Dbg] User 109 Final: LateCount=1, Amt=0, Days=0
[2026-06-10T16:48:51.219Z] [Late-Dbg] User 182 Final: LateCount=1, Amt=30, Days=0.03
[2026-06-10T16:48:51.970Z] [Late-Dbg] User 185 Final: LateCount=0, Amt=0, Days=0
[2026-06-10T16:48:53.304Z] [Late-Dbg] User 186 Final: LateCount=0, Amt=0, Days=0
[2026-06-10T16:52:06.787Z] [Late-Dbg] User 57 Final: LateCount=2, Amt=60, Days=0.05
[Admin-Bonus] SKIP: User 57, Rule Active=true, RuleMonth=2026-04, TargetMonth=2026-05
[2026-06-10T16:52:07.760Z] [Late-Dbg] User 58 Final: LateCount=0, Amt=0, Days=0
[Admin-Bonus] SKIP: User 58, Rule Active=true, RuleMonth=2026-04, TargetMonth=2026-05
[2026-06-10T16:52:08.027Z] [Late-Dbg] User 59 Final: LateCount=2, Amt=1129.03, Days=1
[2026-06-10T16:52:08.317Z] [Late-Dbg] User 61 Final: LateCount=0, Amt=0, Days=0
[2026-06-10T16:52:08.492Z] [Late-Dbg] User 62 Final: LateCount=0, Amt=0, Days=0
[2026-06-10T16:52:08.666Z] [Late-Dbg] User 63 Final: LateCount=2, Amt=40, Days=0.04
[2026-06-10T16:52:08.781Z] [Late-Dbg] User 64 Final: LateCount=0, Amt=0, Days=0
[2026-06-10T16:52:08.876Z] [Late-Dbg] User 65 Final: LateCount=2, Amt=30, Days=0.03
[2026-06-10T16:52:09.023Z] [Late-Dbg] User 68 Final: LateCount=0, Amt=0, Days=0
[2026-06-10T16:52:09.350Z] [Late-Dbg] User 69 Final: LateCount=5, Amt=0, Days=0
[2026-06-10T16:52:10.255Z] [Late-Dbg] User 70 Final: LateCount=0, Amt=0, Days=0
[2026-06-10T16:52:10.361Z] [Late-Dbg] User 98 Final: LateCount=0, Amt=0, Days=0
[2026-06-10T16:52:10.447Z] [Late-Dbg] User 99 Final: LateCount=0, Amt=0, Days=0
[2026-06-10T16:52:10.568Z] [Late-Dbg] User 100 Final: LateCount=0, Amt=0, Days=0
[2026-06-10T16:52:10.626Z] [Late-Dbg] User 101 Final: LateCount=0, Amt=0, Days=0
[2026-06-10T16:52:10.679Z] [Late-Dbg] User 102 Final: LateCount=0, Amt=0, Days=0
[2026-06-10T16:52:10.732Z] [Late-Dbg] User 103 Final: LateCount=0, Amt=0, Days=0
[2026-06-10T16:52:10.814Z] [Late-Dbg] User 104 Final: LateCount=0, Amt=0, Days=0
[2026-06-10T16:52:10.921Z] [Late-Dbg] User 105 Final: LateCount=0, Amt=0, Days=0
[2026-06-10T16:52:11.011Z] [Late-Dbg] User 106 Final: LateCount=0, Amt=0, Days=0
[2026-06-10T16:52:11.127Z] [Late-Dbg] User 107 Final: LateCount=0, Amt=0, Days=0
[2026-06-10T16:52:11.214Z] [Late-Dbg] User 108 Final: LateCount=0, Amt=0, Days=0
[2026-06-10T16:52:11.390Z] [Late-Dbg] User 109 Final: LateCount=1, Amt=0, Days=0
[2026-06-10T16:52:11.850Z] [Late-Dbg] User 182 Final: LateCount=1, Amt=30, Days=0.03
[2026-06-10T16:52:12.858Z] [Late-Dbg] User 185 Final: LateCount=0, Amt=0, Days=0
[2026-06-10T16:52:14.477Z] [Late-Dbg] User 186 Final: LateCount=0, Amt=0, Days=0
[2026-06-11T05:35:16.355Z] [Late-Dbg] User 57 Final: LateCount=2, Amt=60, Days=0.05
[Admin-Bonus] SKIP: User 57, Rule Active=true, RuleMonth=2026-04, TargetMonth=2026-05
[2026-06-11T05:35:17.144Z] [Late-Dbg] User 58 Final: LateCount=0, Amt=0, Days=0
[Admin-Bonus] SKIP: User 58, Rule Active=true, RuleMonth=2026-04, TargetMonth=2026-05
[2026-06-11T05:35:17.278Z] [Late-Dbg] User 59 Final: LateCount=2, Amt=1129.03, Days=1
[2026-06-11T05:35:17.531Z] [Late-Dbg] User 61 Final: LateCount=0, Amt=0, Days=0
[2026-06-11T05:35:17.625Z] [Late-Dbg] User 62 Final: LateCount=0, Amt=0, Days=0
[2026-06-11T05:35:17.730Z] [Late-Dbg] User 63 Final: LateCount=2, Amt=40, Days=0.04
[2026-06-11T05:35:17.834Z] [Late-Dbg] User 64 Final: LateCount=0, Amt=0, Days=0
[2026-06-11T05:35:17.926Z] [Late-Dbg] User 65 Final: LateCount=2, Amt=30, Days=0.03
[2026-06-11T05:35:18.065Z] [Late-Dbg] User 68 Final: LateCount=0, Amt=0, Days=0
[2026-06-11T05:35:18.343Z] [Late-Dbg] User 69 Final: LateCount=5, Amt=0, Days=0
[2026-06-11T05:35:18.928Z] [Late-Dbg] User 70 Final: LateCount=0, Amt=0, Days=0
[2026-06-11T05:35:18.972Z] [Late-Dbg] User 98 Final: LateCount=0, Amt=0, Days=0
[2026-06-11T05:35:19.013Z] [Late-Dbg] User 99 Final: LateCount=0, Amt=0, Days=0
[2026-06-11T05:35:19.044Z] [Late-Dbg] User 100 Final: LateCount=0, Amt=0, Days=0
[2026-06-11T05:35:19.079Z] [Late-Dbg] User 101 Final: LateCount=0, Amt=0, Days=0
[2026-06-11T05:35:19.122Z] [Late-Dbg] User 102 Final: LateCount=0, Amt=0, Days=0
[2026-06-11T05:35:19.166Z] [Late-Dbg] User 103 Final: LateCount=0, Amt=0, Days=0
[2026-06-11T05:35:19.231Z] [Late-Dbg] User 104 Final: LateCount=0, Amt=0, Days=0
[2026-06-11T05:35:19.311Z] [Late-Dbg] User 105 Final: LateCount=0, Amt=0, Days=0
[2026-06-11T05:35:19.373Z] [Late-Dbg] User 106 Final: LateCount=0, Amt=0, Days=0
[2026-06-11T05:35:19.455Z] [Late-Dbg] User 107 Final: LateCount=0, Amt=0, Days=0
[2026-06-11T05:35:19.529Z] [Late-Dbg] User 108 Final: LateCount=0, Amt=0, Days=0
[2026-06-11T05:35:19.859Z] [Late-Dbg] User 109 Final: LateCount=1, Amt=0, Days=0
[2026-06-11T05:35:20.538Z] [Late-Dbg] User 182 Final: LateCount=1, Amt=30, Days=0.03
[2026-06-11T05:35:21.778Z] [Late-Dbg] User 185 Final: LateCount=0, Amt=0, Days=0
[2026-06-11T05:35:23.426Z] [Late-Dbg] User 186 Final: LateCount=0, Amt=0, Days=0
[2026-06-11T05:55:19.276Z] [User 185] calculateSalary (Existing): lpResult: {"latePunchInMinutes":0,"latePunchInPenalty":0,"latePenaltyDays":0,"lateCount":0,"lateDetails":[]}
[2026-06-11T05:56:18.247Z] [User 185] Date 2026-05-03: WEEKLY_OFF PRESENT. Multiplier=2. New Present Total=4
[2026-06-11T05:56:18.248Z] [User 185] Date 2026-05-10: WEEKLY_OFF PRESENT. Multiplier=2. New Present Total=12
[2026-06-11T05:56:18.584Z] [User 185] calculateSalary (Live): lpResult: {"latePunchInMinutes":0,"latePunchInPenalty":0,"latePenaltyDays":0,"lateCount":0,"lateDetails":[]}
[2026-06-11T05:56:29.149Z] [User 185] Date 2026-05-03: WEEKLY_OFF PRESENT. Multiplier=2. New Present Total=4
[2026-06-11T05:56:29.150Z] [User 185] Date 2026-05-10: WEEKLY_OFF PRESENT. Multiplier=2. New Present Total=12
[2026-06-11T05:56:29.405Z] [User 185] calculateSalary (Live): lpResult: {"latePunchInMinutes":0,"latePunchInPenalty":0,"latePenaltyDays":0,"lateCount":0,"lateDetails":[]}
[2026-06-11T06:00:19.666Z] [Late-Dbg] User 57 Final: LateCount=2, Amt=60, Days=0.05
[Admin-Bonus] SKIP: User 57, Rule Active=true, RuleMonth=2026-04, TargetMonth=2026-05
[2026-06-11T06:00:20.103Z] [Late-Dbg] User 58 Final: LateCount=0, Amt=0, Days=0
[Admin-Bonus] SKIP: User 58, Rule Active=true, RuleMonth=2026-04, TargetMonth=2026-05
[2026-06-11T06:00:20.185Z] [Late-Dbg] User 59 Final: LateCount=2, Amt=1129.03, Days=1
[2026-06-11T06:00:20.310Z] [Late-Dbg] User 61 Final: LateCount=0, Amt=0, Days=0
[2026-06-11T06:00:20.360Z] [Late-Dbg] User 62 Final: LateCount=0, Amt=0, Days=0
[2026-06-11T06:00:20.417Z] [Late-Dbg] User 63 Final: LateCount=2, Amt=40, Days=0.04
[2026-06-11T06:00:20.473Z] [Late-Dbg] User 64 Final: LateCount=0, Amt=0, Days=0
[2026-06-11T06:00:20.521Z] [Late-Dbg] User 65 Final: LateCount=2, Amt=30, Days=0.03
[2026-06-11T06:00:20.596Z] [Late-Dbg] User 68 Final: LateCount=0, Amt=0, Days=0
[2026-06-11T06:00:20.728Z] [Late-Dbg] User 69 Final: LateCount=5, Amt=0, Days=0
[2026-06-11T06:00:21.018Z] [Late-Dbg] User 70 Final: LateCount=0, Amt=0, Days=0
[2026-06-11T06:00:21.039Z] [Late-Dbg] User 98 Final: LateCount=0, Amt=0, Days=0
[2026-06-11T06:00:21.060Z] [Late-Dbg] User 99 Final: LateCount=0, Amt=0, Days=0
[2026-06-11T06:00:21.080Z] [Late-Dbg] User 100 Final: LateCount=0, Amt=0, Days=0
[2026-06-11T06:00:21.103Z] [Late-Dbg] User 101 Final: LateCount=0, Amt=0, Days=0
[2026-06-11T06:00:21.123Z] [Late-Dbg] User 102 Final: LateCount=0, Amt=0, Days=0
[2026-06-11T06:00:21.142Z] [Late-Dbg] User 103 Final: LateCount=0, Amt=0, Days=0
[2026-06-11T06:00:21.175Z] [Late-Dbg] User 104 Final: LateCount=0, Amt=0, Days=0
[2026-06-11T06:00:21.212Z] [Late-Dbg] User 105 Final: LateCount=0, Amt=0, Days=0
[2026-06-11T06:00:21.244Z] [Late-Dbg] User 106 Final: LateCount=0, Amt=0, Days=0
[2026-06-11T06:00:21.290Z] [Late-Dbg] User 107 Final: LateCount=0, Amt=0, Days=0
[2026-06-11T06:00:21.327Z] [Late-Dbg] User 108 Final: LateCount=0, Amt=0, Days=0
[2026-06-11T06:00:21.407Z] [Late-Dbg] User 109 Final: LateCount=1, Amt=0, Days=0
[2026-06-11T06:00:21.579Z] [Late-Dbg] User 182 Final: LateCount=1, Amt=30, Days=0.03
[2026-06-11T06:00:21.871Z] [Late-Dbg] User 185 Final: LateCount=0, Amt=0, Days=0
[2026-06-11T06:00:22.446Z] [Late-Dbg] User 186 Final: LateCount=0, Amt=0, Days=0
[2026-06-11T06:01:11.787Z] [Late-Dbg] User 57 Final: LateCount=2, Amt=60, Days=0.05
[Admin-Bonus] SKIP: User 57, Rule Active=true, RuleMonth=2026-04, TargetMonth=2026-05
[2026-06-11T06:01:12.202Z] [Late-Dbg] User 58 Final: LateCount=0, Amt=0, Days=0
[Admin-Bonus] SKIP: User 58, Rule Active=true, RuleMonth=2026-04, TargetMonth=2026-05
[2026-06-11T06:01:12.277Z] [Late-Dbg] User 59 Final: LateCount=2, Amt=1129.03, Days=1
[2026-06-11T06:01:12.395Z] [Late-Dbg] User 61 Final: LateCount=0, Amt=0, Days=0
[2026-06-11T06:01:12.442Z] [Late-Dbg] User 62 Final: LateCount=0, Amt=0, Days=0
[2026-06-11T06:01:12.502Z] [Late-Dbg] User 63 Final: LateCount=2, Amt=40, Days=0.04
[2026-06-11T06:01:12.553Z] [Late-Dbg] User 64 Final: LateCount=0, Amt=0, Days=0
[2026-06-11T06:01:12.599Z] [Late-Dbg] User 65 Final: LateCount=2, Amt=30, Days=0.03
[2026-06-11T06:01:12.670Z] [Late-Dbg] User 68 Final: LateCount=0, Amt=0, Days=0
[2026-06-11T06:01:12.816Z] [Late-Dbg] User 69 Final: LateCount=5, Amt=0, Days=0
[2026-06-11T06:01:13.116Z] [Late-Dbg] User 70 Final: LateCount=0, Amt=0, Days=0
[2026-06-11T06:01:13.136Z] [Late-Dbg] User 98 Final: LateCount=0, Amt=0, Days=0
[2026-06-11T06:01:13.158Z] [Late-Dbg] User 99 Final: LateCount=0, Amt=0, Days=0
[2026-06-11T06:01:13.180Z] [Late-Dbg] User 100 Final: LateCount=0, Amt=0, Days=0
[2026-06-11T06:01:13.203Z] [Late-Dbg] User 101 Final: LateCount=0, Amt=0, Days=0
[2026-06-11T06:01:13.229Z] [Late-Dbg] User 102 Final: LateCount=0, Amt=0, Days=0
[2026-06-11T06:01:13.251Z] [Late-Dbg] User 103 Final: LateCount=0, Amt=0, Days=0
[2026-06-11T06:01:13.282Z] [Late-Dbg] User 104 Final: LateCount=0, Amt=0, Days=0
[2026-06-11T06:01:13.319Z] [Late-Dbg] User 105 Final: LateCount=0, Amt=0, Days=0
[2026-06-11T06:01:13.352Z] [Late-Dbg] User 106 Final: LateCount=0, Amt=0, Days=0
[2026-06-11T06:01:13.400Z] [Late-Dbg] User 107 Final: LateCount=0, Amt=0, Days=0
[2026-06-11T06:01:13.436Z] [Late-Dbg] User 108 Final: LateCount=0, Amt=0, Days=0
[2026-06-11T06:01:13.519Z] [Late-Dbg] User 109 Final: LateCount=1, Amt=0, Days=0
[2026-06-11T06:01:13.700Z] [Late-Dbg] User 182 Final: LateCount=1, Amt=30, Days=0.03
[2026-06-11T06:01:14.001Z] [Late-Dbg] User 185 Final: LateCount=0, Amt=0, Days=0
[2026-06-11T06:01:14.527Z] [Late-Dbg] User 186 Final: LateCount=0, Amt=0, Days=0
[2026-06-11T06:01:49.102Z] [Late-Dbg] User 57 Final: LateCount=2, Amt=60, Days=0.05
[Admin-Bonus] SKIP: User 57, Rule Active=true, RuleMonth=2026-04, TargetMonth=2026-05
[2026-06-11T06:01:49.479Z] [Late-Dbg] User 58 Final: LateCount=0, Amt=0, Days=0
[Admin-Bonus] SKIP: User 58, Rule Active=true, RuleMonth=2026-04, TargetMonth=2026-05
[2026-06-11T06:01:49.549Z] [Late-Dbg] User 59 Final: LateCount=2, Amt=1129.03, Days=1
[2026-06-11T06:01:49.667Z] [Late-Dbg] User 61 Final: LateCount=0, Amt=0, Days=0
[2026-06-11T06:01:49.764Z] [Late-Dbg] User 62 Final: LateCount=0, Amt=0, Days=0
[2026-06-11T06:01:49.815Z] [Late-Dbg] User 63 Final: LateCount=2, Amt=40, Days=0.04
[2026-06-11T06:01:49.872Z] [Late-Dbg] User 64 Final: LateCount=0, Amt=0, Days=0
[2026-06-11T06:01:49.916Z] [Late-Dbg] User 65 Final: LateCount=2, Amt=30, Days=0.03
[2026-06-11T06:01:49.984Z] [Late-Dbg] User 68 Final: LateCount=0, Amt=0, Days=0
[2026-06-11T06:01:50.109Z] [Late-Dbg] User 69 Final: LateCount=5, Amt=0, Days=0
[2026-06-11T06:01:50.393Z] [Late-Dbg] User 70 Final: LateCount=0, Amt=0, Days=0
[2026-06-11T06:01:50.413Z] [Late-Dbg] User 98 Final: LateCount=0, Amt=0, Days=0
[2026-06-11T06:01:50.433Z] [Late-Dbg] User 99 Final: LateCount=0, Amt=0, Days=0
[2026-06-11T06:01:50.451Z] [Late-Dbg] User 100 Final: LateCount=0, Amt=0, Days=0
[2026-06-11T06:01:50.472Z] [Late-Dbg] User 101 Final: LateCount=0, Amt=0, Days=0
[2026-06-11T06:01:50.494Z] [Late-Dbg] User 102 Final: LateCount=0, Amt=0, Days=0
[2026-06-11T06:01:50.513Z] [Late-Dbg] User 103 Final: LateCount=0, Amt=0, Days=0
[2026-06-11T06:01:50.543Z] [Late-Dbg] User 104 Final: LateCount=0, Amt=0, Days=0
[2026-06-11T06:01:50.581Z] [Late-Dbg] User 105 Final: LateCount=0, Amt=0, Days=0
[2026-06-11T06:01:50.612Z] [Late-Dbg] User 106 Final: LateCount=0, Amt=0, Days=0
[2026-06-11T06:01:50.652Z] [Late-Dbg] User 107 Final: LateCount=0, Amt=0, Days=0
[2026-06-11T06:01:50.687Z] [Late-Dbg] User 108 Final: LateCount=0, Amt=0, Days=0
[2026-06-11T06:01:50.771Z] [Late-Dbg] User 109 Final: LateCount=1, Amt=0, Days=0
[2026-06-11T06:01:50.949Z] [Late-Dbg] User 182 Final: LateCount=1, Amt=30, Days=0.03
[2026-06-11T06:01:51.241Z] [Late-Dbg] User 185 Final: LateCount=0, Amt=0, Days=0
[2026-06-11T06:01:51.749Z] [Late-Dbg] User 186 Final: LateCount=0, Amt=0, Days=0
[2026-06-11T06:03:43.259Z] [Late-Dbg] User 57 Final: LateCount=2, Amt=60, Days=0.05
[Admin-Bonus] SKIP: User 57, Rule Active=true, RuleMonth=2026-04, TargetMonth=2026-05
[2026-06-11T06:03:43.651Z] [Late-Dbg] User 58 Final: LateCount=0, Amt=0, Days=0
[Admin-Bonus] SKIP: User 58, Rule Active=true, RuleMonth=2026-04, TargetMonth=2026-05
[2026-06-11T06:03:43.721Z] [Late-Dbg] User 59 Final: LateCount=2, Amt=1129.03, Days=1
[2026-06-11T06:03:43.839Z] [Late-Dbg] User 61 Final: LateCount=0, Amt=0, Days=0
[2026-06-11T06:03:43.884Z] [Late-Dbg] User 62 Final: LateCount=0, Amt=0, Days=0
[2026-06-11T06:03:43.934Z] [Late-Dbg] User 63 Final: LateCount=2, Amt=40, Days=0.04
[2026-06-11T06:03:43.983Z] [Late-Dbg] User 64 Final: LateCount=0, Amt=0, Days=0
[2026-06-11T06:03:44.032Z] [Late-Dbg] User 65 Final: LateCount=2, Amt=30, Days=0.03
[2026-06-11T06:03:44.098Z] [Late-Dbg] User 68 Final: LateCount=0, Amt=0, Days=0
[2026-06-11T06:03:44.216Z] [Late-Dbg] User 69 Final: LateCount=5, Amt=0, Days=0
[2026-06-11T06:03:44.541Z] [Late-Dbg] User 70 Final: LateCount=0, Amt=0, Days=0
[2026-06-11T06:03:44.559Z] [Late-Dbg] User 98 Final: LateCount=0, Amt=0, Days=0
[2026-06-11T06:03:44.578Z] [Late-Dbg] User 99 Final: LateCount=0, Amt=0, Days=0
[2026-06-11T06:03:44.597Z] [Late-Dbg] User 100 Final: LateCount=0, Amt=0, Days=0
[2026-06-11T06:03:44.617Z] [Late-Dbg] User 101 Final: LateCount=0, Amt=0, Days=0
[2026-06-11T06:03:44.640Z] [Late-Dbg] User 102 Final: LateCount=0, Amt=0, Days=0
[2026-06-11T06:03:44.659Z] [Late-Dbg] User 103 Final: LateCount=0, Amt=0, Days=0
[2026-06-11T06:03:44.689Z] [Late-Dbg] User 104 Final: LateCount=0, Amt=0, Days=0
[2026-06-11T06:03:44.727Z] [Late-Dbg] User 105 Final: LateCount=0, Amt=0, Days=0
[2026-06-11T06:03:44.759Z] [Late-Dbg] User 106 Final: LateCount=0, Amt=0, Days=0
[2026-06-11T06:03:44.801Z] [Late-Dbg] User 107 Final: LateCount=0, Amt=0, Days=0
[2026-06-11T06:03:44.839Z] [Late-Dbg] User 108 Final: LateCount=0, Amt=0, Days=0
[2026-06-11T06:03:44.920Z] [Late-Dbg] User 109 Final: LateCount=1, Amt=0, Days=0
[2026-06-11T06:03:45.081Z] [Late-Dbg] User 182 Final: LateCount=1, Amt=30, Days=0.03
[2026-06-11T06:03:45.431Z] [Late-Dbg] User 185 Final: LateCount=0, Amt=0, Days=0
[2026-06-11T06:03:46.188Z] [Late-Dbg] User 186 Final: LateCount=0, Amt=0, Days=0
[2026-06-11T06:05:33.257Z] [Late-Dbg] User 57 Final: LateCount=2, Amt=60, Days=0.05
[Admin-Bonus] SKIP: User 57, Rule Active=true, RuleMonth=2026-04, TargetMonth=2026-05
[2026-06-11T06:05:33.615Z] [Late-Dbg] User 58 Final: LateCount=0, Amt=0, Days=0
[Admin-Bonus] SKIP: User 58, Rule Active=true, RuleMonth=2026-04, TargetMonth=2026-05
[2026-06-11T06:05:33.680Z] [Late-Dbg] User 59 Final: LateCount=2, Amt=1129.03, Days=1
[2026-06-11T06:05:33.798Z] [Late-Dbg] User 61 Final: LateCount=0, Amt=0, Days=0
[2026-06-11T06:05:33.844Z] [Late-Dbg] User 62 Final: LateCount=0, Amt=0, Days=0
[2026-06-11T06:05:33.891Z] [Late-Dbg] User 63 Final: LateCount=2, Amt=40, Days=0.04
[2026-06-11T06:05:33.940Z] [Late-Dbg] User 64 Final: LateCount=0, Amt=0, Days=0
[2026-06-11T06:05:34.016Z] [Late-Dbg] User 65 Final: LateCount=2, Amt=30, Days=0.03
[2026-06-11T06:05:34.096Z] [Late-Dbg] User 68 Final: LateCount=0, Amt=0, Days=0
[2026-06-11T06:05:34.210Z] [Late-Dbg] User 69 Final: LateCount=5, Amt=0, Days=0
[2026-06-11T06:05:34.470Z] [Late-Dbg] User 70 Final: LateCount=0, Amt=0, Days=0
[2026-06-11T06:05:34.489Z] [Late-Dbg] User 98 Final: LateCount=0, Amt=0, Days=0
[2026-06-11T06:05:34.507Z] [Late-Dbg] User 99 Final: LateCount=0, Amt=0, Days=0
[2026-06-11T06:05:34.524Z] [Late-Dbg] User 100 Final: LateCount=0, Amt=0, Days=0
[2026-06-11T06:05:34.542Z] [Late-Dbg] User 101 Final: LateCount=0, Amt=0, Days=0
[2026-06-11T06:05:34.559Z] [Late-Dbg] User 102 Final: LateCount=0, Amt=0, Days=0
[2026-06-11T06:05:34.576Z] [Late-Dbg] User 103 Final: LateCount=0, Amt=0, Days=0
[2026-06-11T06:05:34.602Z] [Late-Dbg] User 104 Final: LateCount=0, Amt=0, Days=0
[2026-06-11T06:05:34.639Z] [Late-Dbg] User 105 Final: LateCount=0, Amt=0, Days=0
[2026-06-11T06:05:34.664Z] [Late-Dbg] User 106 Final: LateCount=0, Amt=0, Days=0
[2026-06-11T06:05:34.706Z] [Late-Dbg] User 107 Final: LateCount=0, Amt=0, Days=0
[2026-06-11T06:05:34.740Z] [Late-Dbg] User 108 Final: LateCount=0, Amt=0, Days=0
[2026-06-11T06:05:34.819Z] [Late-Dbg] User 109 Final: LateCount=1, Amt=0, Days=0
[2026-06-11T06:05:34.987Z] [Late-Dbg] User 182 Final: LateCount=1, Amt=30, Days=0.03
[2026-06-11T06:05:35.258Z] [Late-Dbg] User 185 Final: LateCount=0, Amt=0, Days=0
[2026-06-11T06:05:35.743Z] [Late-Dbg] User 186 Final: LateCount=0, Amt=0, Days=0
[2026-06-11T06:15:55.050Z] [Late-Dbg] User 57 Final: LateCount=2, Amt=60, Days=0.05
[Admin-Bonus] SKIP: User 57, Rule Active=true, RuleMonth=2026-04, TargetMonth=2026-05
[2026-06-11T06:15:55.444Z] [Late-Dbg] User 58 Final: LateCount=0, Amt=0, Days=0
[Admin-Bonus] SKIP: User 58, Rule Active=true, RuleMonth=2026-04, TargetMonth=2026-05
[2026-06-11T06:15:55.516Z] [Late-Dbg] User 59 Final: LateCount=2, Amt=1129.03, Days=1
[2026-06-11T06:15:55.683Z] [Late-Dbg] User 61 Final: LateCount=0, Amt=0, Days=0
[2026-06-11T06:15:55.731Z] [Late-Dbg] User 62 Final: LateCount=0, Amt=0, Days=0
[2026-06-11T06:15:55.782Z] [Late-Dbg] User 63 Final: LateCount=2, Amt=40, Days=0.04
[2026-06-11T06:15:55.833Z] [Late-Dbg] User 64 Final: LateCount=0, Amt=0, Days=0
[2026-06-11T06:15:55.880Z] [Late-Dbg] User 65 Final: LateCount=2, Amt=30, Days=0.03
[2026-06-11T06:15:55.946Z] [Late-Dbg] User 68 Final: LateCount=0, Amt=0, Days=0
[2026-06-11T06:15:56.077Z] [Late-Dbg] User 69 Final: LateCount=5, Amt=0, Days=0
[2026-06-11T06:15:56.351Z] [Late-Dbg] User 70 Final: LateCount=0, Amt=0, Days=0
[2026-06-11T06:15:56.373Z] [Late-Dbg] User 98 Final: LateCount=0, Amt=0, Days=0
[2026-06-11T06:15:56.393Z] [Late-Dbg] User 99 Final: LateCount=0, Amt=0, Days=0
[2026-06-11T06:15:56.412Z] [Late-Dbg] User 100 Final: LateCount=0, Amt=0, Days=0
[2026-06-11T06:15:56.431Z] [Late-Dbg] User 101 Final: LateCount=0, Amt=0, Days=0
[2026-06-11T06:15:56.450Z] [Late-Dbg] User 102 Final: LateCount=0, Amt=0, Days=0
[2026-06-11T06:15:56.473Z] [Late-Dbg] User 103 Final: LateCount=0, Amt=0, Days=0
[2026-06-11T06:15:56.500Z] [Late-Dbg] User 104 Final: LateCount=0, Amt=0, Days=0
[2026-06-11T06:15:56.537Z] [Late-Dbg] User 105 Final: LateCount=0, Amt=0, Days=0
[2026-06-11T06:15:56.566Z] [Late-Dbg] User 106 Final: LateCount=0, Amt=0, Days=0
[2026-06-11T06:15:56.612Z] [Late-Dbg] User 107 Final: LateCount=0, Amt=0, Days=0
[2026-06-11T06:15:56.647Z] [Late-Dbg] User 108 Final: LateCount=0, Amt=0, Days=0
[2026-06-11T06:15:56.725Z] [Late-Dbg] User 109 Final: LateCount=1, Amt=0, Days=0
[2026-06-11T06:15:56.896Z] [Late-Dbg] User 182 Final: LateCount=1, Amt=30, Days=0.03
[2026-06-11T06:15:57.183Z] [Late-Dbg] User 185 Final: LateCount=0, Amt=0, Days=0
[2026-06-11T06:15:57.677Z] [Late-Dbg] User 186 Final: LateCount=0, Amt=0, Days=0
[2026-06-11T06:16:34.759Z] [Late-Dbg] User 57 Final: LateCount=2, Amt=60, Days=0.05
[Admin-Bonus] SKIP: User 57, Rule Active=true, RuleMonth=2026-04, TargetMonth=2026-05
[2026-06-11T06:16:35.162Z] [Late-Dbg] User 58 Final: LateCount=0, Amt=0, Days=0
[Admin-Bonus] SKIP: User 58, Rule Active=true, RuleMonth=2026-04, TargetMonth=2026-05
[2026-06-11T06:16:35.238Z] [Late-Dbg] User 59 Final: LateCount=2, Amt=1129.03, Days=1
[2026-06-11T06:16:35.361Z] [Late-Dbg] User 61 Final: LateCount=0, Amt=0, Days=0
[2026-06-11T06:16:35.413Z] [Late-Dbg] User 62 Final: LateCount=0, Amt=0, Days=0
[2026-06-11T06:16:35.462Z] [Late-Dbg] User 63 Final: LateCount=2, Amt=40, Days=0.04
[2026-06-11T06:16:35.518Z] [Late-Dbg] User 64 Final: LateCount=0, Amt=0, Days=0
[2026-06-11T06:16:35.561Z] [Late-Dbg] User 65 Final: LateCount=2, Amt=30, Days=0.03
[2026-06-11T06:16:35.639Z] [Late-Dbg] User 68 Final: LateCount=0, Amt=0, Days=0
[2026-06-11T06:16:35.759Z] [Late-Dbg] User 69 Final: LateCount=5, Amt=0, Days=0
[2026-06-11T06:16:36.040Z] [Late-Dbg] User 70 Final: LateCount=0, Amt=0, Days=0
[2026-06-11T06:16:36.060Z] [Late-Dbg] User 98 Final: LateCount=0, Amt=0, Days=0
[2026-06-11T06:16:36.082Z] [Late-Dbg] User 99 Final: LateCount=0, Amt=0, Days=0
[2026-06-11T06:16:36.103Z] [Late-Dbg] User 100 Final: LateCount=0, Amt=0, Days=0
[2026-06-11T06:16:36.121Z] [Late-Dbg] User 101 Final: LateCount=0, Amt=0, Days=0
[2026-06-11T06:16:36.140Z] [Late-Dbg] User 102 Final: LateCount=0, Amt=0, Days=0
[2026-06-11T06:16:36.159Z] [Late-Dbg] User 103 Final: LateCount=0, Amt=0, Days=0
[2026-06-11T06:16:36.190Z] [Late-Dbg] User 104 Final: LateCount=0, Amt=0, Days=0
[2026-06-11T06:16:36.224Z] [Late-Dbg] User 105 Final: LateCount=0, Amt=0, Days=0
[2026-06-11T06:16:36.253Z] [Late-Dbg] User 106 Final: LateCount=0, Amt=0, Days=0
[2026-06-11T06:16:36.294Z] [Late-Dbg] User 107 Final: LateCount=0, Amt=0, Days=0
[2026-06-11T06:16:36.329Z] [Late-Dbg] User 108 Final: LateCount=0, Amt=0, Days=0
[2026-06-11T06:16:36.408Z] [Late-Dbg] User 109 Final: LateCount=1, Amt=0, Days=0
[2026-06-11T06:16:36.570Z] [Late-Dbg] User 182 Final: LateCount=1, Amt=30, Days=0.03
[2026-06-11T06:16:36.905Z] [Late-Dbg] User 185 Final: LateCount=0, Amt=0, Days=0
[2026-06-11T06:16:37.405Z] [Late-Dbg] User 186 Final: LateCount=0, Amt=0, Days=0
[2026-06-11T06:17:24.004Z] [Late-Dbg] User 57 Final: LateCount=2, Amt=60, Days=0.05
[Admin-Bonus] SKIP: User 57, Rule Active=true, RuleMonth=2026-04, TargetMonth=2026-05
[2026-06-11T06:17:24.426Z] [Late-Dbg] User 58 Final: LateCount=0, Amt=0, Days=0
[Admin-Bonus] SKIP: User 58, Rule Active=true, RuleMonth=2026-04, TargetMonth=2026-05
[2026-06-11T06:17:24.521Z] [Late-Dbg] User 59 Final: LateCount=2, Amt=1129.03, Days=1
[2026-06-11T06:17:24.639Z] [Late-Dbg] User 61 Final: LateCount=0, Amt=0, Days=0
[2026-06-11T06:17:24.681Z] [Late-Dbg] User 62 Final: LateCount=0, Amt=0, Days=0
[2026-06-11T06:17:24.730Z] [Late-Dbg] User 63 Final: LateCount=2, Amt=40, Days=0.04
[2026-06-11T06:17:24.783Z] [Late-Dbg] User 64 Final: LateCount=0, Amt=0, Days=0
[2026-06-11T06:17:24.830Z] [Late-Dbg] User 65 Final: LateCount=2, Amt=30, Days=0.03
[2026-06-11T06:17:24.899Z] [Late-Dbg] User 68 Final: LateCount=0, Amt=0, Days=0
[2026-06-11T06:17:25.021Z] [Late-Dbg] User 69 Final: LateCount=5, Amt=0, Days=0
[2026-06-11T06:17:25.281Z] [Late-Dbg] User 70 Final: LateCount=0, Amt=0, Days=0
[2026-06-11T06:17:25.306Z] [Late-Dbg] User 98 Final: LateCount=0, Amt=0, Days=0
[2026-06-11T06:17:25.325Z] [Late-Dbg] User 99 Final: LateCount=0, Amt=0, Days=0
[2026-06-11T06:17:25.342Z] [Late-Dbg] User 100 Final: LateCount=0, Amt=0, Days=0
[2026-06-11T06:17:25.360Z] [Late-Dbg] User 101 Final: LateCount=0, Amt=0, Days=0
[2026-06-11T06:17:25.379Z] [Late-Dbg] User 102 Final: LateCount=0, Amt=0, Days=0
[2026-06-11T06:17:25.398Z] [Late-Dbg] User 103 Final: LateCount=0, Amt=0, Days=0
[2026-06-11T06:17:25.432Z] [Late-Dbg] User 104 Final: LateCount=0, Amt=0, Days=0
[2026-06-11T06:17:25.472Z] [Late-Dbg] User 105 Final: LateCount=0, Amt=0, Days=0
[2026-06-11T06:17:25.498Z] [Late-Dbg] User 106 Final: LateCount=0, Amt=0, Days=0
[2026-06-11T06:17:25.542Z] [Late-Dbg] User 107 Final: LateCount=0, Amt=0, Days=0
[2026-06-11T06:17:25.577Z] [Late-Dbg] User 108 Final: LateCount=0, Amt=0, Days=0
[2026-06-11T06:17:25.653Z] [Late-Dbg] User 109 Final: LateCount=1, Amt=0, Days=0
[2026-06-11T06:17:25.808Z] [Late-Dbg] User 182 Final: LateCount=1, Amt=30, Days=0.03
[2026-06-11T06:17:26.091Z] [Late-Dbg] User 185 Final: LateCount=0, Amt=0, Days=0
[2026-06-11T06:17:26.682Z] [Late-Dbg] User 186 Final: LateCount=0, Amt=0, Days=0
[2026-06-11T06:18:28.286Z] [Late-Dbg] User 57 Final: LateCount=2, Amt=60, Days=0.05
[Admin-Bonus] SKIP: User 57, Rule Active=true, RuleMonth=2026-04, TargetMonth=2026-05
[2026-06-11T06:18:28.707Z] [Late-Dbg] User 58 Final: LateCount=0, Amt=0, Days=0
[Admin-Bonus] SKIP: User 58, Rule Active=true, RuleMonth=2026-04, TargetMonth=2026-05
[2026-06-11T06:18:28.774Z] [Late-Dbg] User 59 Final: LateCount=2, Amt=1166.67, Days=1
[2026-06-11T06:18:28.887Z] [Late-Dbg] User 61 Final: LateCount=0, Amt=0, Days=0
[2026-06-11T06:18:28.930Z] [Late-Dbg] User 62 Final: LateCount=0, Amt=0, Days=0
[2026-06-11T06:18:28.978Z] [Late-Dbg] User 63 Final: LateCount=2, Amt=40, Days=0.04
[2026-06-11T06:18:29.025Z] [Late-Dbg] User 64 Final: LateCount=0, Amt=0, Days=0
[2026-06-11T06:18:29.064Z] [Late-Dbg] User 65 Final: LateCount=2, Amt=30, Days=0.03
[2026-06-11T06:18:29.137Z] [Late-Dbg] User 68 Final: LateCount=0, Amt=0, Days=0
[2026-06-11T06:18:29.253Z] [Late-Dbg] User 69 Final: LateCount=5, Amt=0, Days=0
[2026-06-11T06:18:29.521Z] [Late-Dbg] User 70 Final: LateCount=0, Amt=0, Days=0
[2026-06-11T06:18:29.542Z] [Late-Dbg] User 98 Final: LateCount=0, Amt=0, Days=0
[2026-06-11T06:18:29.561Z] [Late-Dbg] User 99 Final: LateCount=0, Amt=0, Days=0
[2026-06-11T06:18:29.579Z] [Late-Dbg] User 100 Final: LateCount=0, Amt=0, Days=0
[2026-06-11T06:18:29.598Z] [Late-Dbg] User 101 Final: LateCount=0, Amt=0, Days=0
[2026-06-11T06:18:29.618Z] [Late-Dbg] User 102 Final: LateCount=0, Amt=0, Days=0
[2026-06-11T06:18:29.638Z] [Late-Dbg] User 103 Final: LateCount=0, Amt=0, Days=0
[2026-06-11T06:18:29.663Z] [Late-Dbg] User 104 Final: LateCount=0, Amt=0, Days=0
[2026-06-11T06:18:29.705Z] [Late-Dbg] User 105 Final: LateCount=0, Amt=0, Days=0
[2026-06-11T06:18:29.731Z] [Late-Dbg] User 106 Final: LateCount=0, Amt=0, Days=0
[2026-06-11T06:18:29.775Z] [Late-Dbg] User 107 Final: LateCount=0, Amt=0, Days=0
[2026-06-11T06:18:29.811Z] [Late-Dbg] User 108 Final: LateCount=0, Amt=0, Days=0
[2026-06-11T06:18:29.888Z] [Late-Dbg] User 109 Final: LateCount=1, Amt=0, Days=0
[2026-06-11T06:18:30.055Z] [Late-Dbg] User 182 Final: LateCount=1, Amt=30, Days=0.03
[2026-06-11T06:18:30.329Z] [Late-Dbg] User 185 Final: LateCount=0, Amt=0, Days=0
[2026-06-11T06:18:30.810Z] [Late-Dbg] User 186 Final: LateCount=0, Amt=0, Days=0
[2026-06-11T06:31:46.593Z] [Late-Dbg] User 57 Final: LateCount=2, Amt=60, Days=0.05
[Admin-Bonus] SKIP: User 57, Rule Active=true, RuleMonth=2026-04, TargetMonth=2026-05
[2026-06-11T06:31:48.140Z] [Late-Dbg] User 58 Final: LateCount=0, Amt=0, Days=0
[Admin-Bonus] SKIP: User 58, Rule Active=true, RuleMonth=2026-04, TargetMonth=2026-05
[2026-06-11T06:31:48.473Z] [Late-Dbg] User 59 Final: LateCount=2, Amt=1129.03, Days=1
[2026-06-11T06:31:49.009Z] [Late-Dbg] User 61 Final: LateCount=0, Amt=0, Days=0
[2026-06-11T06:31:49.118Z] [Late-Dbg] User 62 Final: LateCount=0, Amt=0, Days=0
[2026-06-11T06:31:49.234Z] [Late-Dbg] User 63 Final: LateCount=2, Amt=40, Days=0.04
[2026-06-11T06:31:49.339Z] [Late-Dbg] User 64 Final: LateCount=0, Amt=0, Days=0
[2026-06-11T06:31:49.430Z] [Late-Dbg] User 65 Final: LateCount=2, Amt=30, Days=0.03
[2026-06-11T06:31:49.581Z] [Late-Dbg] User 68 Final: LateCount=0, Amt=0, Days=0
[2026-06-11T06:31:49.863Z] [Late-Dbg] User 69 Final: LateCount=5, Amt=0, Days=0
[2026-06-11T06:31:50.608Z] [Late-Dbg] User 70 Final: LateCount=0, Amt=0, Days=0
[2026-06-11T06:31:50.653Z] [Late-Dbg] User 98 Final: LateCount=0, Amt=0, Days=0
[2026-06-11T06:31:50.697Z] [Late-Dbg] User 99 Final: LateCount=0, Amt=0, Days=0
[2026-06-11T06:31:50.739Z] [Late-Dbg] User 100 Final: LateCount=0, Amt=0, Days=0
[2026-06-11T06:31:50.780Z] [Late-Dbg] User 101 Final: LateCount=0, Amt=0, Days=0
[2026-06-11T06:31:50.827Z] [Late-Dbg] User 102 Final: LateCount=0, Amt=0, Days=0
[2026-06-11T06:31:50.869Z] [Late-Dbg] User 103 Final: LateCount=0, Amt=0, Days=0
[2026-06-11T06:31:50.934Z] [Late-Dbg] User 104 Final: LateCount=0, Amt=0, Days=0
[2026-06-11T06:31:51.012Z] [Late-Dbg] User 105 Final: LateCount=0, Amt=0, Days=0
[2026-06-11T06:31:51.077Z] [Late-Dbg] User 106 Final: LateCount=0, Amt=0, Days=0
[2026-06-11T06:31:51.173Z] [Late-Dbg] User 107 Final: LateCount=0, Amt=0, Days=0
[2026-06-11T06:31:51.238Z] [Late-Dbg] User 108 Final: LateCount=0, Amt=0, Days=0
[2026-06-11T06:31:51.414Z] [Late-Dbg] User 109 Final: LateCount=1, Amt=0, Days=0
[2026-06-11T06:31:51.759Z] [Late-Dbg] User 182 Final: LateCount=1, Amt=30, Days=0.03
[2026-06-11T06:31:52.334Z] [Late-Dbg] User 185 Final: LateCount=0, Amt=0, Days=0
[2026-06-11T06:31:53.450Z] [Late-Dbg] User 186 Final: LateCount=0, Amt=0, Days=0
[2026-06-11T06:44:20.554Z] [Late-Dbg] User 57 Final: LateCount=0, Amt=0, Days=0
[Admin-Bonus] SKIP: User 57, Rule Active=true, RuleMonth=2026-04, TargetMonth=2026-06
[2026-06-11T06:44:20.631Z] [Late-Dbg] User 58 Final: LateCount=0, Amt=0, Days=0
[Admin-Bonus] SKIP: User 58, Rule Active=true, RuleMonth=2026-04, TargetMonth=2026-06
[2026-06-11T06:44:20.716Z] [Late-Dbg] User 59 Final: LateCount=0, Amt=0, Days=0
[2026-06-11T06:44:20.766Z] [Late-Dbg] User 61 Final: LateCount=0, Amt=0, Days=0
[2026-06-11T06:44:20.808Z] [Late-Dbg] User 62 Final: LateCount=0, Amt=0, Days=0
[2026-06-11T06:44:20.852Z] [Late-Dbg] User 63 Final: LateCount=0, Amt=0, Days=0
[2026-06-11T06:44:20.896Z] [Late-Dbg] User 64 Final: LateCount=0, Amt=0, Days=0
[2026-06-11T06:44:20.939Z] [Late-Dbg] User 65 Final: LateCount=0, Amt=0, Days=0
[2026-06-11T06:44:20.984Z] [Late-Dbg] User 68 Final: LateCount=0, Amt=0, Days=0
[2026-06-11T06:44:21.169Z] [Late-Dbg] User 69 Final: LateCount=2, Amt=0, Days=0
[2026-06-11T06:44:21.710Z] [Late-Dbg] User 70 Final: LateCount=0, Amt=0, Days=0
[2026-06-11T06:44:21.804Z] [Late-Dbg] User 98 Final: LateCount=0, Amt=0, Days=0
[2026-06-11T06:44:21.892Z] [Late-Dbg] User 99 Final: LateCount=0, Amt=0, Days=0
[2026-06-11T06:44:21.987Z] [Late-Dbg] User 100 Final: LateCount=0, Amt=0, Days=0
[2026-06-11T06:44:22.078Z] [Late-Dbg] User 101 Final: LateCount=0, Amt=0, Days=0
[2026-06-11T06:44:22.174Z] [Late-Dbg] User 102 Final: LateCount=0, Amt=0, Days=0
[2026-06-11T06:44:22.267Z] [Late-Dbg] User 103 Final: LateCount=0, Amt=0, Days=0
[2026-06-11T06:44:22.300Z] [Late-Dbg] User 104 Final: LateCount=0, Amt=0, Days=0
[2026-06-11T06:44:22.331Z] [Late-Dbg] User 105 Final: LateCount=0, Amt=0, Days=0
[2026-06-11T06:44:22.374Z] [Late-Dbg] User 106 Final: LateCount=0, Amt=0, Days=0
[2026-06-11T06:44:22.418Z] [Late-Dbg] User 107 Final: LateCount=0, Amt=0, Days=0
[2026-06-11T06:44:22.457Z] [Late-Dbg] User 108 Final: LateCount=0, Amt=0, Days=0
[2026-06-11T06:44:22.505Z] [Late-Dbg] User 109 Final: LateCount=0, Amt=0, Days=0
[2026-06-11T06:44:22.570Z] [Late-Dbg] User 182 Final: LateCount=0, Amt=0, Days=0
[2026-06-11T06:44:22.724Z] [Late-Dbg] User 185 Final: LateCount=2, Amt=0, Days=0
[2026-06-11T06:44:22.968Z] [Late-Dbg] User 186 Final: LateCount=0, Amt=0, Days=0
[2026-06-11T06:45:23.907Z] [Late-Dbg] User 57 Final: LateCount=2, Amt=60, Days=0.05
[Admin-Bonus] SKIP: User 57, Rule Active=true, RuleMonth=2026-04, TargetMonth=2026-05
[2026-06-11T06:45:24.610Z] [Late-Dbg] User 58 Final: LateCount=0, Amt=0, Days=0
[Admin-Bonus] SKIP: User 58, Rule Active=true, RuleMonth=2026-04, TargetMonth=2026-05
[2026-06-11T06:45:24.741Z] [Late-Dbg] User 59 Final: LateCount=2, Amt=1129.03, Days=1
[2026-06-11T06:45:24.974Z] [Late-Dbg] User 61 Final: LateCount=0, Amt=0, Days=0
[2026-06-11T06:45:25.044Z] [Late-Dbg] User 62 Final: LateCount=0, Amt=0, Days=0
[2026-06-11T06:45:25.127Z] [Late-Dbg] User 63 Final: LateCount=2, Amt=40, Days=0.04
[2026-06-11T06:45:25.228Z] [Late-Dbg] User 64 Final: LateCount=0, Amt=0, Days=0
[2026-06-11T06:45:25.320Z] [Late-Dbg] User 65 Final: LateCount=2, Amt=30, Days=0.03
[2026-06-11T06:45:25.464Z] [Late-Dbg] User 68 Final: LateCount=0, Amt=0, Days=0
[2026-06-11T06:45:25.700Z] [Late-Dbg] User 69 Final: LateCount=5, Amt=0, Days=0
[2026-06-11T06:45:26.200Z] [Late-Dbg] User 70 Final: LateCount=0, Amt=0, Days=0
[2026-06-11T06:45:26.241Z] [Late-Dbg] User 98 Final: LateCount=0, Amt=0, Days=0
[2026-06-11T06:45:26.286Z] [Late-Dbg] User 99 Final: LateCount=0, Amt=0, Days=0
[2026-06-11T06:45:26.323Z] [Late-Dbg] User 100 Final: LateCount=0, Amt=0, Days=0
[2026-06-11T06:45:26.356Z] [Late-Dbg] User 101 Final: LateCount=0, Amt=0, Days=0
[2026-06-11T06:45:26.397Z] [Late-Dbg] User 102 Final: LateCount=0, Amt=0, Days=0
[2026-06-11T06:45:26.438Z] [Late-Dbg] User 103 Final: LateCount=0, Amt=0, Days=0
[2026-06-11T06:45:26.502Z] [Late-Dbg] User 104 Final: LateCount=0, Amt=0, Days=0
[2026-06-11T06:45:26.570Z] [Late-Dbg] User 105 Final: LateCount=0, Amt=0, Days=0
[2026-06-11T06:45:26.609Z] [Late-Dbg] User 106 Final: LateCount=0, Amt=0, Days=0
[2026-06-11T06:45:26.669Z] [Late-Dbg] User 107 Final: LateCount=0, Amt=0, Days=0
[2026-06-11T06:45:26.715Z] [Late-Dbg] User 108 Final: LateCount=0, Amt=0, Days=0
[2026-06-11T06:45:26.820Z] [Late-Dbg] User 109 Final: LateCount=1, Amt=0, Days=0
[2026-06-11T06:45:27.135Z] [Late-Dbg] User 182 Final: LateCount=1, Amt=30, Days=0.03
[2026-06-11T06:45:27.805Z] [Late-Dbg] User 185 Final: LateCount=0, Amt=0, Days=0
[2026-06-11T06:45:29.461Z] [Late-Dbg] User 186 Final: LateCount=0, Amt=0, Days=0
[2026-06-11T06:45:39.773Z] [Late-Dbg] User 57 Final: LateCount=0, Amt=0, Days=0
[Admin-Bonus] SKIP: User 57, Rule Active=true, RuleMonth=2026-04, TargetMonth=2026-06
[2026-06-11T06:45:39.844Z] [Late-Dbg] User 58 Final: LateCount=0, Amt=0, Days=0
[Admin-Bonus] SKIP: User 58, Rule Active=true, RuleMonth=2026-04, TargetMonth=2026-06
[2026-06-11T06:45:39.944Z] [Late-Dbg] User 59 Final: LateCount=0, Amt=0, Days=0
[2026-06-11T06:45:40.004Z] [Late-Dbg] User 61 Final: LateCount=0, Amt=0, Days=0
[2026-06-11T06:45:40.062Z] [Late-Dbg] User 62 Final: LateCount=0, Amt=0, Days=0
[2026-06-11T06:45:40.103Z] [Late-Dbg] User 63 Final: LateCount=0, Amt=0, Days=0
[2026-06-11T06:45:40.148Z] [Late-Dbg] User 64 Final: LateCount=0, Amt=0, Days=0
[2026-06-11T06:45:40.197Z] [Late-Dbg] User 65 Final: LateCount=0, Amt=0, Days=0
[2026-06-11T06:45:40.240Z] [Late-Dbg] User 68 Final: LateCount=0, Amt=0, Days=0
[2026-06-11T06:45:40.381Z] [Late-Dbg] User 69 Final: LateCount=2, Amt=0, Days=0
[2026-06-11T06:45:40.884Z] [Late-Dbg] User 70 Final: LateCount=0, Amt=0, Days=0
[2026-06-11T06:45:40.932Z] [Late-Dbg] User 98 Final: LateCount=0, Amt=0, Days=0
[2026-06-11T06:45:40.983Z] [Late-Dbg] User 99 Final: LateCount=0, Amt=0, Days=0
[2026-06-11T06:45:41.029Z] [Late-Dbg] User 100 Final: LateCount=0, Amt=0, Days=0
[2026-06-11T06:45:41.079Z] [Late-Dbg] User 101 Final: LateCount=0, Amt=0, Days=0
[2026-06-11T06:45:41.124Z] [Late-Dbg] User 102 Final: LateCount=0, Amt=0, Days=0
[2026-06-11T06:45:41.173Z] [Late-Dbg] User 103 Final: LateCount=0, Amt=0, Days=0
[2026-06-11T06:45:41.221Z] [Late-Dbg] User 104 Final: LateCount=0, Amt=0, Days=0
[2026-06-11T06:45:41.272Z] [Late-Dbg] User 105 Final: LateCount=0, Amt=0, Days=0
[2026-06-11T06:45:41.321Z] [Late-Dbg] User 106 Final: LateCount=0, Amt=0, Days=0
[2026-06-11T06:45:41.366Z] [Late-Dbg] User 107 Final: LateCount=0, Amt=0, Days=0
[2026-06-11T06:45:41.414Z] [Late-Dbg] User 108 Final: LateCount=0, Amt=0, Days=0
[2026-06-11T06:45:41.472Z] [Late-Dbg] User 109 Final: LateCount=0, Amt=0, Days=0
[2026-06-11T06:45:41.552Z] [Late-Dbg] User 182 Final: LateCount=0, Amt=0, Days=0
[2026-06-11T06:45:41.770Z] [Late-Dbg] User 185 Final: LateCount=1, Amt=0, Days=0
[2026-06-11T06:45:42.202Z] [Late-Dbg] User 186 Final: LateCount=0, Amt=0, Days=0
[2026-06-12T11:33:14.436Z] [Late-Dbg] User 57 Final: LateCount=2, Amt=60, Days=0.05
[Admin-Bonus] SKIP: User 57, Rule Active=true, RuleMonth=2026-04, TargetMonth=2026-05
[2026-06-12T11:33:14.778Z] [Late-Dbg] User 58 Final: LateCount=0, Amt=0, Days=0
[Admin-Bonus] SKIP: User 58, Rule Active=true, RuleMonth=2026-04, TargetMonth=2026-05
[2026-06-12T11:33:14.840Z] [Late-Dbg] User 59 Final: LateCount=2, Amt=1129.03, Days=1
[2026-06-12T11:33:14.944Z] [Late-Dbg] User 61 Final: LateCount=0, Amt=0, Days=0
[2026-06-12T11:33:14.984Z] [Late-Dbg] User 62 Final: LateCount=0, Amt=0, Days=0
[2026-06-12T11:33:15.028Z] [Late-Dbg] User 63 Final: LateCount=2, Amt=40, Days=0.04
[2026-06-12T11:33:15.069Z] [Late-Dbg] User 64 Final: LateCount=0, Amt=0, Days=0
[2026-06-12T11:33:15.104Z] [Late-Dbg] User 65 Final: LateCount=2, Amt=30, Days=0.03
[2026-06-12T11:33:15.163Z] [Late-Dbg] User 68 Final: LateCount=0, Amt=0, Days=0
[2026-06-12T11:33:15.276Z] [Late-Dbg] User 69 Final: LateCount=5, Amt=0, Days=0
[2026-06-12T11:33:15.518Z] [Late-Dbg] User 70 Final: LateCount=0, Amt=0, Days=0
[2026-06-12T11:33:15.535Z] [Late-Dbg] User 98 Final: LateCount=0, Amt=0, Days=0
[2026-06-12T11:33:15.552Z] [Late-Dbg] User 99 Final: LateCount=0, Amt=0, Days=0
[2026-06-12T11:33:15.574Z] [Late-Dbg] User 100 Final: LateCount=0, Amt=0, Days=0
[2026-06-12T11:33:15.590Z] [Late-Dbg] User 101 Final: LateCount=0, Amt=0, Days=0
[2026-06-12T11:33:15.606Z] [Late-Dbg] User 102 Final: LateCount=0, Amt=0, Days=0
[2026-06-12T11:33:15.622Z] [Late-Dbg] User 103 Final: LateCount=0, Amt=0, Days=0
[2026-06-12T11:33:15.649Z] [Late-Dbg] User 104 Final: LateCount=0, Amt=0, Days=0
[2026-06-12T11:33:15.682Z] [Late-Dbg] User 105 Final: LateCount=0, Amt=0, Days=0
[2026-06-12T11:33:15.707Z] [Late-Dbg] User 106 Final: LateCount=0, Amt=0, Days=0
[2026-06-12T11:33:15.744Z] [Late-Dbg] User 107 Final: LateCount=0, Amt=0, Days=0
[2026-06-12T11:33:15.792Z] [Late-Dbg] User 108 Final: LateCount=0, Amt=0, Days=0
[2026-06-12T11:33:15.858Z] [Late-Dbg] User 109 Final: LateCount=1, Amt=0, Days=0
[2026-06-12T11:33:15.999Z] [Late-Dbg] User 182 Final: LateCount=1, Amt=30, Days=0.03
[2026-06-12T11:33:16.337Z] [Late-Dbg] User 185 Final: LateCount=0, Amt=0, Days=0
[2026-06-12T11:33:17.066Z] [Late-Dbg] User 186 Final: LateCount=0, Amt=0, Days=0
[2026-06-12T11:33:52.617Z] [Late-Dbg] User 57 Final: LateCount=2, Amt=60, Days=0.05
[Admin-Bonus] SKIP: User 57, Rule Active=true, RuleMonth=2026-04, TargetMonth=2026-05
[2026-06-12T11:33:52.969Z] [Late-Dbg] User 58 Final: LateCount=0, Amt=0, Days=0
[Admin-Bonus] SKIP: User 58, Rule Active=true, RuleMonth=2026-04, TargetMonth=2026-05
[2026-06-12T11:33:53.028Z] [Late-Dbg] User 59 Final: LateCount=2, Amt=1129.03, Days=1
[2026-06-12T11:33:53.126Z] [Late-Dbg] User 61 Final: LateCount=0, Amt=0, Days=0
[2026-06-12T11:33:53.165Z] [Late-Dbg] User 62 Final: LateCount=0, Amt=0, Days=0
[2026-06-12T11:33:53.207Z] [Late-Dbg] User 63 Final: LateCount=2, Amt=40, Days=0.04
[2026-06-12T11:33:53.246Z] [Late-Dbg] User 64 Final: LateCount=0, Amt=0, Days=0
[2026-06-12T11:33:53.281Z] [Late-Dbg] User 65 Final: LateCount=2, Amt=30, Days=0.03
[2026-06-12T11:33:53.336Z] [Late-Dbg] User 68 Final: LateCount=0, Amt=0, Days=0
[2026-06-12T11:33:53.447Z] [Late-Dbg] User 69 Final: LateCount=5, Amt=0, Days=0
[2026-06-12T11:33:53.679Z] [Late-Dbg] User 70 Final: LateCount=0, Amt=0, Days=0
[2026-06-12T11:33:53.696Z] [Late-Dbg] User 98 Final: LateCount=0, Amt=0, Days=0
[2026-06-12T11:33:53.713Z] [Late-Dbg] User 99 Final: LateCount=0, Amt=0, Days=0
[2026-06-12T11:33:53.729Z] [Late-Dbg] User 100 Final: LateCount=0, Amt=0, Days=0
[2026-06-12T11:33:53.745Z] [Late-Dbg] User 101 Final: LateCount=0, Amt=0, Days=0
[2026-06-12T11:33:53.761Z] [Late-Dbg] User 102 Final: LateCount=0, Amt=0, Days=0
[2026-06-12T11:33:53.777Z] [Late-Dbg] User 103 Final: LateCount=0, Amt=0, Days=0
[2026-06-12T11:33:53.800Z] [Late-Dbg] User 104 Final: LateCount=0, Amt=0, Days=0
[2026-06-12T11:33:53.831Z] [Late-Dbg] User 105 Final: LateCount=0, Amt=0, Days=0
[2026-06-12T11:33:53.854Z] [Late-Dbg] User 106 Final: LateCount=0, Amt=0, Days=0
[2026-06-12T11:33:53.892Z] [Late-Dbg] User 107 Final: LateCount=0, Amt=0, Days=0
[2026-06-12T11:33:53.927Z] [Late-Dbg] User 108 Final: LateCount=0, Amt=0, Days=0
[2026-06-12T11:33:54.013Z] [Late-Dbg] User 109 Final: LateCount=1, Amt=0, Days=0
[2026-06-12T11:33:54.159Z] [Late-Dbg] User 182 Final: LateCount=1, Amt=30, Days=0.03
[2026-06-12T11:33:54.505Z] [Late-Dbg] User 185 Final: LateCount=0, Amt=0, Days=0
[2026-06-12T11:33:55.214Z] [Late-Dbg] User 186 Final: LateCount=0, Amt=0, Days=0
[2026-06-12T11:34:52.964Z] [Late-Dbg] User 57 Final: LateCount=2, Amt=60, Days=0.05
[Admin-Bonus] SKIP: User 57, Rule Active=true, RuleMonth=2026-04, TargetMonth=2026-05
[2026-06-12T11:34:53.284Z] [Late-Dbg] User 58 Final: LateCount=0, Amt=0, Days=0
[Admin-Bonus] SKIP: User 58, Rule Active=true, RuleMonth=2026-04, TargetMonth=2026-05
[2026-06-12T11:34:53.340Z] [Late-Dbg] User 59 Final: LateCount=2, Amt=1129.03, Days=1
[2026-06-12T11:34:53.438Z] [Late-Dbg] User 61 Final: LateCount=0, Amt=0, Days=0
[2026-06-12T11:34:53.477Z] [Late-Dbg] User 62 Final: LateCount=0, Amt=0, Days=0
[2026-06-12T11:34:53.518Z] [Late-Dbg] User 63 Final: LateCount=2, Amt=40, Days=0.04
[2026-06-12T11:34:53.558Z] [Late-Dbg] User 64 Final: LateCount=0, Amt=0, Days=0
[2026-06-12T11:34:53.593Z] [Late-Dbg] User 65 Final: LateCount=2, Amt=30, Days=0.03
[2026-06-12T11:34:53.651Z] [Late-Dbg] User 68 Final: LateCount=0, Amt=0, Days=0
[2026-06-12T11:34:53.756Z] [Late-Dbg] User 69 Final: LateCount=5, Amt=0, Days=0
[2026-06-12T11:34:53.991Z] [Late-Dbg] User 70 Final: LateCount=0, Amt=0, Days=0
[2026-06-12T11:34:54.008Z] [Late-Dbg] User 98 Final: LateCount=0, Amt=0, Days=0
[2026-06-12T11:34:54.025Z] [Late-Dbg] User 99 Final: LateCount=0, Amt=0, Days=0
[2026-06-12T11:34:54.042Z] [Late-Dbg] User 100 Final: LateCount=0, Amt=0, Days=0
[2026-06-12T11:34:54.059Z] [Late-Dbg] User 101 Final: LateCount=0, Amt=0, Days=0
[2026-06-12T11:34:54.075Z] [Late-Dbg] User 102 Final: LateCount=0, Amt=0, Days=0
[2026-06-12T11:34:54.090Z] [Late-Dbg] User 103 Final: LateCount=0, Amt=0, Days=0
[2026-06-12T11:34:54.114Z] [Late-Dbg] User 104 Final: LateCount=0, Amt=0, Days=0
[2026-06-12T11:34:54.145Z] [Late-Dbg] User 105 Final: LateCount=0, Amt=0, Days=0
[2026-06-12T11:34:54.167Z] [Late-Dbg] User 106 Final: LateCount=0, Amt=0, Days=0
[2026-06-12T11:34:54.202Z] [Late-Dbg] User 107 Final: LateCount=0, Amt=0, Days=0
[2026-06-12T11:34:54.234Z] [Late-Dbg] User 108 Final: LateCount=0, Amt=0, Days=0
[2026-06-12T11:34:54.296Z] [Late-Dbg] User 109 Final: LateCount=1, Amt=0, Days=0
[2026-06-12T11:34:54.431Z] [Late-Dbg] User 182 Final: LateCount=1, Amt=30, Days=0.03
[2026-06-12T11:34:54.762Z] [Late-Dbg] User 185 Final: LateCount=0, Amt=0, Days=0
[2026-06-12T11:34:55.463Z] [Late-Dbg] User 186 Final: LateCount=0, Amt=0, Days=0
[2026-06-12T11:35:51.695Z] [Late-Dbg] User 57 Final: LateCount=2, Amt=60, Days=0.05
[Admin-Bonus] SKIP: User 57, Rule Active=true, RuleMonth=2026-04, TargetMonth=2026-05
[2026-06-12T11:35:52.094Z] [Late-Dbg] User 58 Final: LateCount=0, Amt=0, Days=0
[Admin-Bonus] SKIP: User 58, Rule Active=true, RuleMonth=2026-04, TargetMonth=2026-05
[2026-06-12T11:35:52.147Z] [Late-Dbg] User 59 Final: LateCount=2, Amt=1129.03, Days=1
[2026-06-12T11:35:52.249Z] [Late-Dbg] User 61 Final: LateCount=0, Amt=0, Days=0
[2026-06-12T11:35:52.286Z] [Late-Dbg] User 62 Final: LateCount=0, Amt=0, Days=0
[2026-06-12T11:35:52.326Z] [Late-Dbg] User 63 Final: LateCount=2, Amt=40, Days=0.04
[2026-06-12T11:35:52.366Z] [Late-Dbg] User 64 Final: LateCount=0, Amt=0, Days=0
[2026-06-12T11:35:52.402Z] [Late-Dbg] User 65 Final: LateCount=2, Amt=30, Days=0.03
[2026-06-12T11:35:52.460Z] [Late-Dbg] User 68 Final: LateCount=0, Amt=0, Days=0
[2026-06-12T11:35:52.565Z] [Late-Dbg] User 69 Final: LateCount=5, Amt=0, Days=0
[2026-06-12T11:35:52.801Z] [Late-Dbg] User 70 Final: LateCount=0, Amt=0, Days=0
[2026-06-12T11:35:52.818Z] [Late-Dbg] User 98 Final: LateCount=0, Amt=0, Days=0
[2026-06-12T11:35:52.833Z] [Late-Dbg] User 99 Final: LateCount=0, Amt=0, Days=0
[2026-06-12T11:35:52.849Z] [Late-Dbg] User 100 Final: LateCount=0, Amt=0, Days=0
[2026-06-12T11:35:52.866Z] [Late-Dbg] User 101 Final: LateCount=0, Amt=0, Days=0
[2026-06-12T11:35:52.882Z] [Late-Dbg] User 102 Final: LateCount=0, Amt=0, Days=0
[2026-06-12T11:35:52.900Z] [Late-Dbg] User 103 Final: LateCount=0, Amt=0, Days=0
[2026-06-12T11:35:52.925Z] [Late-Dbg] User 104 Final: LateCount=0, Amt=0, Days=0
[2026-06-12T11:35:52.955Z] [Late-Dbg] User 105 Final: LateCount=0, Amt=0, Days=0
[2026-06-12T11:35:52.979Z] [Late-Dbg] User 106 Final: LateCount=0, Amt=0, Days=0
[2026-06-12T11:35:53.017Z] [Late-Dbg] User 107 Final: LateCount=0, Amt=0, Days=0
[2026-06-12T11:35:53.047Z] [Late-Dbg] User 108 Final: LateCount=0, Amt=0, Days=0
[2026-06-12T11:35:53.114Z] [Late-Dbg] User 109 Final: LateCount=1, Amt=0, Days=0
[2026-06-12T11:35:53.260Z] [Late-Dbg] User 182 Final: LateCount=1, Amt=30, Days=0.03
[2026-06-12T11:35:53.604Z] [Late-Dbg] User 185 Final: LateCount=0, Amt=0, Days=0
[2026-06-12T11:35:54.289Z] [Late-Dbg] User 186 Final: LateCount=0, Amt=0, Days=0
[2026-06-12T11:36:27.160Z] [Late-Dbg] User 57 Final: LateCount=2, Amt=60, Days=0.05
[Admin-Bonus] SKIP: User 57, Rule Active=true, RuleMonth=2026-04, TargetMonth=2026-05
[2026-06-12T11:36:27.495Z] [Late-Dbg] User 58 Final: LateCount=0, Amt=0, Days=0
[Admin-Bonus] SKIP: User 58, Rule Active=true, RuleMonth=2026-04, TargetMonth=2026-05
[2026-06-12T11:36:27.558Z] [Late-Dbg] User 59 Final: LateCount=2, Amt=1129.03, Days=1
[2026-06-12T11:36:27.650Z] [Late-Dbg] User 61 Final: LateCount=0, Amt=0, Days=0
[2026-06-12T11:36:27.689Z] [Late-Dbg] User 62 Final: LateCount=0, Amt=0, Days=0
[2026-06-12T11:36:27.728Z] [Late-Dbg] User 63 Final: LateCount=2, Amt=40, Days=0.04
[2026-06-12T11:36:27.768Z] [Late-Dbg] User 64 Final: LateCount=0, Amt=0, Days=0
[2026-06-12T11:36:27.805Z] [Late-Dbg] User 65 Final: LateCount=2, Amt=30, Days=0.03
[2026-06-12T11:36:27.859Z] [Late-Dbg] User 68 Final: LateCount=0, Amt=0, Days=0
[2026-06-12T11:36:27.966Z] [Late-Dbg] User 69 Final: LateCount=5, Amt=0, Days=0
[2026-06-12T11:36:28.207Z] [Late-Dbg] User 70 Final: LateCount=0, Amt=0, Days=0
[2026-06-12T11:36:28.225Z] [Late-Dbg] User 98 Final: LateCount=0, Amt=0, Days=0
[2026-06-12T11:36:28.243Z] [Late-Dbg] User 99 Final: LateCount=0, Amt=0, Days=0
[2026-06-12T11:36:28.259Z] [Late-Dbg] User 100 Final: LateCount=0, Amt=0, Days=0
[2026-06-12T11:36:28.276Z] [Late-Dbg] User 101 Final: LateCount=0, Amt=0, Days=0
[2026-06-12T11:36:28.292Z] [Late-Dbg] User 102 Final: LateCount=0, Amt=0, Days=0
[2026-06-12T11:36:28.308Z] [Late-Dbg] User 103 Final: LateCount=0, Amt=0, Days=0
[2026-06-12T11:36:28.332Z] [Late-Dbg] User 104 Final: LateCount=0, Amt=0, Days=0
[2026-06-12T11:36:28.366Z] [Late-Dbg] User 105 Final: LateCount=0, Amt=0, Days=0
[2026-06-12T11:36:28.392Z] [Late-Dbg] User 106 Final: LateCount=0, Amt=0, Days=0
[2026-06-12T11:36:28.429Z] [Late-Dbg] User 107 Final: LateCount=0, Amt=0, Days=0
[2026-06-12T11:36:28.459Z] [Late-Dbg] User 108 Final: LateCount=0, Amt=0, Days=0
[2026-06-12T11:36:28.522Z] [Late-Dbg] User 109 Final: LateCount=1, Amt=0, Days=0
[2026-06-12T11:36:28.665Z] [Late-Dbg] User 182 Final: LateCount=1, Amt=30, Days=0.03
[2026-06-12T11:36:29.002Z] [Late-Dbg] User 185 Final: LateCount=1, Amt=322.58, Days=0.5
[2026-06-12T11:36:29.706Z] [Late-Dbg] User 186 Final: LateCount=0, Amt=0, Days=0
[2026-06-12T11:51:09.978Z] [Late-Dbg] User 57 Final: LateCount=2, Amt=60, Days=0.05
[Admin-Bonus] SKIP: User 57, Rule Active=true, RuleMonth=2026-04, TargetMonth=2026-05
[2026-06-12T11:51:10.410Z] [Late-Dbg] User 58 Final: LateCount=0, Amt=0, Days=0
[Admin-Bonus] SKIP: User 58, Rule Active=true, RuleMonth=2026-04, TargetMonth=2026-05
[2026-06-12T11:51:10.490Z] [Late-Dbg] User 59 Final: LateCount=2, Amt=1129.03, Days=1
[2026-06-12T11:51:10.629Z] [Late-Dbg] User 61 Final: LateCount=0, Amt=0, Days=0
[2026-06-12T11:51:10.678Z] [Late-Dbg] User 62 Final: LateCount=0, Amt=0, Days=0
[2026-06-12T11:51:10.730Z] [Late-Dbg] User 63 Final: LateCount=2, Amt=40, Days=0.04
[2026-06-12T11:51:10.791Z] [Late-Dbg] User 64 Final: LateCount=0, Amt=0, Days=0
[2026-06-12T11:51:10.845Z] [Late-Dbg] User 65 Final: LateCount=2, Amt=30, Days=0.03
[2026-06-12T11:51:10.982Z] [Late-Dbg] User 68 Final: LateCount=0, Amt=0, Days=0
[2026-06-12T11:51:11.113Z] [Late-Dbg] User 69 Final: LateCount=5, Amt=0, Days=0
[2026-06-12T11:51:11.411Z] [Late-Dbg] User 70 Final: LateCount=0, Amt=0, Days=0
[2026-06-12T11:51:11.431Z] [Late-Dbg] User 98 Final: LateCount=0, Amt=0, Days=0
[2026-06-12T11:51:11.450Z] [Late-Dbg] User 99 Final: LateCount=0, Amt=0, Days=0
[2026-06-12T11:51:11.471Z] [Late-Dbg] User 100 Final: LateCount=0, Amt=0, Days=0
[2026-06-12T11:51:11.495Z] [Late-Dbg] User 101 Final: LateCount=0, Amt=0, Days=0
[2026-06-12T11:51:11.514Z] [Late-Dbg] User 102 Final: LateCount=0, Amt=0, Days=0
[2026-06-12T11:51:11.534Z] [Late-Dbg] User 103 Final: LateCount=0, Amt=0, Days=0
[2026-06-12T11:51:11.568Z] [Late-Dbg] User 104 Final: LateCount=0, Amt=0, Days=0
[2026-06-12T11:51:11.608Z] [Late-Dbg] User 105 Final: LateCount=0, Amt=0, Days=0
[2026-06-12T11:51:11.640Z] [Late-Dbg] User 106 Final: LateCount=0, Amt=0, Days=0
[2026-06-12T11:51:11.684Z] [Late-Dbg] User 107 Final: LateCount=0, Amt=0, Days=0
[2026-06-12T11:51:11.720Z] [Late-Dbg] User 108 Final: LateCount=0, Amt=0, Days=0
[2026-06-12T11:51:11.804Z] [Late-Dbg] User 109 Final: LateCount=1, Amt=0, Days=0
[2026-06-12T11:51:11.986Z] [Late-Dbg] User 182 Final: LateCount=1, Amt=30, Days=0.03
[2026-06-12T11:51:12.365Z] [Late-Dbg] User 185 Final: LateCount=1, Amt=322.58, Days=0.5
[2026-06-12T11:51:13.201Z] [Late-Dbg] User 186 Final: LateCount=0, Amt=0, Days=0
[2026-06-12T11:51:43.010Z] [Late-Dbg] User 57 Final: LateCount=2, Amt=60, Days=0.05
[Admin-Bonus] SKIP: User 57, Rule Active=true, RuleMonth=2026-04, TargetMonth=2026-05
[2026-06-12T11:51:43.430Z] [Late-Dbg] User 58 Final: LateCount=0, Amt=0, Days=0
[Admin-Bonus] SKIP: User 58, Rule Active=true, RuleMonth=2026-04, TargetMonth=2026-05
[2026-06-12T11:51:43.499Z] [Late-Dbg] User 59 Final: LateCount=2, Amt=1129.03, Days=1
[2026-06-12T11:51:43.614Z] [Late-Dbg] User 61 Final: LateCount=0, Amt=0, Days=0
[2026-06-12T11:51:43.661Z] [Late-Dbg] User 62 Final: LateCount=0, Amt=0, Days=0
[2026-06-12T11:51:43.711Z] [Late-Dbg] User 63 Final: LateCount=2, Amt=40, Days=0.04
[2026-06-12T11:51:43.760Z] [Late-Dbg] User 64 Final: LateCount=0, Amt=0, Days=0
[2026-06-12T11:51:43.808Z] [Late-Dbg] User 65 Final: LateCount=2, Amt=30, Days=0.03
[2026-06-12T11:51:43.875Z] [Late-Dbg] User 68 Final: LateCount=0, Amt=0, Days=0
[2026-06-12T11:51:43.993Z] [Late-Dbg] User 69 Final: LateCount=5, Amt=0, Days=0
[2026-06-12T11:51:44.274Z] [Late-Dbg] User 70 Final: LateCount=0, Amt=0, Days=0
[2026-06-12T11:51:44.295Z] [Late-Dbg] User 98 Final: LateCount=0, Amt=0, Days=0
[2026-06-12T11:51:44.319Z] [Late-Dbg] User 99 Final: LateCount=0, Amt=0, Days=0
[2026-06-12T11:51:44.338Z] [Late-Dbg] User 100 Final: LateCount=0, Amt=0, Days=0
[2026-06-12T11:51:44.358Z] [Late-Dbg] User 101 Final: LateCount=0, Amt=0, Days=0
[2026-06-12T11:51:44.379Z] [Late-Dbg] User 102 Final: LateCount=0, Amt=0, Days=0
[2026-06-12T11:51:44.399Z] [Late-Dbg] User 103 Final: LateCount=0, Amt=0, Days=0
[2026-06-12T11:51:44.429Z] [Late-Dbg] User 104 Final: LateCount=0, Amt=0, Days=0
[2026-06-12T11:51:44.469Z] [Late-Dbg] User 105 Final: LateCount=0, Amt=0, Days=0
[2026-06-12T11:51:44.495Z] [Late-Dbg] User 106 Final: LateCount=0, Amt=0, Days=0
[2026-06-12T11:51:44.540Z] [Late-Dbg] User 107 Final: LateCount=0, Amt=0, Days=0
[2026-06-12T11:51:44.576Z] [Late-Dbg] User 108 Final: LateCount=0, Amt=0, Days=0
[2026-06-12T11:51:44.655Z] [Late-Dbg] User 109 Final: LateCount=1, Amt=0, Days=0
[2026-06-12T11:51:44.822Z] [Late-Dbg] User 182 Final: LateCount=1, Amt=30, Days=0.03
[2026-06-12T11:51:45.203Z] [Late-Dbg] User 185 Final: LateCount=1, Amt=322.58, Days=0.5
[2026-06-12T11:51:46.004Z] [Late-Dbg] User 186 Final: LateCount=0, Amt=0, Days=0
[2026-06-12T11:52:23.508Z] [Late-Dbg] User 57 Final: LateCount=2, Amt=60, Days=0.05
[Admin-Bonus] SKIP: User 57, Rule Active=true, RuleMonth=2026-04, TargetMonth=2026-05
[2026-06-12T11:52:24.153Z] [Late-Dbg] User 58 Final: LateCount=0, Amt=0, Days=0
[Admin-Bonus] SKIP: User 58, Rule Active=true, RuleMonth=2026-04, TargetMonth=2026-05
[2026-06-12T11:52:24.232Z] [Late-Dbg] User 59 Final: LateCount=2, Amt=1129.03, Days=1
[2026-06-12T11:52:24.369Z] [Late-Dbg] User 61 Final: LateCount=0, Amt=0, Days=0
[2026-06-12T11:52:24.424Z] [Late-Dbg] User 62 Final: LateCount=0, Amt=0, Days=0
[2026-06-12T11:52:24.470Z] [Late-Dbg] User 63 Final: LateCount=2, Amt=40, Days=0.04
[2026-06-12T11:52:24.518Z] [Late-Dbg] User 64 Final: LateCount=0, Amt=0, Days=0
[2026-06-12T11:52:24.570Z] [Late-Dbg] User 65 Final: LateCount=2, Amt=30, Days=0.03
[2026-06-12T11:52:24.656Z] [Late-Dbg] User 68 Final: LateCount=0, Amt=0, Days=0
[2026-06-12T11:52:24.788Z] [Late-Dbg] User 69 Final: LateCount=5, Amt=0, Days=0
[2026-06-12T11:52:25.054Z] [Late-Dbg] User 70 Final: LateCount=0, Amt=0, Days=0
[2026-06-12T11:52:25.073Z] [Late-Dbg] User 98 Final: LateCount=0, Amt=0, Days=0
[2026-06-12T11:52:25.091Z] [Late-Dbg] User 99 Final: LateCount=0, Amt=0, Days=0
[2026-06-12T11:52:25.111Z] [Late-Dbg] User 100 Final: LateCount=0, Amt=0, Days=0
[2026-06-12T11:52:25.137Z] [Late-Dbg] User 101 Final: LateCount=0, Amt=0, Days=0
[2026-06-12T11:52:25.157Z] [Late-Dbg] User 102 Final: LateCount=0, Amt=0, Days=0
[2026-06-12T11:52:25.176Z] [Late-Dbg] User 103 Final: LateCount=0, Amt=0, Days=0
[2026-06-12T11:52:25.208Z] [Late-Dbg] User 104 Final: LateCount=0, Amt=0, Days=0
[2026-06-12T11:52:25.245Z] [Late-Dbg] User 105 Final: LateCount=0, Amt=0, Days=0
[2026-06-12T11:52:25.275Z] [Late-Dbg] User 106 Final: LateCount=0, Amt=0, Days=0
[2026-06-12T11:52:25.322Z] [Late-Dbg] User 107 Final: LateCount=0, Amt=0, Days=0
[2026-06-12T11:52:25.359Z] [Late-Dbg] User 108 Final: LateCount=0, Amt=0, Days=0
[2026-06-12T11:52:25.441Z] [Late-Dbg] User 109 Final: LateCount=1, Amt=0, Days=0
[2026-06-12T11:52:25.605Z] [Late-Dbg] User 182 Final: LateCount=1, Amt=30, Days=0.03
[2026-06-12T11:52:25.959Z] [Late-Dbg] User 185 Final: LateCount=1, Amt=322.58, Days=0.5
[2026-06-12T11:52:26.726Z] [Late-Dbg] User 186 Final: LateCount=0, Amt=0, Days=0
[2026-06-12T11:52:55.806Z] [Late-Dbg] User 57 Final: LateCount=2, Amt=60, Days=0.05
[Admin-Bonus] SKIP: User 57, Rule Active=true, RuleMonth=2026-04, TargetMonth=2026-05
[2026-06-12T11:52:56.159Z] [Late-Dbg] User 58 Final: LateCount=0, Amt=0, Days=0
[Admin-Bonus] SKIP: User 58, Rule Active=true, RuleMonth=2026-04, TargetMonth=2026-05
[2026-06-12T11:52:56.224Z] [Late-Dbg] User 59 Final: LateCount=2, Amt=1129.03, Days=1
[2026-06-12T11:52:56.323Z] [Late-Dbg] User 61 Final: LateCount=0, Amt=0, Days=0
[2026-06-12T11:52:56.367Z] [Late-Dbg] User 62 Final: LateCount=0, Amt=0, Days=0
[2026-06-12T11:52:56.412Z] [Late-Dbg] User 63 Final: LateCount=2, Amt=40, Days=0.04
[2026-06-12T11:52:56.454Z] [Late-Dbg] User 64 Final: LateCount=0, Amt=0, Days=0
[2026-06-12T11:52:56.489Z] [Late-Dbg] User 65 Final: LateCount=2, Amt=30, Days=0.03
[2026-06-12T11:52:56.551Z] [Late-Dbg] User 68 Final: LateCount=0, Amt=0, Days=0
[2026-06-12T11:52:56.661Z] [Late-Dbg] User 69 Final: LateCount=5, Amt=0, Days=0
[2026-06-12T11:52:56.929Z] [Late-Dbg] User 70 Final: LateCount=0, Amt=0, Days=0
[2026-06-12T11:52:56.949Z] [Late-Dbg] User 98 Final: LateCount=0, Amt=0, Days=0
[2026-06-12T11:52:56.967Z] [Late-Dbg] User 99 Final: LateCount=0, Amt=0, Days=0
[2026-06-12T11:52:56.984Z] [Late-Dbg] User 100 Final: LateCount=0, Amt=0, Days=0
[2026-06-12T11:52:57.002Z] [Late-Dbg] User 101 Final: LateCount=0, Amt=0, Days=0
[2026-06-12T11:52:57.021Z] [Late-Dbg] User 102 Final: LateCount=0, Amt=0, Days=0
[2026-06-12T11:52:57.038Z] [Late-Dbg] User 103 Final: LateCount=0, Amt=0, Days=0
[2026-06-12T11:52:57.063Z] [Late-Dbg] User 104 Final: LateCount=0, Amt=0, Days=0
[2026-06-12T11:52:57.094Z] [Late-Dbg] User 105 Final: LateCount=0, Amt=0, Days=0
[2026-06-12T11:52:57.122Z] [Late-Dbg] User 106 Final: LateCount=0, Amt=0, Days=0
[2026-06-12T11:52:57.159Z] [Late-Dbg] User 107 Final: LateCount=0, Amt=0, Days=0
[2026-06-12T11:52:57.194Z] [Late-Dbg] User 108 Final: LateCount=0, Amt=0, Days=0
[2026-06-12T11:52:57.265Z] [Late-Dbg] User 109 Final: LateCount=1, Amt=0, Days=0
[2026-06-12T11:52:57.414Z] [Late-Dbg] User 182 Final: LateCount=1, Amt=30, Days=0.03
[2026-06-12T11:52:57.772Z] [Late-Dbg] User 185 Final: LateCount=1, Amt=322.58, Days=0.5
[2026-06-12T11:52:58.484Z] [Late-Dbg] User 186 Final: LateCount=0, Amt=0, Days=0
[2026-06-12T11:53:38.105Z] [Late-Dbg] User 57 Final: LateCount=2, Amt=60, Days=0.05
[Admin-Bonus] SKIP: User 57, Rule Active=true, RuleMonth=2026-04, TargetMonth=2026-05
[2026-06-12T11:53:38.549Z] [Late-Dbg] User 58 Final: LateCount=0, Amt=0, Days=0
[Admin-Bonus] SKIP: User 58, Rule Active=true, RuleMonth=2026-04, TargetMonth=2026-05
[2026-06-12T11:53:38.626Z] [Late-Dbg] User 59 Final: LateCount=2, Amt=1129.03, Days=1
[2026-06-12T11:53:38.776Z] [Late-Dbg] User 61 Final: LateCount=0, Amt=0, Days=0
[2026-06-12T11:53:38.833Z] [Late-Dbg] User 62 Final: LateCount=0, Amt=0, Days=0
[2026-06-12T11:53:38.887Z] [Late-Dbg] User 63 Final: LateCount=2, Amt=40, Days=0.04
[2026-06-12T11:53:38.937Z] [Late-Dbg] User 64 Final: LateCount=0, Amt=0, Days=0
[2026-06-12T11:53:38.984Z] [Late-Dbg] User 65 Final: LateCount=2, Amt=30, Days=0.03
[2026-06-12T11:53:39.054Z] [Late-Dbg] User 68 Final: LateCount=0, Amt=0, Days=0
[2026-06-12T11:53:39.184Z] [Late-Dbg] User 69 Final: LateCount=5, Amt=0, Days=0
[2026-06-12T11:53:39.473Z] [Late-Dbg] User 70 Final: LateCount=0, Amt=0, Days=0
[2026-06-12T11:53:39.495Z] [Late-Dbg] User 98 Final: LateCount=0, Amt=0, Days=0
[2026-06-12T11:53:39.516Z] [Late-Dbg] User 99 Final: LateCount=0, Amt=0, Days=0
[2026-06-12T11:53:39.537Z] [Late-Dbg] User 100 Final: LateCount=0, Amt=0, Days=0
[2026-06-12T11:53:39.556Z] [Late-Dbg] User 101 Final: LateCount=0, Amt=0, Days=0
[2026-06-12T11:53:39.577Z] [Late-Dbg] User 102 Final: LateCount=0, Amt=0, Days=0
[2026-06-12T11:53:39.601Z] [Late-Dbg] User 103 Final: LateCount=0, Amt=0, Days=0
[2026-06-12T11:53:39.633Z] [Late-Dbg] User 104 Final: LateCount=0, Amt=0, Days=0
[2026-06-12T11:53:39.671Z] [Late-Dbg] User 105 Final: LateCount=0, Amt=0, Days=0
[2026-06-12T11:53:39.705Z] [Late-Dbg] User 106 Final: LateCount=0, Amt=0, Days=0
[2026-06-12T11:53:39.753Z] [Late-Dbg] User 107 Final: LateCount=0, Amt=0, Days=0
[2026-06-12T11:53:39.791Z] [Late-Dbg] User 108 Final: LateCount=0, Amt=0, Days=0
[2026-06-12T11:53:39.875Z] [Late-Dbg] User 109 Final: LateCount=1, Amt=0, Days=0
[2026-06-12T11:53:40.053Z] [Late-Dbg] User 182 Final: LateCount=1, Amt=30, Days=0.03
[2026-06-12T11:53:40.439Z] [Late-Dbg] User 185 Final: LateCount=1, Amt=322.58, Days=0.5
[2026-06-12T11:53:41.333Z] [Late-Dbg] User 186 Final: LateCount=0, Amt=0, Days=0
[2026-06-12T11:57:26.508Z] [Late-Dbg] User 57 Final: LateCount=2, Amt=60, Days=0.05
[Admin-Bonus] SKIP: User 57, Rule Active=true, RuleMonth=2026-04, TargetMonth=2026-05
[2026-06-12T11:57:26.960Z] [Late-Dbg] User 58 Final: LateCount=0, Amt=0, Days=0
[Admin-Bonus] SKIP: User 58, Rule Active=true, RuleMonth=2026-04, TargetMonth=2026-05
[2026-06-12T11:57:27.041Z] [Late-Dbg] User 59 Final: LateCount=2, Amt=1129.03, Days=1
[2026-06-12T11:57:27.181Z] [Late-Dbg] User 61 Final: LateCount=0, Amt=0, Days=0
[2026-06-12T11:57:27.236Z] [Late-Dbg] User 62 Final: LateCount=0, Amt=0, Days=0
[2026-06-12T11:57:27.295Z] [Late-Dbg] User 63 Final: LateCount=2, Amt=40, Days=0.04
[2026-06-12T11:57:27.349Z] [Late-Dbg] User 64 Final: LateCount=0, Amt=0, Days=0
[2026-06-12T11:57:27.399Z] [Late-Dbg] User 65 Final: LateCount=2, Amt=30, Days=0.03
[2026-06-12T11:57:27.474Z] [Late-Dbg] User 68 Final: LateCount=0, Amt=0, Days=0
[2026-06-12T11:57:27.602Z] [Late-Dbg] User 69 Final: LateCount=5, Amt=0, Days=0
[2026-06-12T11:57:27.907Z] [Late-Dbg] User 70 Final: LateCount=0, Amt=0, Days=0
[2026-06-12T11:57:27.928Z] [Late-Dbg] User 98 Final: LateCount=0, Amt=0, Days=0
[2026-06-12T11:57:27.948Z] [Late-Dbg] User 99 Final: LateCount=0, Amt=0, Days=0
[2026-06-12T11:57:27.970Z] [Late-Dbg] User 100 Final: LateCount=0, Amt=0, Days=0
[2026-06-12T11:57:27.996Z] [Late-Dbg] User 101 Final: LateCount=0, Amt=0, Days=0
[2026-06-12T11:57:28.017Z] [Late-Dbg] User 102 Final: LateCount=0, Amt=0, Days=0
[2026-06-12T11:57:28.047Z] [Late-Dbg] User 103 Final: LateCount=0, Amt=0, Days=0
[2026-06-12T11:57:28.084Z] [Late-Dbg] User 104 Final: LateCount=0, Amt=0, Days=0
[2026-06-12T11:57:28.127Z] [Late-Dbg] User 105 Final: LateCount=0, Amt=0, Days=0
[2026-06-12T11:57:28.158Z] [Late-Dbg] User 106 Final: LateCount=0, Amt=0, Days=0
[2026-06-12T11:57:28.207Z] [Late-Dbg] User 107 Final: LateCount=0, Amt=0, Days=0
[2026-06-12T11:57:28.246Z] [Late-Dbg] User 108 Final: LateCount=0, Amt=0, Days=0
[2026-06-12T11:57:28.327Z] [Late-Dbg] User 109 Final: LateCount=1, Amt=0, Days=0
[2026-06-12T11:57:28.503Z] [Late-Dbg] User 182 Final: LateCount=1, Amt=30, Days=0.03
[2026-06-12T11:57:28.880Z] [Late-Dbg] User 185 Final: LateCount=1, Amt=322.58, Days=0.5
[2026-06-12T11:57:29.929Z] [Late-Dbg] User 186 Final: LateCount=0, Amt=0, Days=0
[2026-06-12T11:58:16.241Z] [Late-Dbg] User 57 Final: LateCount=2, Amt=60, Days=0.05
[Admin-Bonus] SKIP: User 57, Rule Active=true, RuleMonth=2026-04, TargetMonth=2026-05
[2026-06-12T11:58:16.684Z] [Late-Dbg] User 58 Final: LateCount=0, Amt=0, Days=0
[Admin-Bonus] SKIP: User 58, Rule Active=true, RuleMonth=2026-04, TargetMonth=2026-05
[2026-06-12T11:58:16.762Z] [Late-Dbg] User 59 Final: LateCount=2, Amt=1129.03, Days=1
[2026-06-12T11:58:16.884Z] [Late-Dbg] User 61 Final: LateCount=0, Amt=0, Days=0
[2026-06-12T11:58:16.932Z] [Late-Dbg] User 62 Final: LateCount=0, Amt=0, Days=0
[2026-06-12T11:58:16.988Z] [Late-Dbg] User 63 Final: LateCount=2, Amt=40, Days=0.04
[2026-06-12T11:58:17.041Z] [Late-Dbg] User 64 Final: LateCount=0, Amt=0, Days=0
[2026-06-12T11:58:17.085Z] [Late-Dbg] User 65 Final: LateCount=2, Amt=30, Days=0.03
[2026-06-12T11:58:17.161Z] [Late-Dbg] User 68 Final: LateCount=0, Amt=0, Days=0
[2026-06-12T11:58:17.282Z] [Late-Dbg] User 69 Final: LateCount=5, Amt=0, Days=0
[2026-06-12T11:58:17.577Z] [Late-Dbg] User 70 Final: LateCount=0, Amt=0, Days=0
[2026-06-12T11:58:17.597Z] [Late-Dbg] User 98 Final: LateCount=0, Amt=0, Days=0
[2026-06-12T11:58:17.619Z] [Late-Dbg] User 99 Final: LateCount=0, Amt=0, Days=0
[2026-06-12T11:58:17.642Z] [Late-Dbg] User 100 Final: LateCount=0, Amt=0, Days=0
[2026-06-12T11:58:17.663Z] [Late-Dbg] User 101 Final: LateCount=0, Amt=0, Days=0
[2026-06-12T11:58:17.681Z] [Late-Dbg] User 102 Final: LateCount=0, Amt=0, Days=0
[2026-06-12T11:58:17.701Z] [Late-Dbg] User 103 Final: LateCount=0, Amt=0, Days=0
[2026-06-12T11:58:17.734Z] [Late-Dbg] User 104 Final: LateCount=0, Amt=0, Days=0
[2026-06-12T11:58:17.770Z] [Late-Dbg] User 105 Final: LateCount=0, Amt=0, Days=0
[2026-06-12T11:58:17.801Z] [Late-Dbg] User 106 Final: LateCount=0, Amt=0, Days=0
[2026-06-12T11:58:17.848Z] [Late-Dbg] User 107 Final: LateCount=0, Amt=0, Days=0
[2026-06-12T11:58:17.887Z] [Late-Dbg] User 108 Final: LateCount=0, Amt=0, Days=0
[2026-06-12T11:58:17.969Z] [Late-Dbg] User 109 Final: LateCount=1, Amt=0, Days=0
[2026-06-12T11:58:18.139Z] [Late-Dbg] User 182 Final: LateCount=1, Amt=30, Days=0.03
[2026-06-12T11:58:18.537Z] [Late-Dbg] User 185 Final: LateCount=1, Amt=322.58, Days=0.5
[2026-06-12T11:58:19.346Z] [Late-Dbg] User 186 Final: LateCount=0, Amt=0, Days=0
[2026-06-12T12:00:19.812Z] [Late-Dbg] User 57 Final: LateCount=2, Amt=60, Days=0.05
[Admin-Bonus] SKIP: User 57, Rule Active=true, RuleMonth=2026-04, TargetMonth=2026-05
[2026-06-12T12:00:20.190Z] [Late-Dbg] User 58 Final: LateCount=0, Amt=0, Days=0
[Admin-Bonus] SKIP: User 58, Rule Active=true, RuleMonth=2026-04, TargetMonth=2026-05
[2026-06-12T12:00:20.257Z] [Late-Dbg] User 59 Final: LateCount=2, Amt=1129.03, Days=1
[2026-06-12T12:00:20.387Z] [Late-Dbg] User 61 Final: LateCount=0, Amt=0, Days=0
[2026-06-12T12:00:20.434Z] [Late-Dbg] User 62 Final: LateCount=0, Amt=0, Days=0
[2026-06-12T12:00:20.483Z] [Late-Dbg] User 63 Final: LateCount=2, Amt=40, Days=0.04
[2026-06-12T12:00:20.528Z] [Late-Dbg] User 64 Final: LateCount=0, Amt=0, Days=0
[2026-06-12T12:00:20.569Z] [Late-Dbg] User 65 Final: LateCount=2, Amt=30, Days=0.03
[2026-06-12T12:00:20.634Z] [Late-Dbg] User 68 Final: LateCount=0, Amt=0, Days=0
[2026-06-12T12:00:20.751Z] [Late-Dbg] User 69 Final: LateCount=5, Amt=0, Days=0
[2026-06-12T12:00:21.007Z] [Late-Dbg] User 70 Final: LateCount=0, Amt=0, Days=0
[2026-06-12T12:00:21.026Z] [Late-Dbg] User 98 Final: LateCount=0, Amt=0, Days=0
[2026-06-12T12:00:21.046Z] [Late-Dbg] User 99 Final: LateCount=0, Amt=0, Days=0
[2026-06-12T12:00:21.067Z] [Late-Dbg] User 100 Final: LateCount=0, Amt=0, Days=0
[2026-06-12T12:00:21.085Z] [Late-Dbg] User 101 Final: LateCount=0, Amt=0, Days=0
[2026-06-12T12:00:21.103Z] [Late-Dbg] User 102 Final: LateCount=0, Amt=0, Days=0
[2026-06-12T12:00:21.121Z] [Late-Dbg] User 103 Final: LateCount=0, Amt=0, Days=0
[2026-06-12T12:00:21.150Z] [Late-Dbg] User 104 Final: LateCount=0, Amt=0, Days=0
[2026-06-12T12:00:21.189Z] [Late-Dbg] User 105 Final: LateCount=0, Amt=0, Days=0
[2026-06-12T12:00:21.219Z] [Late-Dbg] User 106 Final: LateCount=0, Amt=0, Days=0
[2026-06-12T12:00:21.259Z] [Late-Dbg] User 107 Final: LateCount=0, Amt=0, Days=0
[2026-06-12T12:00:21.294Z] [Late-Dbg] User 108 Final: LateCount=0, Amt=0, Days=0
[2026-06-12T12:00:21.371Z] [Late-Dbg] User 109 Final: LateCount=1, Amt=0, Days=0
[2026-06-12T12:00:21.534Z] [Late-Dbg] User 182 Final: LateCount=1, Amt=30, Days=0.03
[2026-06-12T12:00:21.890Z] [Late-Dbg] User 185 Final: LateCount=1, Amt=322.58, Days=0.5
[2026-06-12T12:00:22.590Z] [Late-Dbg] User 186 Final: LateCount=0, Amt=0, Days=0
[2026-06-12T12:14:57.073Z] [Late-Dbg] User 185 Final: LateCount=1, Amt=322.58, Days=0.5
[2026-06-12T12:16:30.906Z] [Late-Dbg] User 57 Final: LateCount=2, Amt=60, Days=0.05
[Admin-Bonus] SKIP: User 57, Rule Active=true, RuleMonth=2026-04, TargetMonth=2026-05
[2026-06-12T12:16:32.167Z] [Late-Dbg] User 58 Final: LateCount=0, Amt=0, Days=0
[Admin-Bonus] SKIP: User 58, Rule Active=true, RuleMonth=2026-04, TargetMonth=2026-05
[2026-06-12T12:16:32.484Z] [Late-Dbg] User 59 Final: LateCount=2, Amt=1129.03, Days=1
[2026-06-12T12:16:33.030Z] [Late-Dbg] User 61 Final: LateCount=0, Amt=0, Days=0
[2026-06-12T12:16:33.168Z] [Late-Dbg] User 62 Final: LateCount=0, Amt=0, Days=0
[2026-06-12T12:16:33.306Z] [Late-Dbg] User 63 Final: LateCount=2, Amt=40, Days=0.04
[2026-06-12T12:16:33.511Z] [Late-Dbg] User 64 Final: LateCount=0, Amt=0, Days=0
[2026-06-12T12:16:33.692Z] [Late-Dbg] User 65 Final: LateCount=2, Amt=30, Days=0.03
[2026-06-12T12:16:33.948Z] [Late-Dbg] User 68 Final: LateCount=0, Amt=0, Days=0
[2026-06-12T12:16:34.528Z] [Late-Dbg] User 69 Final: LateCount=5, Amt=0, Days=0
[2026-06-12T12:16:35.341Z] [Late-Dbg] User 70 Final: LateCount=0, Amt=0, Days=0
[2026-06-12T12:16:35.391Z] [Late-Dbg] User 98 Final: LateCount=0, Amt=0, Days=0
[2026-06-12T12:16:35.443Z] [Late-Dbg] User 99 Final: LateCount=0, Amt=0, Days=0
[2026-06-12T12:16:35.492Z] [Late-Dbg] User 100 Final: LateCount=0, Amt=0, Days=0
[2026-06-12T12:16:35.541Z] [Late-Dbg] User 101 Final: LateCount=0, Amt=0, Days=0
[2026-06-12T12:16:35.592Z] [Late-Dbg] User 102 Final: LateCount=0, Amt=0, Days=0
[2026-06-12T12:16:35.643Z] [Late-Dbg] User 103 Final: LateCount=0, Amt=0, Days=0
[2026-06-12T12:16:35.728Z] [Late-Dbg] User 104 Final: LateCount=0, Amt=0, Days=0
[2026-06-12T12:16:35.887Z] [Late-Dbg] User 105 Final: LateCount=0, Amt=0, Days=0
[2026-06-12T12:16:36.012Z] [Late-Dbg] User 106 Final: LateCount=0, Amt=0, Days=0
[2026-06-12T12:16:36.224Z] [Late-Dbg] User 107 Final: LateCount=0, Amt=0, Days=0
[2026-06-12T12:16:36.394Z] [Late-Dbg] User 108 Final: LateCount=0, Amt=0, Days=0
[2026-06-12T12:16:36.703Z] [Late-Dbg] User 109 Final: LateCount=1, Amt=0, Days=0
[2026-06-12T12:16:37.397Z] [Late-Dbg] User 182 Final: LateCount=1, Amt=30, Days=0.03
[2026-06-12T12:16:39.136Z] [Late-Dbg] User 185 Final: LateCount=1, Amt=322.58, Days=0.5
[2026-06-12T12:16:41.646Z] [Late-Dbg] User 186 Final: LateCount=0, Amt=0, Days=0
[2026-06-12T12:23:08.716Z] [Late-Dbg] User 185 Final: LateCount=1, Amt=322.58, Days=0.5
[2026-06-12T12:25:04.124Z] [Late-Dbg] User 57 Final: LateCount=2, Amt=60, Days=0.05
[Admin-Bonus] SKIP: User 57, Rule Active=true, RuleMonth=2026-04, TargetMonth=2026-05
[2026-06-12T12:25:05.161Z] [Late-Dbg] User 58 Final: LateCount=0, Amt=0, Days=0
[Admin-Bonus] SKIP: User 58, Rule Active=true, RuleMonth=2026-04, TargetMonth=2026-05
[2026-06-12T12:25:05.346Z] [Late-Dbg] User 59 Final: LateCount=2, Amt=1129.03, Days=1
[2026-06-12T12:25:05.683Z] [Late-Dbg] User 61 Final: LateCount=0, Amt=0, Days=0
[2026-06-12T12:25:05.797Z] [Late-Dbg] User 62 Final: LateCount=0, Amt=0, Days=0
[2026-06-12T12:25:05.909Z] [Late-Dbg] User 63 Final: LateCount=2, Amt=40, Days=0.04
[2026-06-12T12:25:06.022Z] [Late-Dbg] User 64 Final: LateCount=0, Amt=0, Days=0
[2026-06-12T12:25:06.099Z] [Late-Dbg] User 65 Final: LateCount=2, Amt=30, Days=0.03
[2026-06-12T12:25:06.249Z] [Late-Dbg] User 68 Final: LateCount=0, Amt=0, Days=0
[2026-06-12T12:25:06.538Z] [Late-Dbg] User 69 Final: LateCount=5, Amt=0, Days=0
[2026-06-12T12:25:07.515Z] [Late-Dbg] User 70 Final: LateCount=0, Amt=0, Days=0
[2026-06-12T12:25:07.616Z] [Late-Dbg] User 98 Final: LateCount=0, Amt=0, Days=0
[2026-06-12T12:25:07.705Z] [Late-Dbg] User 99 Final: LateCount=0, Amt=0, Days=0
[2026-06-12T12:25:07.791Z] [Late-Dbg] User 100 Final: LateCount=0, Amt=0, Days=0
[2026-06-12T12:25:07.873Z] [Late-Dbg] User 101 Final: LateCount=0, Amt=0, Days=0
[2026-06-12T12:25:07.964Z] [Late-Dbg] User 102 Final: LateCount=0, Amt=0, Days=0
[2026-06-12T12:25:08.050Z] [Late-Dbg] User 103 Final: LateCount=0, Amt=0, Days=0
[2026-06-12T12:25:08.190Z] [Late-Dbg] User 104 Final: LateCount=0, Amt=0, Days=0
[2026-06-12T12:25:08.358Z] [Late-Dbg] User 105 Final: LateCount=0, Amt=0, Days=0
[2026-06-12T12:25:08.481Z] [Late-Dbg] User 106 Final: LateCount=0, Amt=0, Days=0
[2026-06-12T12:25:08.688Z] [Late-Dbg] User 107 Final: LateCount=0, Amt=0, Days=0
[2026-06-12T12:25:08.805Z] [Late-Dbg] User 108 Final: LateCount=0, Amt=0, Days=0
[2026-06-12T12:25:09.007Z] [Late-Dbg] User 109 Final: LateCount=1, Amt=0, Days=0
[2026-06-12T12:25:09.694Z] [Late-Dbg] User 182 Final: LateCount=1, Amt=30, Days=0.03
[2026-06-12T12:25:11.395Z] [Late-Dbg] User 185 Final: LateCount=1, Amt=322.58, Days=0.5
[2026-06-12T12:25:14.632Z] [Late-Dbg] User 186 Final: LateCount=0, Amt=0, Days=0
[2026-06-12T12:25:47.077Z] [Late-Dbg] User 57 Final: LateCount=2, Amt=60, Days=0.05
[Admin-Bonus] SKIP: User 57, Rule Active=true, RuleMonth=2026-04, TargetMonth=2026-05
[2026-06-12T12:25:47.602Z] [Late-Dbg] User 58 Final: LateCount=0, Amt=0, Days=0
[Admin-Bonus] SKIP: User 58, Rule Active=true, RuleMonth=2026-04, TargetMonth=2026-05
[2026-06-12T12:25:47.699Z] [Late-Dbg] User 59 Final: LateCount=2, Amt=1129.03, Days=1
[2026-06-12T12:25:47.866Z] [Late-Dbg] User 61 Final: LateCount=0, Amt=0, Days=0
[2026-06-12T12:25:47.920Z] [Late-Dbg] User 62 Final: LateCount=0, Amt=0, Days=0
[2026-06-12T12:25:48.004Z] [Late-Dbg] User 63 Final: LateCount=2, Amt=40, Days=0.04
[2026-06-12T12:25:48.079Z] [Late-Dbg] User 64 Final: LateCount=0, Amt=0, Days=0
[2026-06-12T12:25:48.137Z] [Late-Dbg] User 65 Final: LateCount=2, Amt=30, Days=0.03
[2026-06-12T12:25:48.237Z] [Late-Dbg] User 68 Final: LateCount=0, Amt=0, Days=0
[2026-06-12T12:25:48.417Z] [Late-Dbg] User 69 Final: LateCount=5, Amt=0, Days=0
[2026-06-12T12:25:48.798Z] [Late-Dbg] User 70 Final: LateCount=0, Amt=0, Days=0
[2026-06-12T12:25:48.822Z] [Late-Dbg] User 98 Final: LateCount=0, Amt=0, Days=0
[2026-06-12T12:25:48.852Z] [Late-Dbg] User 99 Final: LateCount=0, Amt=0, Days=0
[2026-06-12T12:25:48.892Z] [Late-Dbg] User 100 Final: LateCount=0, Amt=0, Days=0
[2026-06-12T12:25:48.931Z] [Late-Dbg] User 101 Final: LateCount=0, Amt=0, Days=0
[2026-06-12T12:25:48.971Z] [Late-Dbg] User 102 Final: LateCount=0, Amt=0, Days=0
[2026-06-12T12:25:49.005Z] [Late-Dbg] User 103 Final: LateCount=0, Amt=0, Days=0
[2026-06-12T12:25:49.042Z] [Late-Dbg] User 104 Final: LateCount=0, Amt=0, Days=0
[2026-06-12T12:25:49.080Z] [Late-Dbg] User 105 Final: LateCount=0, Amt=0, Days=0
[2026-06-12T12:25:49.112Z] [Late-Dbg] User 106 Final: LateCount=0, Amt=0, Days=0
[2026-06-12T12:25:49.158Z] [Late-Dbg] User 107 Final: LateCount=0, Amt=0, Days=0
[2026-06-12T12:25:49.196Z] [Late-Dbg] User 108 Final: LateCount=0, Amt=0, Days=0
[2026-06-12T12:25:49.277Z] [Late-Dbg] User 109 Final: LateCount=1, Amt=0, Days=0
[2026-06-12T12:25:49.475Z] [Late-Dbg] User 182 Final: LateCount=1, Amt=30, Days=0.03
[2026-06-12T12:25:49.985Z] [Late-Dbg] User 185 Final: LateCount=1, Amt=322.58, Days=0.5
[2026-06-12T12:25:51.177Z] [Late-Dbg] User 186 Final: LateCount=0, Amt=0, Days=0
[2026-06-12T12:32:45.953Z] [Late-Dbg] User 185 Final: LateCount=1, Amt=322.58, Days=0.5
[2026-06-12T12:33:13.589Z] [Late-Dbg] User 185 Final: LateCount=1, Amt=322.58, Days=0.5
[2026-06-12T13:35:28.840Z] [Late-Dbg] User 57 Final: LateCount=2, Amt=60, Days=0.05
[Admin-Bonus] SKIP: User 57, Rule Active=true, RuleMonth=2026-04, TargetMonth=2026-05
[2026-06-12T13:35:29.711Z] [Late-Dbg] User 58 Final: LateCount=0, Amt=0, Days=0
[Admin-Bonus] SKIP: User 58, Rule Active=true, RuleMonth=2026-04, TargetMonth=2026-05
[2026-06-12T13:35:29.872Z] [Late-Dbg] User 59 Final: LateCount=2, Amt=1166.67, Days=1
[2026-06-12T13:35:30.111Z] [Late-Dbg] User 61 Final: LateCount=0, Amt=0, Days=0
[2026-06-12T13:35:30.176Z] [Late-Dbg] User 62 Final: LateCount=0, Amt=0, Days=0
[2026-06-12T13:35:30.293Z] [Late-Dbg] User 63 Final: LateCount=2, Amt=40, Days=0.04
[2026-06-12T13:35:30.391Z] [Late-Dbg] User 64 Final: LateCount=0, Amt=0, Days=0
[2026-06-12T13:35:30.476Z] [Late-Dbg] User 65 Final: LateCount=2, Amt=30, Days=0.03
[2026-06-12T13:35:30.582Z] [Late-Dbg] User 68 Final: LateCount=0, Amt=0, Days=0
[2026-06-12T13:35:30.899Z] [Late-Dbg] User 69 Final: LateCount=5, Amt=0, Days=0
[2026-06-12T13:35:31.703Z] [Late-Dbg] User 70 Final: LateCount=0, Amt=0, Days=0
[2026-06-12T13:35:31.751Z] [Late-Dbg] User 98 Final: LateCount=0, Amt=0, Days=0
[2026-06-12T13:35:31.800Z] [Late-Dbg] User 99 Final: LateCount=0, Amt=0, Days=0
[2026-06-12T13:35:31.845Z] [Late-Dbg] User 100 Final: LateCount=0, Amt=0, Days=0
[2026-06-12T13:35:31.892Z] [Late-Dbg] User 101 Final: LateCount=0, Amt=0, Days=0
[2026-06-12T13:35:31.939Z] [Late-Dbg] User 102 Final: LateCount=0, Amt=0, Days=0
[2026-06-12T13:35:31.985Z] [Late-Dbg] User 103 Final: LateCount=0, Amt=0, Days=0
[2026-06-12T13:35:32.052Z] [Late-Dbg] User 104 Final: LateCount=0, Amt=0, Days=0
[2026-06-12T13:35:32.141Z] [Late-Dbg] User 105 Final: LateCount=0, Amt=0, Days=0
[2026-06-12T13:35:32.207Z] [Late-Dbg] User 106 Final: LateCount=0, Amt=0, Days=0
[2026-06-12T13:35:32.309Z] [Late-Dbg] User 107 Final: LateCount=0, Amt=0, Days=0
[2026-06-12T13:35:32.390Z] [Late-Dbg] User 108 Final: LateCount=0, Amt=0, Days=0
[2026-06-12T13:35:32.592Z] [Late-Dbg] User 109 Final: LateCount=1, Amt=0, Days=0
[2026-06-12T13:35:33.228Z] [Late-Dbg] User 182 Final: LateCount=1, Amt=30, Days=0.03
[2026-06-12T13:35:34.091Z] [Late-Dbg] User 185 Final: LateCount=1, Amt=333.33, Days=0.5
[2026-06-12T13:35:36.282Z] [Late-Dbg] User 186 Final: LateCount=0, Amt=0, Days=0
[2026-06-12T13:37:07.512Z] [Late-Dbg] User 57 Final: LateCount=2, Amt=60, Days=0.05
[Admin-Bonus] SKIP: User 57, Rule Active=true, RuleMonth=2026-04, TargetMonth=2026-05
[2026-06-12T13:37:08.352Z] [Late-Dbg] User 58 Final: LateCount=0, Amt=0, Days=0
[Admin-Bonus] SKIP: User 58, Rule Active=true, RuleMonth=2026-04, TargetMonth=2026-05
[2026-06-12T13:37:08.535Z] [Late-Dbg] User 59 Final: LateCount=2, Amt=1129.03, Days=1
[2026-06-12T13:37:08.928Z] [Late-Dbg] User 61 Final: LateCount=0, Amt=0, Days=0
[2026-06-12T13:37:08.989Z] [Late-Dbg] User 62 Final: LateCount=0, Amt=0, Days=0
[2026-06-12T13:37:09.055Z] [Late-Dbg] User 63 Final: LateCount=2, Amt=40, Days=0.04
[2026-06-12T13:37:09.121Z] [Late-Dbg] User 64 Final: LateCount=0, Amt=0, Days=0
[2026-06-12T13:37:09.182Z] [Late-Dbg] User 65 Final: LateCount=2, Amt=30, Days=0.03
[2026-06-12T13:37:09.278Z] [Late-Dbg] User 68 Final: LateCount=0, Amt=0, Days=0
[2026-06-12T13:37:09.439Z] [Late-Dbg] User 69 Final: LateCount=5, Amt=0, Days=0
[2026-06-12T13:37:09.774Z] [Late-Dbg] User 70 Final: LateCount=0, Amt=0, Days=0
[2026-06-12T13:37:09.797Z] [Late-Dbg] User 98 Final: LateCount=0, Amt=0, Days=0
[2026-06-12T13:37:09.821Z] [Late-Dbg] User 99 Final: LateCount=0, Amt=0, Days=0
[2026-06-12T13:37:09.842Z] [Late-Dbg] User 100 Final: LateCount=0, Amt=0, Days=0
[2026-06-12T13:37:09.868Z] [Late-Dbg] User 101 Final: LateCount=0, Amt=0, Days=0
[2026-06-12T13:37:09.890Z] [Late-Dbg] User 102 Final: LateCount=0, Amt=0, Days=0
[2026-06-12T13:37:09.913Z] [Late-Dbg] User 103 Final: LateCount=0, Amt=0, Days=0
[2026-06-12T13:37:09.946Z] [Late-Dbg] User 104 Final: LateCount=0, Amt=0, Days=0
[2026-06-12T13:37:09.987Z] [Late-Dbg] User 105 Final: LateCount=0, Amt=0, Days=0
[2026-06-12T13:37:10.019Z] [Late-Dbg] User 106 Final: LateCount=0, Amt=0, Days=0
[2026-06-12T13:37:10.071Z] [Late-Dbg] User 107 Final: LateCount=0, Amt=0, Days=0
[2026-06-12T13:37:10.114Z] [Late-Dbg] User 108 Final: LateCount=0, Amt=0, Days=0
[2026-06-12T13:37:10.207Z] [Late-Dbg] User 109 Final: LateCount=1, Amt=0, Days=0
[2026-06-12T13:37:10.421Z] [Late-Dbg] User 182 Final: LateCount=1, Amt=30, Days=0.03
[2026-06-12T13:37:10.989Z] [Late-Dbg] User 185 Final: LateCount=1, Amt=322.58, Days=0.5
[2026-06-12T13:37:12.224Z] [Late-Dbg] User 186 Final: LateCount=0, Amt=0, Days=0
[2026-06-12T13:38:17.717Z] [Late-Dbg] User 57 Final: LateCount=2, Amt=60, Days=0.05
[Admin-Bonus] SKIP: User 57, Rule Active=true, RuleMonth=2026-04, TargetMonth=2026-05
[2026-06-12T13:38:18.308Z] [Late-Dbg] User 58 Final: LateCount=0, Amt=0, Days=0
[Admin-Bonus] SKIP: User 58, Rule Active=true, RuleMonth=2026-04, TargetMonth=2026-05
[2026-06-12T13:38:18.425Z] [Late-Dbg] User 59 Final: LateCount=2, Amt=1166.67, Days=1
[2026-06-12T13:38:18.637Z] [Late-Dbg] User 61 Final: LateCount=0, Amt=0, Days=0
[2026-06-12T13:38:18.740Z] [Late-Dbg] User 62 Final: LateCount=0, Amt=0, Days=0
[2026-06-12T13:38:18.853Z] [Late-Dbg] User 63 Final: LateCount=2, Amt=40, Days=0.04
[2026-06-12T13:38:18.959Z] [Late-Dbg] User 64 Final: LateCount=0, Amt=0, Days=0
[2026-06-12T13:38:19.058Z] [Late-Dbg] User 65 Final: LateCount=2, Amt=30, Days=0.03
[2026-06-12T13:38:19.210Z] [Late-Dbg] User 68 Final: LateCount=0, Amt=0, Days=0
[2026-06-12T13:38:19.468Z] [Late-Dbg] User 69 Final: LateCount=5, Amt=0, Days=0
[2026-06-12T13:38:19.789Z] [Late-Dbg] User 70 Final: LateCount=0, Amt=0, Days=0
[2026-06-12T13:38:19.837Z] [Late-Dbg] User 98 Final: LateCount=0, Amt=0, Days=0
[2026-06-12T13:38:19.890Z] [Late-Dbg] User 99 Final: LateCount=0, Amt=0, Days=0
[2026-06-12T13:38:19.942Z] [Late-Dbg] User 100 Final: LateCount=0, Amt=0, Days=0
[2026-06-12T13:38:19.995Z] [Late-Dbg] User 101 Final: LateCount=0, Amt=0, Days=0
[2026-06-12T13:38:20.052Z] [Late-Dbg] User 102 Final: LateCount=0, Amt=0, Days=0
[2026-06-12T13:38:20.082Z] [Late-Dbg] User 103 Final: LateCount=0, Amt=0, Days=0
[2026-06-12T13:38:20.119Z] [Late-Dbg] User 104 Final: LateCount=0, Amt=0, Days=0
[2026-06-12T13:38:20.167Z] [Late-Dbg] User 105 Final: LateCount=0, Amt=0, Days=0
[2026-06-12T13:38:20.202Z] [Late-Dbg] User 106 Final: LateCount=0, Amt=0, Days=0
[2026-06-12T13:38:20.256Z] [Late-Dbg] User 107 Final: LateCount=0, Amt=0, Days=0
[2026-06-12T13:38:20.299Z] [Late-Dbg] User 108 Final: LateCount=0, Amt=0, Days=0
[2026-06-12T13:38:20.391Z] [Late-Dbg] User 109 Final: LateCount=1, Amt=0, Days=0
[2026-06-12T13:38:20.572Z] [Late-Dbg] User 182 Final: LateCount=1, Amt=30, Days=0.03
[2026-06-12T13:38:21.128Z] [Late-Dbg] User 185 Final: LateCount=1, Amt=333.33, Days=0.5
[2026-06-12T13:38:22.944Z] [Late-Dbg] User 186 Final: LateCount=0, Amt=0, Days=0
[2026-06-12T16:24:36.978Z] [Late-Dbg] User 57 Final: LateCount=2, Amt=60, Days=0.05
[Admin-Bonus] SKIP: User 57, Rule Active=true, RuleMonth=2026-04, TargetMonth=2026-05
[2026-06-12T16:24:37.391Z] [Late-Dbg] User 58 Final: LateCount=0, Amt=0, Days=0
[Admin-Bonus] SKIP: User 58, Rule Active=true, RuleMonth=2026-04, TargetMonth=2026-05
[2026-06-12T16:24:37.469Z] [Late-Dbg] User 59 Final: LateCount=2, Amt=1166.67, Days=1
[2026-06-12T16:24:37.600Z] [Late-Dbg] User 61 Final: LateCount=0, Amt=0, Days=0
[2026-06-12T16:24:37.653Z] [Late-Dbg] User 62 Final: LateCount=0, Amt=0, Days=0
[2026-06-12T16:24:37.710Z] [Late-Dbg] User 63 Final: LateCount=2, Amt=40, Days=0.04
[2026-06-12T16:24:37.768Z] [Late-Dbg] User 64 Final: LateCount=0, Amt=0, Days=0
[2026-06-12T16:24:37.819Z] [Late-Dbg] User 65 Final: LateCount=2, Amt=30, Days=0.03
[2026-06-12T16:24:37.896Z] [Late-Dbg] User 68 Final: LateCount=0, Amt=0, Days=0
[2026-06-12T16:24:38.037Z] [Late-Dbg] User 69 Final: LateCount=5, Amt=0, Days=0
[2026-06-12T16:24:38.342Z] [Late-Dbg] User 70 Final: LateCount=0, Amt=0, Days=0
[2026-06-12T16:24:38.364Z] [Late-Dbg] User 98 Final: LateCount=0, Amt=0, Days=0
[2026-06-12T16:24:38.387Z] [Late-Dbg] User 99 Final: LateCount=0, Amt=0, Days=0
[2026-06-12T16:24:38.412Z] [Late-Dbg] User 100 Final: LateCount=0, Amt=0, Days=0
[2026-06-12T16:24:38.436Z] [Late-Dbg] User 101 Final: LateCount=0, Amt=0, Days=0
[2026-06-12T16:24:38.467Z] [Late-Dbg] User 102 Final: LateCount=0, Amt=0, Days=0
[2026-06-12T16:24:38.499Z] [Late-Dbg] User 103 Final: LateCount=0, Amt=0, Days=0
[2026-06-12T16:24:38.540Z] [Late-Dbg] User 104 Final: LateCount=0, Amt=0, Days=0
[2026-06-12T16:24:38.587Z] [Late-Dbg] User 105 Final: LateCount=0, Amt=0, Days=0
[2026-06-12T16:24:38.624Z] [Late-Dbg] User 106 Final: LateCount=0, Amt=0, Days=0
[2026-06-12T16:24:38.686Z] [Late-Dbg] User 107 Final: LateCount=0, Amt=0, Days=0
[2026-06-12T16:24:38.729Z] [Late-Dbg] User 108 Final: LateCount=0, Amt=0, Days=0
[2026-06-12T16:24:38.823Z] [Late-Dbg] User 109 Final: LateCount=1, Amt=0, Days=0
[2026-06-12T16:24:39.120Z] [Late-Dbg] User 182 Final: LateCount=1, Amt=30, Days=0.03
[2026-06-12T16:24:39.572Z] [Late-Dbg] User 185 Final: LateCount=1, Amt=333.33, Days=0.5
[2026-06-12T16:24:40.528Z] [Late-Dbg] User 186 Final: LateCount=0, Amt=0, Days=0
[2026-06-12T16:37:30.472Z] [Late-Dbg] User 57 Final: LateCount=2, Amt=60, Days=0.05
[Admin-Bonus] SKIP: User 57, Rule Active=true, RuleMonth=2026-04, TargetMonth=2026-05
[2026-06-12T16:37:30.890Z] [Late-Dbg] User 58 Final: LateCount=0, Amt=0, Days=0
[Admin-Bonus] SKIP: User 58, Rule Active=true, RuleMonth=2026-04, TargetMonth=2026-05
[2026-06-12T16:37:30.966Z] [Late-Dbg] User 59 Final: LateCount=2, Amt=1166.67, Days=1
[2026-06-12T16:37:31.097Z] [Late-Dbg] User 61 Final: LateCount=0, Amt=0, Days=0
[2026-06-12T16:37:31.149Z] [Late-Dbg] User 62 Final: LateCount=0, Amt=0, Days=0
[2026-06-12T16:37:31.210Z] [Late-Dbg] User 63 Final: LateCount=2, Amt=40, Days=0.04
[2026-06-12T16:37:31.277Z] [Late-Dbg] User 64 Final: LateCount=0, Amt=0, Days=0
[2026-06-12T16:37:31.334Z] [Late-Dbg] User 65 Final: LateCount=2, Amt=30, Days=0.03
[2026-06-12T16:37:31.412Z] [Late-Dbg] User 68 Final: LateCount=0, Amt=0, Days=0
[2026-06-12T16:37:31.551Z] [Late-Dbg] User 69 Final: LateCount=5, Amt=0, Days=0
[2026-06-12T16:37:31.961Z] [Late-Dbg] User 70 Final: LateCount=0, Amt=0, Days=0
[2026-06-12T16:37:31.988Z] [Late-Dbg] User 98 Final: LateCount=0, Amt=0, Days=0
[2026-06-12T16:37:32.016Z] [Late-Dbg] User 99 Final: LateCount=0, Amt=0, Days=0
[2026-06-12T16:37:32.045Z] [Late-Dbg] User 100 Final: LateCount=0, Amt=0, Days=0
[2026-06-12T16:37:32.088Z] [Late-Dbg] User 101 Final: LateCount=0, Amt=0, Days=0
[2026-06-12T16:37:32.120Z] [Late-Dbg] User 102 Final: LateCount=0, Amt=0, Days=0
[2026-06-12T16:37:32.150Z] [Late-Dbg] User 103 Final: LateCount=0, Amt=0, Days=0
[2026-06-12T16:37:32.196Z] [Late-Dbg] User 104 Final: LateCount=0, Amt=0, Days=0
[2026-06-12T16:37:32.248Z] [Late-Dbg] User 105 Final: LateCount=0, Amt=0, Days=0
[2026-06-12T16:37:32.292Z] [Late-Dbg] User 106 Final: LateCount=0, Amt=0, Days=0
[2026-06-12T16:37:32.352Z] [Late-Dbg] User 107 Final: LateCount=0, Amt=0, Days=0
[2026-06-12T16:37:32.406Z] [Late-Dbg] User 108 Final: LateCount=0, Amt=0, Days=0
[2026-06-12T16:37:32.520Z] [Late-Dbg] User 109 Final: LateCount=1, Amt=0, Days=0
[2026-06-12T16:37:32.717Z] [Late-Dbg] User 182 Final: LateCount=1, Amt=30, Days=0.03
[2026-06-12T16:37:33.234Z] [Late-Dbg] User 185 Final: LateCount=1, Amt=333.33, Days=0.5
[2026-06-12T16:37:34.140Z] [Late-Dbg] User 186 Final: LateCount=0, Amt=0, Days=0
[2026-06-12T16:39:38.047Z] [Late-Dbg] User 57 Final: LateCount=2, Amt=60, Days=0.05
[Admin-Bonus] SKIP: User 57, Rule Active=true, RuleMonth=2026-04, TargetMonth=2026-05
[2026-06-12T16:39:38.469Z] [Late-Dbg] User 58 Final: LateCount=0, Amt=0, Days=0
[Admin-Bonus] SKIP: User 58, Rule Active=true, RuleMonth=2026-04, TargetMonth=2026-05
[2026-06-12T16:39:38.550Z] [Late-Dbg] User 59 Final: LateCount=2, Amt=1166.67, Days=1
[2026-06-12T16:39:38.690Z] [Late-Dbg] User 61 Final: LateCount=0, Amt=0, Days=0
[2026-06-12T16:39:38.740Z] [Late-Dbg] User 62 Final: LateCount=0, Amt=0, Days=0
[2026-06-12T16:39:38.798Z] [Late-Dbg] User 63 Final: LateCount=2, Amt=40, Days=0.04
[2026-06-12T16:39:38.857Z] [Late-Dbg] User 64 Final: LateCount=0, Amt=0, Days=0
[2026-06-12T16:39:38.904Z] [Late-Dbg] User 65 Final: LateCount=2, Amt=30, Days=0.03
[2026-06-12T16:39:38.986Z] [Late-Dbg] User 68 Final: LateCount=0, Amt=0, Days=0
[2026-06-12T16:39:39.148Z] [Late-Dbg] User 69 Final: LateCount=5, Amt=0, Days=0
[2026-06-12T16:39:39.559Z] [Late-Dbg] User 70 Final: LateCount=0, Amt=0, Days=0
[2026-06-12T16:39:39.585Z] [Late-Dbg] User 98 Final: LateCount=0, Amt=0, Days=0
[2026-06-12T16:39:39.611Z] [Late-Dbg] User 99 Final: LateCount=0, Amt=0, Days=0
[2026-06-12T16:39:39.640Z] [Late-Dbg] User 100 Final: LateCount=0, Amt=0, Days=0
[2026-06-12T16:39:39.664Z] [Late-Dbg] User 101 Final: LateCount=0, Amt=0, Days=0
[2026-06-12T16:39:39.691Z] [Late-Dbg] User 102 Final: LateCount=0, Amt=0, Days=0
[2026-06-12T16:39:39.714Z] [Late-Dbg] User 103 Final: LateCount=0, Amt=0, Days=0
[2026-06-12T16:39:39.746Z] [Late-Dbg] User 104 Final: LateCount=0, Amt=0, Days=0
[2026-06-12T16:39:39.789Z] [Late-Dbg] User 105 Final: LateCount=0, Amt=0, Days=0
[2026-06-12T16:39:39.822Z] [Late-Dbg] User 106 Final: LateCount=0, Amt=0, Days=0
[2026-06-12T16:39:39.867Z] [Late-Dbg] User 107 Final: LateCount=0, Amt=0, Days=0
[2026-06-12T16:39:39.907Z] [Late-Dbg] User 108 Final: LateCount=0, Amt=0, Days=0
[2026-06-12T16:39:39.989Z] [Late-Dbg] User 109 Final: LateCount=1, Amt=0, Days=0
[2026-06-12T16:39:40.171Z] [Late-Dbg] User 182 Final: LateCount=1, Amt=30, Days=0.03
[2026-06-12T16:39:40.578Z] [Late-Dbg] User 185 Final: LateCount=1, Amt=0, Days=0
[2026-06-12T16:39:41.448Z] [Late-Dbg] User 186 Final: LateCount=0, Amt=0, Days=0
[2026-06-13T05:46:17.713Z] [Late-Dbg] User 57 Final: LateCount=2, Amt=60, Days=0.05
[Admin-Bonus] SKIP: User 57, Rule Active=true, RuleMonth=2026-04, TargetMonth=2026-05
[2026-06-13T05:46:18.219Z] [Late-Dbg] User 58 Final: LateCount=0, Amt=0, Days=0
[Admin-Bonus] SKIP: User 58, Rule Active=true, RuleMonth=2026-04, TargetMonth=2026-05
[2026-06-13T05:46:18.321Z] [Late-Dbg] User 59 Final: LateCount=2, Amt=1166.67, Days=1
[2026-06-13T05:46:18.488Z] [Late-Dbg] User 61 Final: LateCount=0, Amt=0, Days=0
[2026-06-13T05:46:18.569Z] [Late-Dbg] User 62 Final: LateCount=0, Amt=0, Days=0
[2026-06-13T05:46:18.649Z] [Late-Dbg] User 63 Final: LateCount=2, Amt=40, Days=0.04
[2026-06-13T05:46:18.713Z] [Late-Dbg] User 64 Final: LateCount=0, Amt=0, Days=0
[2026-06-13T05:46:18.776Z] [Late-Dbg] User 65 Final: LateCount=2, Amt=30, Days=0.03
[2026-06-13T05:46:18.886Z] [Late-Dbg] User 68 Final: LateCount=0, Amt=0, Days=0
[2026-06-13T05:46:19.159Z] [Late-Dbg] User 69 Final: LateCount=5, Amt=0, Days=0
[2026-06-13T05:46:19.578Z] [Late-Dbg] User 70 Final: LateCount=0, Amt=0, Days=0
[2026-06-13T05:46:19.620Z] [Late-Dbg] User 98 Final: LateCount=0, Amt=0, Days=0
[2026-06-13T05:46:19.656Z] [Late-Dbg] User 99 Final: LateCount=0, Amt=0, Days=0
[2026-06-13T05:46:19.698Z] [Late-Dbg] User 100 Final: LateCount=0, Amt=0, Days=0
[2026-06-13T05:46:19.760Z] [Late-Dbg] User 101 Final: LateCount=0, Amt=0, Days=0
[2026-06-13T05:46:19.836Z] [Late-Dbg] User 102 Final: LateCount=0, Amt=0, Days=0
[2026-06-13T05:46:19.926Z] [Late-Dbg] User 103 Final: LateCount=0, Amt=0, Days=0
[2026-06-13T05:46:20.052Z] [Late-Dbg] User 104 Final: LateCount=0, Amt=0, Days=0
[2026-06-13T05:46:20.195Z] [Late-Dbg] User 105 Final: LateCount=0, Amt=0, Days=0
[2026-06-13T05:46:20.289Z] [Late-Dbg] User 106 Final: LateCount=0, Amt=0, Days=0
[2026-06-13T05:46:20.378Z] [Late-Dbg] User 107 Final: LateCount=0, Amt=0, Days=0
[2026-06-13T05:46:20.430Z] [Late-Dbg] User 108 Final: LateCount=0, Amt=0, Days=0
[2026-06-13T05:46:20.654Z] [Late-Dbg] User 109 Final: LateCount=1, Amt=0, Days=0
[2026-06-13T05:46:21.292Z] [Late-Dbg] User 182 Final: LateCount=1, Amt=30, Days=0.03
[2026-06-13T05:46:22.882Z] [Late-Dbg] User 185 Final: LateCount=1, Amt=0, Days=0
[2026-06-13T05:46:26.192Z] [Late-Dbg] User 186 Final: LateCount=0, Amt=0, Days=0
[2026-06-13T05:47:04.925Z] [Late-Dbg] User 57 Final: LateCount=2, Amt=60, Days=0.05
[Admin-Bonus] SKIP: User 57, Rule Active=true, RuleMonth=2026-04, TargetMonth=2026-05
[2026-06-13T05:47:05.724Z] [Late-Dbg] User 58 Final: LateCount=0, Amt=0, Days=0
[Admin-Bonus] SKIP: User 58, Rule Active=true, RuleMonth=2026-04, TargetMonth=2026-05
[2026-06-13T05:47:05.866Z] [Late-Dbg] User 59 Final: LateCount=2, Amt=1166.67, Days=1
[2026-06-13T05:47:06.097Z] [Late-Dbg] User 61 Final: LateCount=0, Amt=0, Days=0
[2026-06-13T05:47:06.178Z] [Late-Dbg] User 62 Final: LateCount=0, Amt=0, Days=0
[2026-06-13T05:47:06.255Z] [Late-Dbg] User 63 Final: LateCount=2, Amt=40, Days=0.04
[2026-06-13T05:47:06.336Z] [Late-Dbg] User 64 Final: LateCount=0, Amt=0, Days=0
[2026-06-13T05:47:06.402Z] [Late-Dbg] User 65 Final: LateCount=2, Amt=30, Days=0.03
[2026-06-13T05:47:06.576Z] [Late-Dbg] User 68 Final: LateCount=0, Amt=0, Days=0
[2026-06-13T05:47:06.721Z] [Late-Dbg] User 69 Final: LateCount=5, Amt=0, Days=0
[2026-06-13T05:47:07.131Z] [Late-Dbg] User 70 Final: LateCount=0, Amt=0, Days=0
[2026-06-13T05:47:07.155Z] [Late-Dbg] User 98 Final: LateCount=0, Amt=0, Days=0
[2026-06-13T05:47:07.180Z] [Late-Dbg] User 99 Final: LateCount=0, Amt=0, Days=0
[2026-06-13T05:47:07.203Z] [Late-Dbg] User 100 Final: LateCount=0, Amt=0, Days=0
[2026-06-13T05:47:07.228Z] [Late-Dbg] User 101 Final: LateCount=0, Amt=0, Days=0
[2026-06-13T05:47:07.251Z] [Late-Dbg] User 102 Final: LateCount=0, Amt=0, Days=0
[2026-06-13T05:47:07.274Z] [Late-Dbg] User 103 Final: LateCount=0, Amt=0, Days=0
[2026-06-13T05:47:07.306Z] [Late-Dbg] User 104 Final: LateCount=0, Amt=0, Days=0
[2026-06-13T05:47:07.346Z] [Late-Dbg] User 105 Final: LateCount=0, Amt=0, Days=0
[2026-06-13T05:47:07.378Z] [Late-Dbg] User 106 Final: LateCount=0, Amt=0, Days=0
[2026-06-13T05:47:07.424Z] [Late-Dbg] User 107 Final: LateCount=0, Amt=0, Days=0
[2026-06-13T05:47:07.469Z] [Late-Dbg] User 108 Final: LateCount=0, Amt=0, Days=0
[2026-06-13T05:47:07.549Z] [Late-Dbg] User 109 Final: LateCount=1, Amt=0, Days=0
[2026-06-13T05:47:07.737Z] [Late-Dbg] User 182 Final: LateCount=1, Amt=30, Days=0.03
[2026-06-13T05:47:08.203Z] [Late-Dbg] User 185 Final: LateCount=0, Amt=0, Days=0
[2026-06-13T05:47:09.319Z] [Late-Dbg] User 186 Final: LateCount=0, Amt=0, Days=0
[2026-06-15T09:42:01.402Z] [Late-Dbg] User 57 Final: LateCount=2, Amt=60, Days=0.05
[Admin-Bonus] SKIP: User 57, Rule Active=true, RuleMonth=2026-04, TargetMonth=2026-05
[2026-06-15T09:42:02.161Z] [Late-Dbg] User 58 Final: LateCount=0, Amt=0, Days=0
[Admin-Bonus] SKIP: User 58, Rule Active=true, RuleMonth=2026-04, TargetMonth=2026-05
[2026-06-15T09:42:02.296Z] [Late-Dbg] User 59 Final: LateCount=2, Amt=1166.67, Days=1
[2026-06-15T09:42:02.494Z] [Late-Dbg] User 61 Final: LateCount=0, Amt=0, Days=0
[2026-06-15T09:42:02.563Z] [Late-Dbg] User 62 Final: LateCount=0, Amt=0, Days=0
[2026-06-15T09:42:02.649Z] [Late-Dbg] User 63 Final: LateCount=2, Amt=40, Days=0.04
[2026-06-15T09:42:02.855Z] [Late-Dbg] User 64 Final: LateCount=0, Amt=0, Days=0
[2026-06-15T09:42:02.962Z] [Late-Dbg] User 65 Final: LateCount=2, Amt=30, Days=0.03
[2026-06-15T09:42:03.084Z] [Late-Dbg] User 68 Final: LateCount=0, Amt=0, Days=0
[2026-06-15T09:42:03.330Z] [Late-Dbg] User 69 Final: LateCount=5, Amt=0, Days=0
[2026-06-15T09:42:03.842Z] [Late-Dbg] User 70 Final: LateCount=0, Amt=0, Days=0
[2026-06-15T09:42:03.882Z] [Late-Dbg] User 98 Final: LateCount=0, Amt=0, Days=0
[2026-06-15T09:42:03.926Z] [Late-Dbg] User 103 Final: LateCount=0, Amt=0, Days=0
[2026-06-15T09:42:03.975Z] [Late-Dbg] User 107 Final: LateCount=0, Amt=0, Days=0
[2026-06-15T09:42:04.025Z] [Late-Dbg] User 108 Final: LateCount=0, Amt=0, Days=0
[2026-06-15T09:42:04.144Z] [Late-Dbg] User 109 Final: LateCount=1, Amt=0, Days=0
[2026-06-15T09:42:04.414Z] [Late-Dbg] User 182 Final: LateCount=1, Amt=30, Days=0.03
[2026-06-15T09:42:04.977Z] [Late-Dbg] User 185 Final: LateCount=0, Amt=0, Days=0
[2026-06-15T09:42:06.212Z] [Late-Dbg] User 186 Final: LateCount=0, Amt=0, Days=0
[2026-06-15T10:22:45.286Z] [Late-Dbg] User 57 Final: LateCount=1, Amt=30, Days=0.02
[Admin-Bonus] SUCCESS: User 57, Rule=rule2, Joining=2026-02-01, Tenure=2mo, Bracket=10%, Bonus=800
[2026-06-15T10:22:45.534Z] [Late-Dbg] User 58 Final: LateCount=3, Amt=1000, Days=0.5
[Admin-Bonus] SUCCESS: User 58, Rule=bonus, Joining=2026-03-30, Tenure=1mo, Bracket=10%, Bonus=600
[2026-06-15T10:22:45.644Z] [Late-Dbg] User 59 Final: LateCount=0, Amt=0, Days=0
[2026-06-15T10:22:45.739Z] [Late-Dbg] User 61 Final: LateCount=0, Amt=0, Days=0
[2026-06-15T10:22:45.814Z] [Late-Dbg] User 62 Final: LateCount=0, Amt=0, Days=0
[2026-06-15T10:22:45.861Z] [Late-Dbg] User 63 Final: LateCount=0, Amt=0, Days=0
[2026-06-15T10:22:45.910Z] [Late-Dbg] User 64 Final: LateCount=0, Amt=0, Days=0
[2026-06-15T10:22:45.969Z] [Late-Dbg] User 65 Final: LateCount=0, Amt=0, Days=0
[2026-06-15T10:22:46.059Z] [Late-Dbg] User 68 Final: LateCount=1, Amt=0, Days=0
[2026-06-15T10:22:46.236Z] [Late-Dbg] User 69 Final: LateCount=0, Amt=0, Days=0
[2026-06-15T10:22:46.441Z] [Late-Dbg] User 70 Final: LateCount=1, Amt=0, Days=0
[2026-06-15T10:22:46.542Z] [Late-Dbg] User 98 Final: LateCount=0, Amt=0, Days=0
[2026-06-15T10:22:46.621Z] [Late-Dbg] User 103 Final: LateCount=0, Amt=0, Days=0
[2026-06-15T10:22:46.660Z] [Late-Dbg] User 107 Final: LateCount=0, Amt=0, Days=0
[2026-06-15T10:22:46.699Z] [Late-Dbg] User 108 Final: LateCount=0, Amt=0, Days=0
[2026-06-15T10:22:46.757Z] [Late-Dbg] User 109 Final: LateCount=0, Amt=0, Days=0
[2026-06-15T10:22:46.844Z] [Late-Dbg] User 182 Final: LateCount=0, Amt=0, Days=0
[2026-06-15T10:22:46.893Z] [Late-Dbg] User 185 Final: LateCount=0, Amt=0, Days=0
[2026-06-15T10:22:46.953Z] [Late-Dbg] User 186 Final: LateCount=0, Amt=0, Days=0
[2026-06-15T10:22:54.739Z] [Late-Dbg] User 57 Final: LateCount=2, Amt=60, Days=0.05
[Admin-Bonus] SKIP: User 57, Rule Active=true, RuleMonth=2026-04, TargetMonth=2026-05
[2026-06-15T10:22:55.322Z] [Late-Dbg] User 58 Final: LateCount=0, Amt=0, Days=0
[Admin-Bonus] SKIP: User 58, Rule Active=true, RuleMonth=2026-04, TargetMonth=2026-05
[2026-06-15T10:22:55.443Z] [Late-Dbg] User 59 Final: LateCount=2, Amt=1166.67, Days=1
[2026-06-15T10:22:55.643Z] [Late-Dbg] User 61 Final: LateCount=0, Amt=0, Days=0
[2026-06-15T10:22:55.724Z] [Late-Dbg] User 62 Final: LateCount=0, Amt=0, Days=0
[2026-06-15T10:22:55.810Z] [Late-Dbg] User 63 Final: LateCount=2, Amt=40, Days=0.04
[2026-06-15T10:22:55.892Z] [Late-Dbg] User 64 Final: LateCount=0, Amt=0, Days=0
[2026-06-15T10:22:55.973Z] [Late-Dbg] User 65 Final: LateCount=2, Amt=30, Days=0.03
[2026-06-15T10:22:56.095Z] [Late-Dbg] User 68 Final: LateCount=0, Amt=0, Days=0
[2026-06-15T10:22:56.307Z] [Late-Dbg] User 69 Final: LateCount=5, Amt=0, Days=0
[2026-06-15T10:22:56.792Z] [Late-Dbg] User 70 Final: LateCount=0, Amt=0, Days=0
[2026-06-15T10:22:56.828Z] [Late-Dbg] User 98 Final: LateCount=0, Amt=0, Days=0
[2026-06-15T10:22:56.861Z] [Late-Dbg] User 103 Final: LateCount=0, Amt=0, Days=0
[2026-06-15T10:22:56.909Z] [Late-Dbg] User 107 Final: LateCount=0, Amt=0, Days=0
[2026-06-15T10:22:56.981Z] [Late-Dbg] User 108 Final: LateCount=0, Amt=0, Days=0
[2026-06-15T10:22:57.133Z] [Late-Dbg] User 109 Final: LateCount=1, Amt=0, Days=0
[2026-06-15T10:22:57.485Z] [Late-Dbg] User 182 Final: LateCount=1, Amt=30, Days=0.03
[2026-06-15T10:22:58.597Z] [Late-Dbg] User 185 Final: LateCount=0, Amt=0, Days=0
[2026-06-15T10:22:59.974Z] [Late-Dbg] User 186 Final: LateCount=0, Amt=0, Days=0
[2026-06-15T10:33:33.610Z] [Late-Dbg] User 57 Final: LateCount=1, Amt=0, Days=0
[Admin-Bonus] SKIP: User 57, Rule Active=true, RuleMonth=2026-04, TargetMonth=2026-06
[2026-06-15T10:33:33.732Z] [Late-Dbg] User 58 Final: LateCount=0, Amt=0, Days=0
[Admin-Bonus] SKIP: User 58, Rule Active=true, RuleMonth=2026-04, TargetMonth=2026-06
[2026-06-15T10:33:33.832Z] [Late-Dbg] User 59 Final: LateCount=0, Amt=0, Days=0
[2026-06-15T10:33:33.872Z] [Late-Dbg] User 61 Final: LateCount=0, Amt=0, Days=0
[2026-06-15T10:33:33.908Z] [Late-Dbg] User 62 Final: LateCount=0, Amt=0, Days=0
[2026-06-15T10:33:33.949Z] [Late-Dbg] User 63 Final: LateCount=0, Amt=0, Days=0
[2026-06-15T10:33:33.989Z] [Late-Dbg] User 64 Final: LateCount=0, Amt=0, Days=0
[2026-06-15T10:33:34.026Z] [Late-Dbg] User 65 Final: LateCount=0, Amt=0, Days=0
[2026-06-15T10:33:34.059Z] [Late-Dbg] User 68 Final: LateCount=0, Amt=0, Days=0
[2026-06-15T10:33:34.161Z] [Late-Dbg] User 69 Final: LateCount=2, Amt=0, Days=0
[2026-06-15T10:33:34.359Z] [Late-Dbg] User 70 Final: LateCount=0, Amt=0, Days=0
[2026-06-15T10:33:34.392Z] [Late-Dbg] User 98 Final: LateCount=0, Amt=0, Days=0
[2026-06-15T10:33:34.426Z] [Late-Dbg] User 103 Final: LateCount=0, Amt=0, Days=0
[2026-06-15T10:33:34.460Z] [Late-Dbg] User 107 Final: LateCount=0, Amt=0, Days=0
[2026-06-15T10:33:34.495Z] [Late-Dbg] User 108 Final: LateCount=0, Amt=0, Days=0
[2026-06-15T10:33:34.538Z] [Late-Dbg] User 109 Final: LateCount=0, Amt=0, Days=0
[2026-06-15T10:33:34.589Z] [Late-Dbg] User 182 Final: LateCount=0, Amt=0, Days=0
[2026-06-15T10:33:34.753Z] [Late-Dbg] User 185 Final: LateCount=1, Amt=0, Days=0
[2026-06-15T10:33:35.081Z] [Late-Dbg] User 186 Final: LateCount=0, Amt=0, Days=0
[2026-06-15T10:33:40.262Z] [Late-Dbg] User 57 Final: LateCount=2, Amt=60, Days=0.05
[Admin-Bonus] SKIP: User 57, Rule Active=true, RuleMonth=2026-04, TargetMonth=2026-05
[2026-06-15T10:33:41.548Z] [Late-Dbg] User 58 Final: LateCount=0, Amt=0, Days=0
[Admin-Bonus] SKIP: User 58, Rule Active=true, RuleMonth=2026-04, TargetMonth=2026-05
[2026-06-15T10:33:41.697Z] [Late-Dbg] User 59 Final: LateCount=2, Amt=1166.67, Days=1
[2026-06-15T10:33:41.934Z] [Late-Dbg] User 61 Final: LateCount=0, Amt=0, Days=0
[2026-06-15T10:33:42.189Z] [Late-Dbg] User 62 Final: LateCount=0, Amt=0, Days=0
[2026-06-15T10:33:42.296Z] [Late-Dbg] User 63 Final: LateCount=2, Amt=40, Days=0.04
[2026-06-15T10:33:42.408Z] [Late-Dbg] User 64 Final: LateCount=0, Amt=0, Days=0
[2026-06-15T10:33:42.508Z] [Late-Dbg] User 65 Final: LateCount=2, Amt=30, Days=0.03
[2026-06-15T10:33:42.667Z] [Late-Dbg] User 68 Final: LateCount=0, Amt=0, Days=0
[2026-06-15T10:33:42.940Z] [Late-Dbg] User 69 Final: LateCount=5, Amt=0, Days=0
[2026-06-15T10:33:43.415Z] [Late-Dbg] User 70 Final: LateCount=0, Amt=0, Days=0
[2026-06-15T10:33:43.448Z] [Late-Dbg] User 98 Final: LateCount=0, Amt=0, Days=0
[2026-06-15T10:33:43.486Z] [Late-Dbg] User 103 Final: LateCount=0, Amt=0, Days=0
[2026-06-15T10:33:43.537Z] [Late-Dbg] User 107 Final: LateCount=0, Amt=0, Days=0
[2026-06-15T10:33:43.597Z] [Late-Dbg] User 108 Final: LateCount=0, Amt=0, Days=0
[2026-06-15T10:33:43.730Z] [Late-Dbg] User 109 Final: LateCount=1, Amt=0, Days=0
[2026-06-15T10:33:44.016Z] [Late-Dbg] User 182 Final: LateCount=1, Amt=30, Days=0.03
[2026-06-15T10:33:44.621Z] [Late-Dbg] User 185 Final: LateCount=0, Amt=0, Days=0
[2026-06-15T10:33:45.880Z] [Late-Dbg] User 186 Final: LateCount=0, Amt=0, Days=0
[2026-06-15T11:22:56.404Z] [Late-Dbg] User 57 Final: LateCount=2, Amt=60, Days=0.05
[Admin-Bonus] SKIP: User 57, Rule Active=true, RuleMonth=2026-04, TargetMonth=2026-05
[2026-06-15T11:22:57.037Z] [Late-Dbg] User 59 Final: LateCount=2, Amt=1166.67, Days=1
[2026-06-15T11:22:57.252Z] [Late-Dbg] User 61 Final: LateCount=0, Amt=0, Days=0
[2026-06-15T11:22:57.331Z] [Late-Dbg] User 62 Final: LateCount=0, Amt=0, Days=0
[2026-06-15T11:22:57.420Z] [Late-Dbg] User 63 Final: LateCount=2, Amt=40, Days=0.04
[2026-06-15T11:22:57.504Z] [Late-Dbg] User 64 Final: LateCount=0, Amt=0, Days=0
[2026-06-15T11:22:57.574Z] [Late-Dbg] User 65 Final: LateCount=2, Amt=30, Days=0.03
[2026-06-15T11:22:57.681Z] [Late-Dbg] User 68 Final: LateCount=0, Amt=0, Days=0
[2026-06-15T11:22:57.900Z] [Late-Dbg] User 69 Final: LateCount=5, Amt=0, Days=0
[2026-06-15T11:22:58.344Z] [Late-Dbg] User 70 Final: LateCount=0, Amt=0, Days=0
[2026-06-15T11:22:58.378Z] [Late-Dbg] User 98 Final: LateCount=0, Amt=0, Days=0
[2026-06-15T11:22:58.411Z] [Late-Dbg] User 103 Final: LateCount=0, Amt=0, Days=0
[2026-06-15T11:22:58.460Z] [Late-Dbg] User 107 Final: LateCount=0, Amt=0, Days=0
[2026-06-15T11:22:58.518Z] [Late-Dbg] User 108 Final: LateCount=0, Amt=0, Days=0
[2026-06-15T11:22:58.647Z] [Late-Dbg] User 109 Final: LateCount=1, Amt=0, Days=0
[2026-06-15T11:22:58.922Z] [Late-Dbg] User 182 Final: LateCount=1, Amt=30, Days=0.03
[2026-06-15T11:22:59.530Z] [Late-Dbg] User 185 Final: LateCount=0, Amt=0, Days=0
[2026-06-15T11:23:01.130Z] [Late-Dbg] User 186 Final: LateCount=0, Amt=0, Days=0
[2026-06-15T11:46:22.646Z] [Late-Dbg] User 57 Final: LateCount=0, Amt=0, Days=0
[Admin-Bonus] SKIP: User 57, Rule Active=true, RuleMonth=2026-04, TargetMonth=2026-06
[2026-06-15T11:46:22.772Z] [Late-Dbg] User 59 Final: LateCount=1, Amt=0, Days=0
[2026-06-15T11:46:22.851Z] [Late-Dbg] User 61 Final: LateCount=0, Amt=0, Days=0
[2026-06-15T11:46:22.889Z] [Late-Dbg] User 62 Final: LateCount=0, Amt=0, Days=0
[2026-06-15T11:46:22.920Z] [Late-Dbg] User 63 Final: LateCount=0, Amt=0, Days=0
[2026-06-15T11:46:22.954Z] [Late-Dbg] User 64 Final: LateCount=0, Amt=0, Days=0
[2026-06-15T11:46:22.985Z] [Late-Dbg] User 65 Final: LateCount=0, Amt=0, Days=0
[2026-06-15T11:46:23.015Z] [Late-Dbg] User 68 Final: LateCount=0, Amt=0, Days=0
[2026-06-15T11:46:23.105Z] [Late-Dbg] User 69 Final: LateCount=0, Amt=0, Days=0
[2026-06-15T11:46:23.291Z] [Late-Dbg] User 70 Final: LateCount=0, Amt=0, Days=0
[2026-06-15T11:46:23.327Z] [Late-Dbg] User 98 Final: LateCount=0, Amt=0, Days=0
[2026-06-15T11:46:23.368Z] [Late-Dbg] User 103 Final: LateCount=0, Amt=0, Days=0
[2026-06-15T11:46:23.420Z] [Late-Dbg] User 107 Final: LateCount=0, Amt=0, Days=0
[2026-06-15T11:46:23.455Z] [Late-Dbg] User 108 Final: LateCount=0, Amt=0, Days=0
[2026-06-15T11:46:23.495Z] [Late-Dbg] User 109 Final: LateCount=0, Amt=0, Days=0
[2026-06-15T11:46:23.547Z] [Late-Dbg] User 182 Final: LateCount=0, Amt=0, Days=0
[2026-06-15T11:46:23.707Z] [Late-Dbg] User 185 Final: LateCount=0, Amt=0, Days=0
[2026-06-15T11:46:23.998Z] [Late-Dbg] User 186 Final: LateCount=0, Amt=0, Days=0
[2026-06-15T11:47:01.637Z] [Late-Dbg] User 57 Final: LateCount=0, Amt=0, Days=0
[Admin-Bonus] SKIP: User 57, Rule Active=true, RuleMonth=2026-04, TargetMonth=2026-06
[2026-06-15T11:47:01.770Z] [Late-Dbg] User 59 Final: LateCount=2, Amt=583.33, Days=0.5
[2026-06-15T11:47:01.882Z] [Late-Dbg] User 61 Final: LateCount=0, Amt=0, Days=0
[2026-06-15T11:47:01.914Z] [Late-Dbg] User 62 Final: LateCount=0, Amt=0, Days=0
[2026-06-15T11:47:01.943Z] [Late-Dbg] User 63 Final: LateCount=0, Amt=0, Days=0
[2026-06-15T11:47:01.967Z] [Late-Dbg] User 64 Final: LateCount=0, Amt=0, Days=0
[2026-06-15T11:47:01.993Z] [Late-Dbg] User 65 Final: LateCount=0, Amt=0, Days=0
[2026-06-15T11:47:02.018Z] [Late-Dbg] User 68 Final: LateCount=0, Amt=0, Days=0
[2026-06-15T11:47:02.097Z] [Late-Dbg] User 69 Final: LateCount=0, Amt=0, Days=0
[2026-06-15T11:47:02.247Z] [Late-Dbg] User 70 Final: LateCount=0, Amt=0, Days=0
[2026-06-15T11:47:02.271Z] [Late-Dbg] User 98 Final: LateCount=0, Amt=0, Days=0
[2026-06-15T11:47:02.296Z] [Late-Dbg] User 103 Final: LateCount=0, Amt=0, Days=0
[2026-06-15T11:47:02.319Z] [Late-Dbg] User 107 Final: LateCount=0, Amt=0, Days=0
[2026-06-15T11:47:02.347Z] [Late-Dbg] User 108 Final: LateCount=0, Amt=0, Days=0
[2026-06-15T11:47:02.372Z] [Late-Dbg] User 109 Final: LateCount=0, Amt=0, Days=0
[2026-06-15T11:47:02.408Z] [Late-Dbg] User 182 Final: LateCount=0, Amt=0, Days=0
[2026-06-15T11:47:02.519Z] [Late-Dbg] User 185 Final: LateCount=0, Amt=0, Days=0
[2026-06-15T11:47:02.733Z] [Late-Dbg] User 186 Final: LateCount=0, Amt=0, Days=0
[2026-06-15T11:47:40.217Z] [Late-Dbg] User 57 Final: LateCount=2, Amt=60, Days=0.05
[Admin-Bonus] SKIP: User 57, Rule Active=true, RuleMonth=2026-04, TargetMonth=2026-05
[2026-06-15T11:47:40.716Z] [Late-Dbg] User 59 Final: LateCount=1, Amt=0, Days=0
[2026-06-15T11:47:40.921Z] [Late-Dbg] User 61 Final: LateCount=0, Amt=0, Days=0
[2026-06-15T11:47:40.998Z] [Late-Dbg] User 62 Final: LateCount=0, Amt=0, Days=0
[2026-06-15T11:47:41.082Z] [Late-Dbg] User 63 Final: LateCount=1, Amt=40, Days=0.04
[2026-06-15T11:47:41.150Z] [Late-Dbg] User 64 Final: LateCount=0, Amt=0, Days=0
[2026-06-15T11:47:41.215Z] [Late-Dbg] User 65 Final: LateCount=2, Amt=30, Days=0.03
[2026-06-15T11:47:41.332Z] [Late-Dbg] User 68 Final: LateCount=0, Amt=0, Days=0
[2026-06-15T11:47:41.553Z] [Late-Dbg] User 69 Final: LateCount=0, Amt=0, Days=0
[2026-06-15T11:47:42.093Z] [Late-Dbg] User 70 Final: LateCount=0, Amt=0, Days=0
[2026-06-15T11:47:42.125Z] [Late-Dbg] User 98 Final: LateCount=0, Amt=0, Days=0
[2026-06-15T11:47:42.152Z] [Late-Dbg] User 103 Final: LateCount=0, Amt=0, Days=0
[2026-06-15T11:47:42.186Z] [Late-Dbg] User 107 Final: LateCount=0, Amt=0, Days=0
[2026-06-15T11:47:42.229Z] [Late-Dbg] User 108 Final: LateCount=0, Amt=0, Days=0
[2026-06-15T11:47:42.323Z] [Late-Dbg] User 109 Final: LateCount=1, Amt=0, Days=0
[2026-06-15T11:47:42.520Z] [Late-Dbg] User 182 Final: LateCount=1, Amt=30, Days=0.03
[2026-06-15T11:47:43.025Z] [Late-Dbg] User 185 Final: LateCount=0, Amt=0, Days=0
[2026-06-15T11:47:44.147Z] [Late-Dbg] User 186 Final: LateCount=0, Amt=0, Days=0
[2026-06-15T11:47:48.069Z] [Late-Dbg] User 57 Final: LateCount=0, Amt=0, Days=0
[Admin-Bonus] SKIP: User 57, Rule Active=true, RuleMonth=2026-04, TargetMonth=2026-06
[2026-06-15T11:47:48.212Z] [Late-Dbg] User 59 Final: LateCount=2, Amt=583.33, Days=0.5
[2026-06-15T11:47:48.313Z] [Late-Dbg] User 61 Final: LateCount=0, Amt=0, Days=0
[2026-06-15T11:47:48.347Z] [Late-Dbg] User 62 Final: LateCount=0, Amt=0, Days=0
[2026-06-15T11:47:48.376Z] [Late-Dbg] User 63 Final: LateCount=0, Amt=0, Days=0
[2026-06-15T11:47:48.399Z] [Late-Dbg] User 64 Final: LateCount=0, Amt=0, Days=0
[2026-06-15T11:47:48.423Z] [Late-Dbg] User 65 Final: LateCount=0, Amt=0, Days=0
[2026-06-15T11:47:48.445Z] [Late-Dbg] User 68 Final: LateCount=0, Amt=0, Days=0
[2026-06-15T11:47:48.520Z] [Late-Dbg] User 69 Final: LateCount=0, Amt=0, Days=0
[2026-06-15T11:47:48.653Z] [Late-Dbg] User 70 Final: LateCount=0, Amt=0, Days=0
[2026-06-15T11:47:48.676Z] [Late-Dbg] User 98 Final: LateCount=0, Amt=0, Days=0
[2026-06-15T11:47:48.700Z] [Late-Dbg] User 103 Final: LateCount=0, Amt=0, Days=0
[2026-06-15T11:47:48.723Z] [Late-Dbg] User 107 Final: LateCount=0, Amt=0, Days=0
[2026-06-15T11:47:48.746Z] [Late-Dbg] User 108 Final: LateCount=0, Amt=0, Days=0
[2026-06-15T11:47:48.772Z] [Late-Dbg] User 109 Final: LateCount=0, Amt=0, Days=0
[2026-06-15T11:47:48.804Z] [Late-Dbg] User 182 Final: LateCount=0, Amt=0, Days=0
[2026-06-15T11:47:48.905Z] [Late-Dbg] User 185 Final: LateCount=0, Amt=0, Days=0
[2026-06-15T11:47:49.120Z] [Late-Dbg] User 186 Final: LateCount=0, Amt=0, Days=0
[2026-06-15T11:48:25.440Z] [Late-Dbg] User 57 Final: LateCount=0, Amt=0, Days=0
[Admin-Bonus] SKIP: User 57, Rule Active=true, RuleMonth=2026-04, TargetMonth=2026-06
[2026-06-15T11:48:25.554Z] [Late-Dbg] User 59 Final: LateCount=1, Amt=0, Days=0
[2026-06-15T11:48:25.652Z] [Late-Dbg] User 61 Final: LateCount=0, Amt=0, Days=0
[2026-06-15T11:48:25.696Z] [Late-Dbg] User 62 Final: LateCount=0, Amt=0, Days=0
[2026-06-15T11:48:25.726Z] [Late-Dbg] User 63 Final: LateCount=0, Amt=0, Days=0
[2026-06-15T11:48:25.752Z] [Late-Dbg] User 64 Final: LateCount=0, Amt=0, Days=0
[2026-06-15T11:48:25.777Z] [Late-Dbg] User 65 Final: LateCount=0, Amt=0, Days=0
[2026-06-15T11:48:25.804Z] [Late-Dbg] User 68 Final: LateCount=0, Amt=0, Days=0
[2026-06-15T11:48:25.884Z] [Late-Dbg] User 69 Final: LateCount=0, Amt=0, Days=0
[2026-06-15T11:48:26.020Z] [Late-Dbg] User 70 Final: LateCount=0, Amt=0, Days=0
[2026-06-15T11:48:26.046Z] [Late-Dbg] User 98 Final: LateCount=0, Amt=0, Days=0
[2026-06-15T11:48:26.074Z] [Late-Dbg] User 103 Final: LateCount=0, Amt=0, Days=0
[2026-06-15T11:48:26.101Z] [Late-Dbg] User 107 Final: LateCount=0, Amt=0, Days=0
[2026-06-15T11:48:26.127Z] [Late-Dbg] User 108 Final: LateCount=0, Amt=0, Days=0
[2026-06-15T11:48:26.156Z] [Late-Dbg] User 109 Final: LateCount=0, Amt=0, Days=0
[2026-06-15T11:48:26.194Z] [Late-Dbg] User 182 Final: LateCount=0, Amt=0, Days=0
[2026-06-15T11:48:26.297Z] [Late-Dbg] User 185 Final: LateCount=0, Amt=0, Days=0
[2026-06-15T11:48:26.505Z] [Late-Dbg] User 186 Final: LateCount=0, Amt=0, Days=0
[2026-06-15T11:49:09.575Z] [Late-Dbg] User 57 Final: LateCount=0, Amt=0, Days=0
[Admin-Bonus] SKIP: User 57, Rule Active=true, RuleMonth=2026-04, TargetMonth=2026-06
[2026-06-15T11:49:09.707Z] [Late-Dbg] User 59 Final: LateCount=3, Amt=875, Days=0.75
[2026-06-15T11:49:09.852Z] [Late-Dbg] User 61 Final: LateCount=0, Amt=0, Days=0
[2026-06-15T11:49:09.884Z] [Late-Dbg] User 62 Final: LateCount=0, Amt=0, Days=0
[2026-06-15T11:49:09.915Z] [Late-Dbg] User 63 Final: LateCount=0, Amt=0, Days=0
[2026-06-15T11:49:09.942Z] [Late-Dbg] User 64 Final: LateCount=0, Amt=0, Days=0
[2026-06-15T11:49:09.969Z] [Late-Dbg] User 65 Final: LateCount=0, Amt=0, Days=0
[2026-06-15T11:49:09.998Z] [Late-Dbg] User 68 Final: LateCount=0, Amt=0, Days=0
[2026-06-15T11:49:10.076Z] [Late-Dbg] User 69 Final: LateCount=0, Amt=0, Days=0
[2026-06-15T11:49:10.239Z] [Late-Dbg] User 70 Final: LateCount=0, Amt=0, Days=0
[2026-06-15T11:49:10.268Z] [Late-Dbg] User 98 Final: LateCount=0, Amt=0, Days=0
[2026-06-15T11:49:10.295Z] [Late-Dbg] User 103 Final: LateCount=0, Amt=0, Days=0
[2026-06-15T11:49:10.323Z] [Late-Dbg] User 107 Final: LateCount=0, Amt=0, Days=0
[2026-06-15T11:49:10.350Z] [Late-Dbg] User 108 Final: LateCount=0, Amt=0, Days=0
[2026-06-15T11:49:10.379Z] [Late-Dbg] User 109 Final: LateCount=0, Amt=0, Days=0
[2026-06-15T11:49:10.416Z] [Late-Dbg] User 182 Final: LateCount=0, Amt=0, Days=0
[2026-06-15T11:49:10.533Z] [Late-Dbg] User 185 Final: LateCount=0, Amt=0, Days=0
[2026-06-15T11:49:10.771Z] [Late-Dbg] User 186 Final: LateCount=0, Amt=0, Days=0
[2026-06-15T11:50:16.138Z] [Late-Dbg] User 57 Final: LateCount=0, Amt=0, Days=0
[Admin-Bonus] SKIP: User 57, Rule Active=true, RuleMonth=2026-04, TargetMonth=2026-06
[2026-06-15T11:50:16.277Z] [Late-Dbg] User 59 Final: LateCount=2, Amt=583.33, Days=0.5
[2026-06-15T11:50:16.402Z] [Late-Dbg] User 61 Final: LateCount=0, Amt=0, Days=0
[2026-06-15T11:50:16.431Z] [Late-Dbg] User 62 Final: LateCount=0, Amt=0, Days=0
[2026-06-15T11:50:16.456Z] [Late-Dbg] User 63 Final: LateCount=0, Amt=0, Days=0
[2026-06-15T11:50:16.483Z] [Late-Dbg] User 64 Final: LateCount=0, Amt=0, Days=0
[2026-06-15T11:50:16.508Z] [Late-Dbg] User 65 Final: LateCount=0, Amt=0, Days=0
[2026-06-15T11:50:16.537Z] [Late-Dbg] User 68 Final: LateCount=0, Amt=0, Days=0
[2026-06-15T11:50:16.616Z] [Late-Dbg] User 69 Final: LateCount=0, Amt=0, Days=0
[2026-06-15T11:50:16.758Z] [Late-Dbg] User 70 Final: LateCount=0, Amt=0, Days=0
[2026-06-15T11:50:16.783Z] [Late-Dbg] User 98 Final: LateCount=0, Amt=0, Days=0
[2026-06-15T11:50:16.814Z] [Late-Dbg] User 103 Final: LateCount=0, Amt=0, Days=0
[2026-06-15T11:50:16.840Z] [Late-Dbg] User 107 Final: LateCount=0, Amt=0, Days=0
[2026-06-15T11:50:16.865Z] [Late-Dbg] User 108 Final: LateCount=0, Amt=0, Days=0
[2026-06-15T11:50:16.891Z] [Late-Dbg] User 109 Final: LateCount=0, Amt=0, Days=0
[2026-06-15T11:50:16.937Z] [Late-Dbg] User 182 Final: LateCount=0, Amt=0, Days=0
[2026-06-15T11:50:17.122Z] [Late-Dbg] User 185 Final: LateCount=0, Amt=0, Days=0
[2026-06-15T11:50:17.433Z] [Late-Dbg] User 186 Final: LateCount=0, Amt=0, Days=0
[2026-06-15T11:50:58.137Z] [Late-Dbg] User 57 Final: LateCount=0, Amt=0, Days=0
[Admin-Bonus] SKIP: User 57, Rule Active=true, RuleMonth=2026-04, TargetMonth=2026-06
[2026-06-15T11:50:58.274Z] [Late-Dbg] User 59 Final: LateCount=2, Amt=583.33, Days=0.5
[2026-06-15T11:50:58.395Z] [Late-Dbg] User 61 Final: LateCount=0, Amt=0, Days=0
[2026-06-15T11:50:58.420Z] [Late-Dbg] User 62 Final: LateCount=0, Amt=0, Days=0
[2026-06-15T11:50:58.443Z] [Late-Dbg] User 63 Final: LateCount=0, Amt=0, Days=0
[2026-06-15T11:50:58.468Z] [Late-Dbg] User 64 Final: LateCount=0, Amt=0, Days=0
[2026-06-15T11:50:58.491Z] [Late-Dbg] User 65 Final: LateCount=0, Amt=0, Days=0
[2026-06-15T11:50:58.518Z] [Late-Dbg] User 68 Final: LateCount=0, Amt=0, Days=0
[2026-06-15T11:50:58.591Z] [Late-Dbg] User 69 Final: LateCount=0, Amt=0, Days=0
[2026-06-15T11:50:58.761Z] [Late-Dbg] User 70 Final: LateCount=0, Amt=0, Days=0
[2026-06-15T11:50:58.790Z] [Late-Dbg] User 98 Final: LateCount=0, Amt=0, Days=0
[2026-06-15T11:50:58.821Z] [Late-Dbg] User 103 Final: LateCount=0, Amt=0, Days=0
[2026-06-15T11:50:58.853Z] [Late-Dbg] User 107 Final: LateCount=0, Amt=0, Days=0
[2026-06-15T11:50:58.884Z] [Late-Dbg] User 108 Final: LateCount=0, Amt=0, Days=0
[2026-06-15T11:50:58.909Z] [Late-Dbg] User 109 Final: LateCount=0, Amt=0, Days=0
[2026-06-15T11:50:58.942Z] [Late-Dbg] User 182 Final: LateCount=0, Amt=0, Days=0
[2026-06-15T11:50:59.041Z] [Late-Dbg] User 185 Final: LateCount=0, Amt=0, Days=0
[2026-06-15T11:50:59.245Z] [Late-Dbg] User 186 Final: LateCount=0, Amt=0, Days=0
[2026-06-15T13:21:28.455Z] [Late-Dbg] User 57 Final: LateCount=0, Amt=0, Days=0
[Admin-Bonus] SKIP: User 57, Rule Active=true, RuleMonth=2026-04, TargetMonth=2026-06
[2026-06-15T13:21:28.608Z] [Late-Dbg] User 59 Final: LateCount=2, Amt=583.33, Days=0.5
[2026-06-15T13:21:28.777Z] [Late-Dbg] User 61 Final: LateCount=0, Amt=0, Days=0
[2026-06-15T13:21:28.815Z] [Late-Dbg] User 62 Final: LateCount=0, Amt=0, Days=0
[2026-06-15T13:21:28.855Z] [Late-Dbg] User 63 Final: LateCount=0, Amt=0, Days=0
[2026-06-15T13:21:28.891Z] [Late-Dbg] User 64 Final: LateCount=0, Amt=0, Days=0
[2026-06-15T13:21:28.923Z] [Late-Dbg] User 65 Final: LateCount=0, Amt=0, Days=0
[2026-06-15T13:21:28.957Z] [Late-Dbg] User 68 Final: LateCount=0, Amt=0, Days=0
[2026-06-15T13:21:29.058Z] [Late-Dbg] User 69 Final: LateCount=0, Amt=0, Days=0
[2026-06-15T13:21:29.251Z] [Late-Dbg] User 70 Final: LateCount=0, Amt=0, Days=0
[2026-06-15T13:21:29.287Z] [Late-Dbg] User 98 Final: LateCount=0, Amt=0, Days=0
[2026-06-15T13:21:29.319Z] [Late-Dbg] User 103 Final: LateCount=0, Amt=0, Days=0
[2026-06-15T13:21:29.348Z] [Late-Dbg] User 107 Final: LateCount=0, Amt=0, Days=0
[2026-06-15T13:21:29.379Z] [Late-Dbg] User 108 Final: LateCount=0, Amt=0, Days=0
[2026-06-15T13:21:29.413Z] [Late-Dbg] User 109 Final: LateCount=0, Amt=0, Days=0
[2026-06-15T13:21:29.458Z] [Late-Dbg] User 182 Final: LateCount=0, Amt=0, Days=0
[2026-06-15T13:21:29.591Z] [Late-Dbg] User 185 Final: LateCount=0, Amt=0, Days=0
[2026-06-15T13:21:29.881Z] [Late-Dbg] User 186 Final: LateCount=0, Amt=0, Days=0
[2026-06-16T06:23:28.138Z] [Late-Dbg] User 57 Final: LateCount=0, Amt=0, Days=0
[Admin-Bonus] SKIP: User 57, Rule Active=true, RuleMonth=2026-04, TargetMonth=2026-06
[2026-06-16T06:23:28.230Z] [Late-Dbg] User 58 Final: LateCount=0, Amt=0, Days=0
[Admin-Bonus] SKIP: User 58, Rule Active=true, RuleMonth=2026-04, TargetMonth=2026-06
[2026-06-16T06:23:28.322Z] [Late-Dbg] User 59 Final: LateCount=2, Amt=583.33, Days=0.5
[2026-06-16T06:23:28.419Z] [Late-Dbg] User 61 Final: LateCount=0, Amt=0, Days=0
[2026-06-16T06:23:28.440Z] [Late-Dbg] User 62 Final: LateCount=0, Amt=0, Days=0
[2026-06-16T06:23:28.461Z] [Late-Dbg] User 63 Final: LateCount=0, Amt=0, Days=0
[2026-06-16T06:23:28.482Z] [Late-Dbg] User 64 Final: LateCount=0, Amt=0, Days=0
[2026-06-16T06:23:28.501Z] [Late-Dbg] User 65 Final: LateCount=0, Amt=0, Days=0
[2026-06-16T06:23:28.526Z] [Late-Dbg] User 68 Final: LateCount=0, Amt=0, Days=0
[2026-06-16T06:23:28.588Z] [Late-Dbg] User 69 Final: LateCount=0, Amt=0, Days=0
[2026-06-16T06:23:28.708Z] [Late-Dbg] User 70 Final: LateCount=0, Amt=0, Days=0
[2026-06-16T06:23:28.728Z] [Late-Dbg] User 98 Final: LateCount=0, Amt=0, Days=0
[2026-06-16T06:23:28.748Z] [Late-Dbg] User 103 Final: LateCount=0, Amt=0, Days=0
[2026-06-16T06:23:28.768Z] [Late-Dbg] User 107 Final: LateCount=0, Amt=0, Days=0
[2026-06-16T06:23:28.789Z] [Late-Dbg] User 108 Final: LateCount=0, Amt=0, Days=0
[2026-06-16T06:23:28.810Z] [Late-Dbg] User 109 Final: LateCount=0, Amt=0, Days=0
[2026-06-16T06:23:28.838Z] [Late-Dbg] User 182 Final: LateCount=0, Amt=0, Days=0
[2026-06-16T06:23:28.920Z] [Late-Dbg] User 185 Final: LateCount=0, Amt=0, Days=0
[2026-06-16T06:23:29.094Z] [Late-Dbg] User 186 Final: LateCount=0, Amt=0, Days=0
[2026-06-16T06:23:37.790Z] [Late-Dbg] User 57 Final: LateCount=2, Amt=60, Days=0.05
[Admin-Bonus] SKIP: User 57, Rule Active=true, RuleMonth=2026-04, TargetMonth=2026-05
[2026-06-16T06:23:38.138Z] [Late-Dbg] User 58 Final: LateCount=0, Amt=0, Days=0
[Admin-Bonus] SKIP: User 58, Rule Active=true, RuleMonth=2026-04, TargetMonth=2026-05
[2026-06-16T06:23:38.198Z] [Late-Dbg] User 59 Final: LateCount=1, Amt=0, Days=0
[2026-06-16T06:23:38.299Z] [Late-Dbg] User 61 Final: LateCount=0, Amt=0, Days=0
[2026-06-16T06:23:38.347Z] [Late-Dbg] User 62 Final: LateCount=0, Amt=0, Days=0
[2026-06-16T06:23:38.392Z] [Late-Dbg] User 63 Final: LateCount=1, Amt=40, Days=0.04
[2026-06-16T06:23:38.432Z] [Late-Dbg] User 64 Final: LateCount=0, Amt=0, Days=0
[2026-06-16T06:23:38.468Z] [Late-Dbg] User 65 Final: LateCount=2, Amt=30, Days=0.03
[2026-06-16T06:23:38.532Z] [Late-Dbg] User 68 Final: LateCount=0, Amt=0, Days=0
[2026-06-16T06:23:38.655Z] [Late-Dbg] User 69 Final: LateCount=0, Amt=0, Days=0
[2026-06-16T06:23:38.904Z] [Late-Dbg] User 70 Final: LateCount=0, Amt=0, Days=0
[2026-06-16T06:23:38.923Z] [Late-Dbg] User 98 Final: LateCount=0, Amt=0, Days=0
[2026-06-16T06:23:38.941Z] [Late-Dbg] User 103 Final: LateCount=0, Amt=0, Days=0
[2026-06-16T06:23:38.968Z] [Late-Dbg] User 107 Final: LateCount=0, Amt=0, Days=0
[2026-06-16T06:23:39.001Z] [Late-Dbg] User 108 Final: LateCount=0, Amt=0, Days=0
[2026-06-16T06:23:39.073Z] [Late-Dbg] User 109 Final: LateCount=1, Amt=0, Days=0
[2026-06-16T06:23:39.229Z] [Late-Dbg] User 182 Final: LateCount=1, Amt=30, Days=0.03
[2026-06-16T06:23:39.602Z] [Late-Dbg] User 185 Final: LateCount=0, Amt=0, Days=0
[2026-06-16T06:23:40.361Z] [Late-Dbg] User 186 Final: LateCount=0, Amt=0, Days=0
[2026-06-16T06:23:43.499Z] [Late-Dbg] User 57 Final: LateCount=1, Amt=30, Days=0.02
[Admin-Bonus] SUCCESS: User 57, Rule=rule2, Joining=2026-02-01, Tenure=2mo, Bracket=10%, Bonus=800
[2026-06-16T06:23:43.652Z] [Late-Dbg] User 58 Final: LateCount=3, Amt=1000, Days=0.5
[Admin-Bonus] SUCCESS: User 58, Rule=bonus, Joining=2026-03-30, Tenure=1mo, Bracket=10%, Bonus=600
[2026-06-16T06:23:43.746Z] [Late-Dbg] User 59 Final: LateCount=0, Amt=0, Days=0
[2026-06-16T06:23:43.794Z] [Late-Dbg] User 61 Final: LateCount=0, Amt=0, Days=0
[2026-06-16T06:23:43.830Z] [Late-Dbg] User 62 Final: LateCount=0, Amt=0, Days=0
[2026-06-16T06:23:43.852Z] [Late-Dbg] User 63 Final: LateCount=0, Amt=0, Days=0
[2026-06-16T06:23:43.874Z] [Late-Dbg] User 64 Final: LateCount=0, Amt=0, Days=0
[2026-06-16T06:23:43.896Z] [Late-Dbg] User 65 Final: LateCount=0, Amt=0, Days=0
[2026-06-16T06:23:43.930Z] [Late-Dbg] User 68 Final: LateCount=0, Amt=0, Days=0
[2026-06-16T06:23:44.010Z] [Late-Dbg] User 69 Final: LateCount=0, Amt=0, Days=0
[2026-06-16T06:23:44.097Z] [Late-Dbg] User 70 Final: LateCount=0, Amt=0, Days=0
[2026-06-16T06:23:44.140Z] [Late-Dbg] User 98 Final: LateCount=0, Amt=0, Days=0
[2026-06-16T06:23:44.169Z] [Late-Dbg] User 103 Final: LateCount=0, Amt=0, Days=0
[2026-06-16T06:23:44.186Z] [Late-Dbg] User 107 Final: LateCount=0, Amt=0, Days=0
[2026-06-16T06:23:44.203Z] [Late-Dbg] User 108 Final: LateCount=0, Amt=0, Days=0
[2026-06-16T06:23:44.230Z] [Late-Dbg] User 109 Final: LateCount=0, Amt=0, Days=0
[2026-06-16T06:23:44.265Z] [Late-Dbg] User 182 Final: LateCount=0, Amt=0, Days=0
[2026-06-16T06:23:44.281Z] [Late-Dbg] User 185 Final: LateCount=0, Amt=0, Days=0
[2026-06-16T06:23:44.297Z] [Late-Dbg] User 186 Final: LateCount=0, Amt=0, Days=0
[2026-06-16T06:26:14.805Z] [Late-Dbg] User 57 Final: LateCount=0, Amt=0, Days=0
[2026-06-16T06:26:14.829Z] [Late-Dbg] User 58 Final: LateCount=0, Amt=0, Days=0
[2026-06-16T06:26:14.849Z] [Late-Dbg] User 59 Final: LateCount=0, Amt=0, Days=0
[2026-06-16T06:26:14.868Z] [Late-Dbg] User 61 Final: LateCount=0, Amt=0, Days=0
[2026-06-16T06:26:14.889Z] [Late-Dbg] User 62 Final: LateCount=0, Amt=0, Days=0
[2026-06-16T06:26:14.910Z] [Late-Dbg] User 63 Final: LateCount=0, Amt=0, Days=0
[2026-06-16T06:26:14.929Z] [Late-Dbg] User 64 Final: LateCount=0, Amt=0, Days=0
[2026-06-16T06:26:14.947Z] [Late-Dbg] User 65 Final: LateCount=0, Amt=0, Days=0
[2026-06-16T06:26:14.967Z] [Late-Dbg] User 68 Final: LateCount=0, Amt=0, Days=0
[2026-06-16T06:26:14.990Z] [Late-Dbg] User 69 Final: LateCount=0, Amt=0, Days=0
[2026-06-16T06:26:15.008Z] [Late-Dbg] User 70 Final: LateCount=0, Amt=0, Days=0
[2026-06-16T06:26:15.026Z] [Late-Dbg] User 98 Final: LateCount=0, Amt=0, Days=0
[2026-06-16T06:26:15.044Z] [Late-Dbg] User 103 Final: LateCount=0, Amt=0, Days=0
[2026-06-16T06:26:15.061Z] [Late-Dbg] User 107 Final: LateCount=0, Amt=0, Days=0
[2026-06-16T06:26:15.079Z] [Late-Dbg] User 108 Final: LateCount=0, Amt=0, Days=0
[2026-06-16T06:26:15.097Z] [Late-Dbg] User 109 Final: LateCount=0, Amt=0, Days=0
[2026-06-16T06:26:15.114Z] [Late-Dbg] User 182 Final: LateCount=0, Amt=0, Days=0
[2026-06-16T06:26:15.131Z] [Late-Dbg] User 185 Final: LateCount=0, Amt=0, Days=0
[2026-06-16T06:26:15.148Z] [Late-Dbg] User 186 Final: LateCount=0, Amt=0, Days=0
[2026-06-16T06:26:23.864Z] [Late-Dbg] User 57 Final: LateCount=0, Amt=0, Days=0
[2026-06-16T06:26:23.885Z] [Late-Dbg] User 58 Final: LateCount=0, Amt=0, Days=0
[2026-06-16T06:26:23.905Z] [Late-Dbg] User 59 Final: LateCount=0, Amt=0, Days=0
[2026-06-16T06:26:23.925Z] [Late-Dbg] User 61 Final: LateCount=0, Amt=0, Days=0
[2026-06-16T06:26:23.943Z] [Late-Dbg] User 62 Final: LateCount=0, Amt=0, Days=0
[2026-06-16T06:26:23.963Z] [Late-Dbg] User 63 Final: LateCount=0, Amt=0, Days=0
[2026-06-16T06:26:23.983Z] [Late-Dbg] User 64 Final: LateCount=0, Amt=0, Days=0
[2026-06-16T06:26:24.006Z] [Late-Dbg] User 65 Final: LateCount=0, Amt=0, Days=0
[2026-06-16T06:26:24.026Z] [Late-Dbg] User 68 Final: LateCount=0, Amt=0, Days=0
[2026-06-16T06:26:24.045Z] [Late-Dbg] User 69 Final: LateCount=0, Amt=0, Days=0
[2026-06-16T06:26:24.064Z] [Late-Dbg] User 70 Final: LateCount=0, Amt=0, Days=0
[2026-06-16T06:26:24.082Z] [Late-Dbg] User 98 Final: LateCount=0, Amt=0, Days=0
[2026-06-16T06:26:24.101Z] [Late-Dbg] User 103 Final: LateCount=0, Amt=0, Days=0
[2026-06-16T06:26:24.124Z] [Late-Dbg] User 107 Final: LateCount=0, Amt=0, Days=0
[2026-06-16T06:26:24.143Z] [Late-Dbg] User 108 Final: LateCount=0, Amt=0, Days=0
[2026-06-16T06:26:24.161Z] [Late-Dbg] User 109 Final: LateCount=0, Amt=0, Days=0
[2026-06-16T06:26:24.178Z] [Late-Dbg] User 182 Final: LateCount=0, Amt=0, Days=0
[2026-06-16T06:26:24.198Z] [Late-Dbg] User 185 Final: LateCount=0, Amt=0, Days=0
[2026-06-16T06:26:24.217Z] [Late-Dbg] User 186 Final: LateCount=0, Amt=0, Days=0
[2026-06-16T06:26:28.534Z] [Late-Dbg] User 57 Final: LateCount=0, Amt=0, Days=0
[2026-06-16T06:26:28.560Z] [Late-Dbg] User 58 Final: LateCount=0, Amt=0, Days=0
[Admin-Bonus] SKIP: User 58, Rule Active=true, RuleMonth=2026-04, TargetMonth=2026-03
[2026-06-16T06:26:28.582Z] [Late-Dbg] User 59 Final: LateCount=0, Amt=0, Days=0
[2026-06-16T06:26:28.602Z] [Late-Dbg] User 61 Final: LateCount=0, Amt=0, Days=0
[2026-06-16T06:26:28.622Z] [Late-Dbg] User 62 Final: LateCount=0, Amt=0, Days=0
[2026-06-16T06:26:28.641Z] [Late-Dbg] User 63 Final: LateCount=0, Amt=0, Days=0
[2026-06-16T06:26:28.661Z] [Late-Dbg] User 64 Final: LateCount=0, Amt=0, Days=0
[2026-06-16T06:26:28.678Z] [Late-Dbg] User 65 Final: LateCount=0, Amt=0, Days=0
[2026-06-16T06:26:28.697Z] [Late-Dbg] User 68 Final: LateCount=0, Amt=0, Days=0
[2026-06-16T06:26:28.715Z] [Late-Dbg] User 69 Final: LateCount=0, Amt=0, Days=0
[2026-06-16T06:26:28.735Z] [Late-Dbg] User 70 Final: LateCount=0, Amt=0, Days=0
[2026-06-16T06:26:28.756Z] [Late-Dbg] User 98 Final: LateCount=0, Amt=0, Days=0
[2026-06-16T06:26:28.774Z] [Late-Dbg] User 103 Final: LateCount=0, Amt=0, Days=0
[2026-06-16T06:26:28.793Z] [Late-Dbg] User 107 Final: LateCount=0, Amt=0, Days=0
[2026-06-16T06:26:28.812Z] [Late-Dbg] User 108 Final: LateCount=0, Amt=0, Days=0
[2026-06-16T06:26:28.828Z] [Late-Dbg] User 109 Final: LateCount=0, Amt=0, Days=0
[2026-06-16T06:26:28.846Z] [Late-Dbg] User 182 Final: LateCount=0, Amt=0, Days=0
[2026-06-16T06:26:28.863Z] [Late-Dbg] User 185 Final: LateCount=0, Amt=0, Days=0
[2026-06-16T06:26:28.880Z] [Late-Dbg] User 186 Final: LateCount=0, Amt=0, Days=0
[2026-06-16T06:26:32.071Z] [Late-Dbg] User 57 Final: LateCount=1, Amt=30, Days=0.02
[Admin-Bonus] SUCCESS: User 57, Rule=rule2, Joining=2026-02-01, Tenure=2mo, Bracket=10%, Bonus=800
[2026-06-16T06:26:32.184Z] [Late-Dbg] User 58 Final: LateCount=3, Amt=1000, Days=0.5
[Admin-Bonus] SUCCESS: User 58, Rule=bonus, Joining=2026-03-30, Tenure=1mo, Bracket=10%, Bonus=600
[2026-06-16T06:26:32.255Z] [Late-Dbg] User 59 Final: LateCount=0, Amt=0, Days=0
[2026-06-16T06:26:32.300Z] [Late-Dbg] User 61 Final: LateCount=0, Amt=0, Days=0
[2026-06-16T06:26:32.338Z] [Late-Dbg] User 62 Final: LateCount=0, Amt=0, Days=0
[2026-06-16T06:26:32.358Z] [Late-Dbg] User 63 Final: LateCount=0, Amt=0, Days=0
[2026-06-16T06:26:32.378Z] [Late-Dbg] User 64 Final: LateCount=0, Amt=0, Days=0
[2026-06-16T06:26:32.398Z] [Late-Dbg] User 65 Final: LateCount=0, Amt=0, Days=0
[2026-06-16T06:26:32.433Z] [Late-Dbg] User 68 Final: LateCount=0, Amt=0, Days=0
[2026-06-16T06:26:32.517Z] [Late-Dbg] User 69 Final: LateCount=0, Amt=0, Days=0
[2026-06-16T06:26:32.606Z] [Late-Dbg] User 70 Final: LateCount=0, Amt=0, Days=0
[2026-06-16T06:26:32.649Z] [Late-Dbg] User 98 Final: LateCount=0, Amt=0, Days=0
[2026-06-16T06:26:32.680Z] [Late-Dbg] User 103 Final: LateCount=0, Amt=0, Days=0
[2026-06-16T06:26:32.696Z] [Late-Dbg] User 107 Final: LateCount=0, Amt=0, Days=0
[2026-06-16T06:26:32.711Z] [Late-Dbg] User 108 Final: LateCount=0, Amt=0, Days=0
[2026-06-16T06:26:32.750Z] [Late-Dbg] User 109 Final: LateCount=0, Amt=0, Days=0
[2026-06-16T06:26:32.793Z] [Late-Dbg] User 182 Final: LateCount=0, Amt=0, Days=0
[2026-06-16T06:26:32.810Z] [Late-Dbg] User 185 Final: LateCount=0, Amt=0, Days=0
[2026-06-16T06:26:32.828Z] [Late-Dbg] User 186 Final: LateCount=0, Amt=0, Days=0
[2026-06-16T06:26:35.616Z] [Late-Dbg] User 57 Final: LateCount=2, Amt=60, Days=0.05
[Admin-Bonus] SKIP: User 57, Rule Active=true, RuleMonth=2026-04, TargetMonth=2026-05
[2026-06-16T06:26:35.932Z] [Late-Dbg] User 58 Final: LateCount=0, Amt=0, Days=0
[Admin-Bonus] SKIP: User 58, Rule Active=true, RuleMonth=2026-04, TargetMonth=2026-05
[2026-06-16T06:26:35.993Z] [Late-Dbg] User 59 Final: LateCount=1, Amt=0, Days=0
[2026-06-16T06:26:36.102Z] [Late-Dbg] User 61 Final: LateCount=0, Amt=0, Days=0
[2026-06-16T06:26:36.152Z] [Late-Dbg] User 62 Final: LateCount=0, Amt=0, Days=0
[2026-06-16T06:26:36.202Z] [Late-Dbg] User 63 Final: LateCount=1, Amt=40, Days=0.04
[2026-06-16T06:26:36.249Z] [Late-Dbg] User 64 Final: LateCount=0, Amt=0, Days=0
[2026-06-16T06:26:36.290Z] [Late-Dbg] User 65 Final: LateCount=2, Amt=30, Days=0.03
[2026-06-16T06:26:36.348Z] [Late-Dbg] User 68 Final: LateCount=0, Amt=0, Days=0
[2026-06-16T06:26:36.462Z] [Late-Dbg] User 69 Final: LateCount=0, Amt=0, Days=0
[2026-06-16T06:26:36.738Z] [Late-Dbg] User 70 Final: LateCount=0, Amt=0, Days=0
[2026-06-16T06:26:36.757Z] [Late-Dbg] User 98 Final: LateCount=0, Amt=0, Days=0
[2026-06-16T06:26:36.774Z] [Late-Dbg] User 103 Final: LateCount=0, Amt=0, Days=0
[2026-06-16T06:26:36.795Z] [Late-Dbg] User 107 Final: LateCount=0, Amt=0, Days=0
[2026-06-16T06:26:36.823Z] [Late-Dbg] User 108 Final: LateCount=0, Amt=0, Days=0
[2026-06-16T06:26:36.889Z] [Late-Dbg] User 109 Final: LateCount=1, Amt=0, Days=0
[2026-06-16T06:26:37.035Z] [Late-Dbg] User 182 Final: LateCount=1, Amt=30, Days=0.03
[2026-06-16T06:26:37.363Z] [Late-Dbg] User 185 Final: LateCount=0, Amt=0, Days=0
[2026-06-16T06:26:38.081Z] [Late-Dbg] User 186 Final: LateCount=0, Amt=0, Days=0
[2026-06-16T06:26:41.559Z] [Late-Dbg] User 57 Final: LateCount=0, Amt=0, Days=0
[Admin-Bonus] SKIP: User 57, Rule Active=true, RuleMonth=2026-04, TargetMonth=2026-06
[2026-06-16T06:26:41.602Z] [Late-Dbg] User 58 Final: LateCount=0, Amt=0, Days=0
[Admin-Bonus] SKIP: User 58, Rule Active=true, RuleMonth=2026-04, TargetMonth=2026-06
[2026-06-16T06:26:41.680Z] [Late-Dbg] User 59 Final: LateCount=2, Amt=583.33, Days=0.5
[2026-06-16T06:26:41.746Z] [Late-Dbg] User 61 Final: LateCount=0, Amt=0, Days=0
[2026-06-16T06:26:41.764Z] [Late-Dbg] User 62 Final: LateCount=0, Amt=0, Days=0
[2026-06-16T06:26:41.781Z] [Late-Dbg] User 63 Final: LateCount=0, Amt=0, Days=0
[2026-06-16T06:26:41.799Z] [Late-Dbg] User 64 Final: LateCount=0, Amt=0, Days=0
[2026-06-16T06:26:41.818Z] [Late-Dbg] User 65 Final: LateCount=0, Amt=0, Days=0
[2026-06-16T06:26:41.839Z] [Late-Dbg] User 68 Final: LateCount=0, Amt=0, Days=0
[2026-06-16T06:26:41.893Z] [Late-Dbg] User 69 Final: LateCount=0, Amt=0, Days=0
[2026-06-16T06:26:41.996Z] [Late-Dbg] User 70 Final: LateCount=0, Amt=0, Days=0
[2026-06-16T06:26:42.015Z] [Late-Dbg] User 98 Final: LateCount=0, Amt=0, Days=0
[2026-06-16T06:26:42.034Z] [Late-Dbg] User 103 Final: LateCount=0, Amt=0, Days=0
[2026-06-16T06:26:42.050Z] [Late-Dbg] User 107 Final: LateCount=0, Amt=0, Days=0
[2026-06-16T06:26:42.068Z] [Late-Dbg] User 108 Final: LateCount=0, Amt=0, Days=0
[2026-06-16T06:26:42.084Z] [Late-Dbg] User 109 Final: LateCount=0, Amt=0, Days=0
[2026-06-16T06:26:42.108Z] [Late-Dbg] User 182 Final: LateCount=0, Amt=0, Days=0
[2026-06-16T06:26:42.185Z] [Late-Dbg] User 185 Final: LateCount=0, Amt=0, Days=0
[2026-06-16T06:26:42.347Z] [Late-Dbg] User 186 Final: LateCount=0, Amt=0, Days=0
[2026-06-16T06:43:14.722Z] [Late-Dbg] User 57 Final: LateCount=0, Amt=0, Days=0
[2026-06-16T06:43:14.759Z] [Late-Dbg] User 58 Final: LateCount=0, Amt=0, Days=0
[2026-06-16T06:43:14.789Z] [Late-Dbg] User 59 Final: LateCount=0, Amt=0, Days=0
[2026-06-16T06:43:14.819Z] [Late-Dbg] User 61 Final: LateCount=0, Amt=0, Days=0
[2026-06-16T06:43:14.845Z] [Late-Dbg] User 62 Final: LateCount=0, Amt=0, Days=0
[2026-06-16T06:43:14.872Z] [Late-Dbg] User 63 Final: LateCount=0, Amt=0, Days=0
[2026-06-16T06:43:14.902Z] [Late-Dbg] User 64 Final: LateCount=0, Amt=0, Days=0
[2026-06-16T06:43:14.926Z] [Late-Dbg] User 65 Final: LateCount=0, Amt=0, Days=0
[2026-06-16T06:43:14.954Z] [Late-Dbg] User 68 Final: LateCount=0, Amt=0, Days=0
[2026-06-16T06:43:14.977Z] [Late-Dbg] User 69 Final: LateCount=0, Amt=0, Days=0
[2026-06-16T06:43:15.002Z] [Late-Dbg] User 70 Final: LateCount=0, Amt=0, Days=0
[2026-06-16T06:43:15.024Z] [Late-Dbg] User 98 Final: LateCount=0, Amt=0, Days=0
[2026-06-16T06:43:15.048Z] [Late-Dbg] User 103 Final: LateCount=0, Amt=0, Days=0
[2026-06-16T06:43:15.072Z] [Late-Dbg] User 107 Final: LateCount=0, Amt=0, Days=0
[2026-06-16T06:43:15.092Z] [Late-Dbg] User 108 Final: LateCount=0, Amt=0, Days=0
[2026-06-16T06:43:15.111Z] [Late-Dbg] User 109 Final: LateCount=0, Amt=0, Days=0
[2026-06-16T06:43:15.132Z] [Late-Dbg] User 182 Final: LateCount=0, Amt=0, Days=0
[2026-06-16T06:43:15.152Z] [Late-Dbg] User 185 Final: LateCount=0, Amt=0, Days=0
[2026-06-16T06:43:15.172Z] [Late-Dbg] User 186 Final: LateCount=0, Amt=0, Days=0
[2026-06-16T06:43:18.843Z] [Late-Dbg] User 57 Final: LateCount=0, Amt=0, Days=0
[2026-06-16T06:43:18.875Z] [Late-Dbg] User 58 Final: LateCount=0, Amt=0, Days=0
[2026-06-16T06:43:18.904Z] [Late-Dbg] User 59 Final: LateCount=0, Amt=0, Days=0
[2026-06-16T06:43:18.927Z] [Late-Dbg] User 61 Final: LateCount=0, Amt=0, Days=0
[2026-06-16T06:43:18.954Z] [Late-Dbg] User 62 Final: LateCount=0, Amt=0, Days=0
[2026-06-16T06:43:18.978Z] [Late-Dbg] User 63 Final: LateCount=0, Amt=0, Days=0
[2026-06-16T06:43:19.006Z] [Late-Dbg] User 64 Final: LateCount=0, Amt=0, Days=0
[2026-06-16T06:43:19.029Z] [Late-Dbg] User 65 Final: LateCount=0, Amt=0, Days=0
[2026-06-16T06:43:19.059Z] [Late-Dbg] User 68 Final: LateCount=0, Amt=0, Days=0
[2026-06-16T06:43:19.087Z] [Late-Dbg] User 69 Final: LateCount=0, Amt=0, Days=0
[2026-06-16T06:43:19.109Z] [Late-Dbg] User 70 Final: LateCount=0, Amt=0, Days=0
[2026-06-16T06:43:19.137Z] [Late-Dbg] User 98 Final: LateCount=0, Amt=0, Days=0
[2026-06-16T06:43:19.159Z] [Late-Dbg] User 103 Final: LateCount=0, Amt=0, Days=0
[2026-06-16T06:43:19.184Z] [Late-Dbg] User 107 Final: LateCount=0, Amt=0, Days=0
[2026-06-16T06:43:19.207Z] [Late-Dbg] User 108 Final: LateCount=0, Amt=0, Days=0
[2026-06-16T06:43:19.228Z] [Late-Dbg] User 109 Final: LateCount=0, Amt=0, Days=0
[2026-06-16T06:43:19.252Z] [Late-Dbg] User 182 Final: LateCount=0, Amt=0, Days=0
[2026-06-16T06:43:19.275Z] [Late-Dbg] User 185 Final: LateCount=0, Amt=0, Days=0
[2026-06-16T06:43:19.295Z] [Late-Dbg] User 186 Final: LateCount=0, Amt=0, Days=0
[2026-06-16T06:43:21.911Z] [Late-Dbg] User 57 Final: LateCount=0, Amt=0, Days=0
[2026-06-16T06:43:21.942Z] [Late-Dbg] User 58 Final: LateCount=0, Amt=0, Days=0
[Admin-Bonus] SKIP: User 58, Rule Active=true, RuleMonth=2026-04, TargetMonth=2026-03
[2026-06-16T06:43:21.970Z] [Late-Dbg] User 59 Final: LateCount=0, Amt=0, Days=0
[2026-06-16T06:43:21.992Z] [Late-Dbg] User 61 Final: LateCount=0, Amt=0, Days=0
[2026-06-16T06:43:22.015Z] [Late-Dbg] User 62 Final: LateCount=0, Amt=0, Days=0
[2026-06-16T06:43:22.044Z] [Late-Dbg] User 63 Final: LateCount=0, Amt=0, Days=0
[2026-06-16T06:43:22.070Z] [Late-Dbg] User 64 Final: LateCount=0, Amt=0, Days=0
[2026-06-16T06:43:22.091Z] [Late-Dbg] User 65 Final: LateCount=0, Amt=0, Days=0
[2026-06-16T06:43:22.112Z] [Late-Dbg] User 68 Final: LateCount=0, Amt=0, Days=0
[2026-06-16T06:43:22.138Z] [Late-Dbg] User 69 Final: LateCount=0, Amt=0, Days=0
[2026-06-16T06:43:22.160Z] [Late-Dbg] User 70 Final: LateCount=0, Amt=0, Days=0
[2026-06-16T06:43:22.186Z] [Late-Dbg] User 98 Final: LateCount=0, Amt=0, Days=0
[2026-06-16T06:43:22.207Z] [Late-Dbg] User 103 Final: LateCount=0, Amt=0, Days=0
[2026-06-16T06:43:22.228Z] [Late-Dbg] User 107 Final: LateCount=0, Amt=0, Days=0
[2026-06-16T06:43:22.253Z] [Late-Dbg] User 108 Final: LateCount=0, Amt=0, Days=0
[2026-06-16T06:43:22.274Z] [Late-Dbg] User 109 Final: LateCount=0, Amt=0, Days=0
[2026-06-16T06:43:22.295Z] [Late-Dbg] User 182 Final: LateCount=0, Amt=0, Days=0
[2026-06-16T06:43:22.320Z] [Late-Dbg] User 185 Final: LateCount=0, Amt=0, Days=0
[2026-06-16T06:43:22.340Z] [Late-Dbg] User 186 Final: LateCount=0, Amt=0, Days=0
[2026-06-16T06:43:25.924Z] [Late-Dbg] User 57 Final: LateCount=1, Amt=30, Days=0.02
[Admin-Bonus] SUCCESS: User 57, Rule=rule2, Joining=2026-02-01, Tenure=2mo, Bracket=10%, Bonus=800
[2026-06-16T06:43:26.060Z] [Late-Dbg] User 58 Final: LateCount=3, Amt=1000, Days=0.5
[Admin-Bonus] SUCCESS: User 58, Rule=bonus, Joining=2026-03-30, Tenure=1mo, Bracket=10%, Bonus=600
[2026-06-16T06:43:26.137Z] [Late-Dbg] User 59 Final: LateCount=0, Amt=0, Days=0
[2026-06-16T06:43:26.206Z] [Late-Dbg] User 61 Final: LateCount=0, Amt=0, Days=0
[2026-06-16T06:43:26.244Z] [Late-Dbg] User 62 Final: LateCount=0, Amt=0, Days=0
[2026-06-16T06:43:26.268Z] [Late-Dbg] User 63 Final: LateCount=0, Amt=0, Days=0
[2026-06-16T06:43:26.290Z] [Late-Dbg] User 64 Final: LateCount=0, Amt=0, Days=0
[2026-06-16T06:43:26.311Z] [Late-Dbg] User 65 Final: LateCount=0, Amt=0, Days=0
[2026-06-16T06:43:26.356Z] [Late-Dbg] User 68 Final: LateCount=0, Amt=0, Days=0
[2026-06-16T06:43:26.457Z] [Late-Dbg] User 69 Final: LateCount=0, Amt=0, Days=0
[2026-06-16T06:43:26.562Z] [Late-Dbg] User 70 Final: LateCount=0, Amt=0, Days=0
[2026-06-16T06:43:26.612Z] [Late-Dbg] User 98 Final: LateCount=0, Amt=0, Days=0
[2026-06-16T06:43:26.646Z] [Late-Dbg] User 103 Final: LateCount=0, Amt=0, Days=0
[2026-06-16T06:43:26.670Z] [Late-Dbg] User 107 Final: LateCount=0, Amt=0, Days=0
[2026-06-16T06:43:26.689Z] [Late-Dbg] User 108 Final: LateCount=0, Amt=0, Days=0
[2026-06-16T06:43:26.720Z] [Late-Dbg] User 109 Final: LateCount=0, Amt=0, Days=0
[2026-06-16T06:43:26.761Z] [Late-Dbg] User 182 Final: LateCount=0, Amt=0, Days=0
[2026-06-16T06:43:26.782Z] [Late-Dbg] User 185 Final: LateCount=0, Amt=0, Days=0
[2026-06-16T06:43:26.803Z] [Late-Dbg] User 186 Final: LateCount=0, Amt=0, Days=0
[2026-06-16T06:43:29.873Z] [Late-Dbg] User 57 Final: LateCount=2, Amt=60, Days=0.05
[Admin-Bonus] SKIP: User 57, Rule Active=true, RuleMonth=2026-04, TargetMonth=2026-05
[2026-06-16T06:43:30.270Z] [Late-Dbg] User 58 Final: LateCount=0, Amt=0, Days=0
[Admin-Bonus] SKIP: User 58, Rule Active=true, RuleMonth=2026-04, TargetMonth=2026-05
[2026-06-16T06:43:30.351Z] [Late-Dbg] User 59 Final: LateCount=1, Amt=0, Days=0
[2026-06-16T06:43:30.473Z] [Late-Dbg] User 61 Final: LateCount=0, Amt=0, Days=0
[2026-06-16T06:43:30.522Z] [Late-Dbg] User 62 Final: LateCount=0, Amt=0, Days=0
[2026-06-16T06:43:30.570Z] [Late-Dbg] User 63 Final: LateCount=1, Amt=40, Days=0.04
[2026-06-16T06:43:30.621Z] [Late-Dbg] User 64 Final: LateCount=0, Amt=0, Days=0
[2026-06-16T06:43:30.662Z] [Late-Dbg] User 65 Final: LateCount=2, Amt=30, Days=0.03
[2026-06-16T06:43:30.737Z] [Late-Dbg] User 68 Final: LateCount=0, Amt=0, Days=0
[2026-06-16T06:43:30.857Z] [Late-Dbg] User 69 Final: LateCount=0, Amt=0, Days=0
[2026-06-16T06:43:31.117Z] [Late-Dbg] User 70 Final: LateCount=0, Amt=0, Days=0
[2026-06-16T06:43:31.136Z] [Late-Dbg] User 98 Final: LateCount=0, Amt=0, Days=0
[2026-06-16T06:43:31.153Z] [Late-Dbg] User 103 Final: LateCount=0, Amt=0, Days=0
[2026-06-16T06:43:31.176Z] [Late-Dbg] User 107 Final: LateCount=0, Amt=0, Days=0
[2026-06-16T06:43:31.209Z] [Late-Dbg] User 108 Final: LateCount=0, Amt=0, Days=0
[2026-06-16T06:43:31.291Z] [Late-Dbg] User 109 Final: LateCount=1, Amt=0, Days=0
[2026-06-16T06:43:31.445Z] [Late-Dbg] User 182 Final: LateCount=1, Amt=30, Days=0.03
[2026-06-16T06:43:31.809Z] [Late-Dbg] User 185 Final: LateCount=0, Amt=0, Days=0
[2026-06-16T06:43:32.639Z] [Late-Dbg] User 186 Final: LateCount=0, Amt=0, Days=0
[2026-06-16T06:43:36.742Z] [Late-Dbg] User 57 Final: LateCount=0, Amt=0, Days=0
[Admin-Bonus] SKIP: User 57, Rule Active=true, RuleMonth=2026-04, TargetMonth=2026-06
[2026-06-16T06:43:36.802Z] [Late-Dbg] User 58 Final: LateCount=0, Amt=0, Days=0
[Admin-Bonus] SKIP: User 58, Rule Active=true, RuleMonth=2026-04, TargetMonth=2026-06
[2026-06-16T06:43:36.876Z] [Late-Dbg] User 59 Final: LateCount=2, Amt=583.33, Days=0.5
[2026-06-16T06:43:36.961Z] [Late-Dbg] User 61 Final: LateCount=0, Amt=0, Days=0
[2026-06-16T06:43:36.986Z] [Late-Dbg] User 62 Final: LateCount=0, Amt=0, Days=0
[2026-06-16T06:43:37.007Z] [Late-Dbg] User 63 Final: LateCount=0, Amt=0, Days=0
[2026-06-16T06:43:37.032Z] [Late-Dbg] User 64 Final: LateCount=0, Amt=0, Days=0
[2026-06-16T06:43:37.054Z] [Late-Dbg] User 65 Final: LateCount=0, Amt=0, Days=0
[2026-06-16T06:43:37.076Z] [Late-Dbg] User 68 Final: LateCount=0, Amt=0, Days=0
[2026-06-16T06:43:37.143Z] [Late-Dbg] User 69 Final: LateCount=0, Amt=0, Days=0
[2026-06-16T06:43:37.255Z] [Late-Dbg] User 70 Final: LateCount=0, Amt=0, Days=0
[2026-06-16T06:43:37.273Z] [Late-Dbg] User 98 Final: LateCount=0, Amt=0, Days=0
[2026-06-16T06:43:37.292Z] [Late-Dbg] User 103 Final: LateCount=0, Amt=0, Days=0
[2026-06-16T06:43:37.311Z] [Late-Dbg] User 107 Final: LateCount=0, Amt=0, Days=0
[2026-06-16T06:43:37.336Z] [Late-Dbg] User 108 Final: LateCount=0, Amt=0, Days=0
[2026-06-16T06:43:37.355Z] [Late-Dbg] User 109 Final: LateCount=0, Amt=0, Days=0
[2026-06-16T06:43:37.379Z] [Late-Dbg] User 182 Final: LateCount=0, Amt=0, Days=0
[2026-06-16T06:43:37.460Z] [Late-Dbg] User 185 Final: LateCount=0, Amt=0, Days=0
[2026-06-16T06:43:37.629Z] [Late-Dbg] User 186 Final: LateCount=0, Amt=0, Days=0
[2026-06-16T07:24:26.634Z] [Late-Dbg] User 57 Final: LateCount=0, Amt=0, Days=0
[2026-06-16T07:24:26.692Z] [Late-Dbg] User 58 Final: LateCount=0, Amt=0, Days=0
[2026-06-16T07:24:26.740Z] [Late-Dbg] User 59 Final: LateCount=0, Amt=0, Days=0
[2026-06-16T07:24:26.797Z] [Late-Dbg] User 61 Final: LateCount=0, Amt=0, Days=0
[2026-06-16T07:24:26.850Z] [Late-Dbg] User 62 Final: LateCount=0, Amt=0, Days=0
[2026-06-16T07:24:26.907Z] [Late-Dbg] User 63 Final: LateCount=0, Amt=0, Days=0
[2026-06-16T07:24:26.965Z] [Late-Dbg] User 64 Final: LateCount=0, Amt=0, Days=0
[2026-06-16T07:24:27.024Z] [Late-Dbg] User 65 Final: LateCount=0, Amt=0, Days=0
[2026-06-16T07:24:27.077Z] [Late-Dbg] User 68 Final: LateCount=0, Amt=0, Days=0
[2026-06-16T07:24:27.129Z] [Late-Dbg] User 69 Final: LateCount=0, Amt=0, Days=0
[2026-06-16T07:24:27.180Z] [Late-Dbg] User 70 Final: LateCount=0, Amt=0, Days=0
[2026-06-16T07:24:27.231Z] [Late-Dbg] User 98 Final: LateCount=0, Amt=0, Days=0
[2026-06-16T07:24:27.279Z] [Late-Dbg] User 103 Final: LateCount=0, Amt=0, Days=0
[2026-06-16T07:24:27.327Z] [Late-Dbg] User 107 Final: LateCount=0, Amt=0, Days=0
[2026-06-16T07:24:27.408Z] [Late-Dbg] User 108 Final: LateCount=0, Amt=0, Days=0
[2026-06-16T07:24:27.449Z] [Late-Dbg] User 109 Final: LateCount=0, Amt=0, Days=0
[2026-06-16T07:24:27.489Z] [Late-Dbg] User 182 Final: LateCount=0, Amt=0, Days=0
[2026-06-16T07:24:27.524Z] [Late-Dbg] User 185 Final: LateCount=0, Amt=0, Days=0
[2026-06-16T07:24:27.562Z] [Late-Dbg] User 186 Final: LateCount=0, Amt=0, Days=0
[2026-06-16T11:40:28.003Z] [Late-Dbg] User 58 Final: LateCount=0, Amt=0, Days=0
[Admin-Bonus] SKIP: User 58, Rule Active=true, RuleMonth=2026-04, TargetMonth=2026-05
[2026-06-16T11:40:28.246Z] [Late-Dbg] User 59 Final: LateCount=1, Amt=0, Days=0
[2026-06-16T11:40:28.555Z] [Late-Dbg] User 61 Final: LateCount=0, Amt=0, Days=0
[2026-06-16T11:40:28.685Z] [Late-Dbg] User 62 Final: LateCount=0, Amt=0, Days=0
[2026-06-16T11:40:28.833Z] [Late-Dbg] User 63 Final: LateCount=1, Amt=40, Days=0.04
[2026-06-16T11:40:28.971Z] [Late-Dbg] User 64 Final: LateCount=0, Amt=0, Days=0
[2026-06-16T11:40:29.085Z] [Late-Dbg] User 65 Final: LateCount=2, Amt=30, Days=0.03
[2026-06-16T11:40:29.264Z] [Late-Dbg] User 68 Final: LateCount=0, Amt=0, Days=0
[2026-06-16T11:40:29.612Z] [Late-Dbg] User 69 Final: LateCount=0, Amt=0, Days=0
[2026-06-16T11:40:30.571Z] [Late-Dbg] User 70 Final: LateCount=0, Amt=0, Days=0
[2026-06-16T11:40:30.643Z] [Late-Dbg] User 98 Final: LateCount=0, Amt=0, Days=0
[2026-06-16T11:40:30.721Z] [Late-Dbg] User 103 Final: LateCount=0, Amt=0, Days=0
[2026-06-16T11:40:30.816Z] [Late-Dbg] User 107 Final: LateCount=0, Amt=0, Days=0
[2026-06-16T11:40:30.897Z] [Late-Dbg] User 108 Final: LateCount=0, Amt=0, Days=0
[2026-06-16T11:40:31.100Z] [Late-Dbg] User 109 Final: LateCount=1, Amt=0, Days=0
[2026-06-16T11:40:31.470Z] [Late-Dbg] User 182 Final: LateCount=1, Amt=30, Days=0.03
[2026-06-16T11:40:32.684Z] [Late-Dbg] User 185 Final: LateCount=0, Amt=0, Days=0
[2026-06-16T11:40:34.473Z] [Late-Dbg] User 186 Final: LateCount=0, Amt=0, Days=0
[2026-06-16T11:47:42.673Z] [Late-Dbg] User 58 Final: LateCount=0, Amt=0, Days=0
[Admin-Bonus] SKIP: User 58, Rule Active=true, RuleMonth=2026-04, TargetMonth=2026-05
[2026-06-16T11:47:42.867Z] [Late-Dbg] User 59 Final: LateCount=1, Amt=0, Days=0
[2026-06-16T11:47:43.163Z] [Late-Dbg] User 61 Final: LateCount=0, Amt=0, Days=0
[2026-06-16T11:47:43.273Z] [Late-Dbg] User 62 Final: LateCount=0, Amt=0, Days=0
[2026-06-16T11:47:43.397Z] [Late-Dbg] User 63 Final: LateCount=1, Amt=40, Days=0.04
[2026-06-16T11:47:43.516Z] [Late-Dbg] User 64 Final: LateCount=0, Amt=0, Days=0
[2026-06-16T11:47:43.685Z] [Late-Dbg] User 65 Final: LateCount=2, Amt=30, Days=0.03
[2026-06-16T11:47:43.842Z] [Late-Dbg] User 68 Final: LateCount=0, Amt=0, Days=0
[2026-06-16T11:47:44.130Z] [Late-Dbg] User 69 Final: LateCount=0, Amt=0, Days=0
[2026-06-16T11:47:44.850Z] [Late-Dbg] User 70 Final: LateCount=0, Amt=0, Days=0
[2026-06-16T11:47:44.926Z] [Late-Dbg] User 98 Final: LateCount=0, Amt=0, Days=0
[2026-06-16T11:47:45.007Z] [Late-Dbg] User 103 Final: LateCount=0, Amt=0, Days=0
[2026-06-16T11:47:45.113Z] [Late-Dbg] User 107 Final: LateCount=0, Amt=0, Days=0
[2026-06-16T11:47:45.246Z] [Late-Dbg] User 108 Final: LateCount=0, Amt=0, Days=0
[2026-06-16T11:47:45.449Z] [Late-Dbg] User 109 Final: LateCount=1, Amt=0, Days=0
[2026-06-16T11:47:45.839Z] [Late-Dbg] User 182 Final: LateCount=1, Amt=30, Days=0.03
[2026-06-16T11:47:46.717Z] [Late-Dbg] User 185 Final: LateCount=0, Amt=0, Days=0
[2026-06-16T11:47:49.452Z] [Late-Dbg] User 186 Final: LateCount=0, Amt=0, Days=0
[2026-06-16T11:52:08.802Z] [Late-Dbg] User 58 Final: LateCount=0, Amt=0, Days=0
[Admin-Bonus] SKIP: User 58, Rule Active=true, RuleMonth=2026-04, TargetMonth=2026-05
[2026-06-16T11:52:08.958Z] [Late-Dbg] User 59 Final: LateCount=1, Amt=0, Days=0
[2026-06-16T11:52:09.189Z] [Late-Dbg] User 61 Final: LateCount=0, Amt=0, Days=0
[2026-06-16T11:52:09.331Z] [Late-Dbg] User 62 Final: LateCount=0, Amt=0, Days=0
[2026-06-16T11:52:09.475Z] [Late-Dbg] User 63 Final: LateCount=1, Amt=40, Days=0.04
[2026-06-16T11:52:09.645Z] [Late-Dbg] User 64 Final: LateCount=0, Amt=0, Days=0
[2026-06-16T11:52:09.786Z] [Late-Dbg] User 65 Final: LateCount=2, Amt=30, Days=0.03
[2026-06-16T11:52:10.012Z] [Late-Dbg] User 68 Final: LateCount=0, Amt=0, Days=0
[2026-06-16T11:52:10.478Z] [Late-Dbg] User 69 Final: LateCount=0, Amt=0, Days=0
[2026-06-16T11:52:11.498Z] [Late-Dbg] User 70 Final: LateCount=0, Amt=0, Days=0
[2026-06-16T11:52:11.556Z] [Late-Dbg] User 98 Final: LateCount=0, Amt=0, Days=0
[2026-06-16T11:52:11.606Z] [Late-Dbg] User 103 Final: LateCount=0, Amt=0, Days=0
[2026-06-16T11:52:11.679Z] [Late-Dbg] User 107 Final: LateCount=0, Amt=0, Days=0
[2026-06-16T11:52:11.770Z] [Late-Dbg] User 108 Final: LateCount=0, Amt=0, Days=0
[2026-06-16T11:52:11.993Z] [Late-Dbg] User 109 Final: LateCount=1, Amt=0, Days=0
[2026-06-16T11:52:12.632Z] [Late-Dbg] User 182 Final: LateCount=1, Amt=30, Days=0.03
[2026-06-16T11:52:14.206Z] [Late-Dbg] User 185 Final: LateCount=0, Amt=0, Days=0
[2026-06-16T11:52:15.852Z] [Late-Dbg] User 186 Final: LateCount=0, Amt=0, Days=0
[2026-06-17T05:44:36.881Z] [Late-Dbg] User 57 Final: LateCount=2, Amt=60, Days=0.05
[Admin-Bonus] SKIP: User 57, Rule Active=true, RuleMonth=2026-04, TargetMonth=2026-05
[2026-06-17T05:44:37.630Z] [Late-Dbg] User 58 Final: LateCount=0, Amt=0, Days=0
[Admin-Bonus] SKIP: User 58, Rule Active=true, RuleMonth=2026-04, TargetMonth=2026-05
[2026-06-17T05:44:37.833Z] [Late-Dbg] User 59 Final: LateCount=1, Amt=0, Days=0
[2026-06-17T05:44:38.079Z] [Late-Dbg] User 61 Final: LateCount=0, Amt=0, Days=0
[2026-06-17T05:44:38.178Z] [Late-Dbg] User 62 Final: LateCount=0, Amt=0, Days=0
[2026-06-17T05:44:38.257Z] [Late-Dbg] User 63 Final: LateCount=1, Amt=40, Days=0.04
[2026-06-17T05:44:38.358Z] [Late-Dbg] User 64 Final: LateCount=0, Amt=0, Days=0
[2026-06-17T05:44:38.443Z] [Late-Dbg] User 65 Final: LateCount=2, Amt=30, Days=0.03
[2026-06-17T05:44:38.584Z] [Late-Dbg] User 68 Final: LateCount=0, Amt=0, Days=0
[2026-06-17T05:44:38.857Z] [Late-Dbg] User 69 Final: LateCount=0, Amt=0, Days=0
[2026-06-17T05:44:39.392Z] [Late-Dbg] User 70 Final: LateCount=0, Amt=0, Days=0
[2026-06-17T05:44:39.428Z] [Late-Dbg] User 98 Final: LateCount=0, Amt=0, Days=0
[2026-06-17T05:44:39.466Z] [Late-Dbg] User 103 Final: LateCount=0, Amt=0, Days=0
[2026-06-17T05:44:39.512Z] [Late-Dbg] User 107 Final: LateCount=0, Amt=0, Days=0
[2026-06-17T05:44:39.572Z] [Late-Dbg] User 108 Final: LateCount=0, Amt=0, Days=0
[2026-06-17T05:44:39.698Z] [Late-Dbg] User 109 Final: LateCount=1, Amt=0, Days=0
[2026-06-17T05:44:40.005Z] [Late-Dbg] User 182 Final: LateCount=1, Amt=30, Days=0.03
[2026-06-17T05:44:40.772Z] [Late-Dbg] User 185 Final: LateCount=0, Amt=0, Days=0
[2026-06-17T05:44:41.930Z] [Late-Dbg] User 186 Final: LateCount=0, Amt=0, Days=0
[2026-06-18T06:43:25.830Z] [Late-Dbg] User 57 Final: LateCount=2, Amt=60, Days=0.05
[Admin-Bonus] SKIP: User 57, Rule Active=true, RuleMonth=2026-04, TargetMonth=2026-05
[2026-06-18T06:43:26.832Z] [Late-Dbg] User 58 Final: LateCount=0, Amt=0, Days=0
[Admin-Bonus] SKIP: User 58, Rule Active=true, RuleMonth=2026-04, TargetMonth=2026-05
[2026-06-18T06:43:27.143Z] [Late-Dbg] User 59 Final: LateCount=1, Amt=0, Days=0
[2026-06-18T06:43:27.390Z] [Late-Dbg] User 61 Final: LateCount=0, Amt=0, Days=0
[2026-06-18T06:43:27.483Z] [Late-Dbg] User 62 Final: LateCount=0, Amt=0, Days=0
[2026-06-18T06:43:27.579Z] [Late-Dbg] User 63 Final: LateCount=1, Amt=40, Days=0.04
[2026-06-18T06:43:27.680Z] [Late-Dbg] User 64 Final: LateCount=0, Amt=0, Days=0
[2026-06-18T06:43:27.774Z] [Late-Dbg] User 65 Final: LateCount=2, Amt=30, Days=0.03
[2026-06-18T06:43:27.897Z] [Late-Dbg] User 68 Final: LateCount=0, Amt=0, Days=0
[2026-06-18T06:43:28.150Z] [Late-Dbg] User 69 Final: LateCount=0, Amt=0, Days=0
[2026-06-18T06:43:28.697Z] [Late-Dbg] User 70 Final: LateCount=0, Amt=0, Days=0
[2026-06-18T06:43:28.731Z] [Late-Dbg] User 98 Final: LateCount=0, Amt=0, Days=0
[2026-06-18T06:43:28.772Z] [Late-Dbg] User 103 Final: LateCount=0, Amt=0, Days=0
[2026-06-18T06:43:28.830Z] [Late-Dbg] User 107 Final: LateCount=0, Amt=0, Days=0
[2026-06-18T06:43:28.889Z] [Late-Dbg] User 108 Final: LateCount=0, Amt=0, Days=0
[2026-06-18T06:43:29.006Z] [Late-Dbg] User 109 Final: LateCount=1, Amt=0, Days=0
[2026-06-18T06:43:29.329Z] [Late-Dbg] User 182 Final: LateCount=1, Amt=30, Days=0.03
[2026-06-18T06:43:30.066Z] [Late-Dbg] User 185 Final: LateCount=0, Amt=0, Days=0
[2026-06-18T06:43:31.682Z] [Late-Dbg] User 186 Final: LateCount=0, Amt=0, Days=0
[2026-06-18T08:12:12.611Z] [Late-Dbg] User 57 Final: LateCount=2, Amt=60, Days=0.05
[Admin-Bonus] SKIP: User 57, Rule Active=true, RuleMonth=2026-04, TargetMonth=2026-05
[2026-06-18T08:12:13.597Z] [Late-Dbg] User 58 Final: LateCount=0, Amt=0, Days=0
[Admin-Bonus] SKIP: User 58, Rule Active=true, RuleMonth=2026-04, TargetMonth=2026-05
[2026-06-18T08:12:13.816Z] [Late-Dbg] User 59 Final: LateCount=2, Amt=583.33, Days=0.5
[2026-06-18T08:12:14.157Z] [Late-Dbg] User 61 Final: LateCount=0, Amt=0, Days=0
[2026-06-18T08:12:14.346Z] [Late-Dbg] User 62 Final: LateCount=0, Amt=0, Days=0
[2026-06-18T08:12:14.489Z] [Late-Dbg] User 63 Final: LateCount=1, Amt=40, Days=0.04
[2026-06-18T08:12:14.613Z] [Late-Dbg] User 64 Final: LateCount=0, Amt=0, Days=0
[2026-06-18T08:12:14.722Z] [Late-Dbg] User 65 Final: LateCount=2, Amt=30, Days=0.03
[2026-06-18T08:12:14.936Z] [Late-Dbg] User 68 Final: LateCount=0, Amt=0, Days=0
[2026-06-18T08:12:15.239Z] [Late-Dbg] User 69 Final: LateCount=0, Amt=0, Days=0
[2026-06-18T08:12:15.933Z] [Late-Dbg] User 70 Final: LateCount=0, Amt=0, Days=0
[2026-06-18T08:12:15.979Z] [Late-Dbg] User 98 Final: LateCount=0, Amt=0, Days=0
[2026-06-18T08:12:16.025Z] [Late-Dbg] User 103 Final: LateCount=0, Amt=0, Days=0
[2026-06-18T08:12:16.077Z] [Late-Dbg] User 107 Final: LateCount=0, Amt=0, Days=0
[2026-06-18T08:12:16.151Z] [Late-Dbg] User 108 Final: LateCount=0, Amt=0, Days=0
[2026-06-18T08:12:16.355Z] [Late-Dbg] User 109 Final: LateCount=1, Amt=0, Days=0
[2026-06-18T08:12:16.770Z] [Late-Dbg] User 182 Final: LateCount=1, Amt=30, Days=0.03
[2026-06-18T08:12:17.748Z] [Late-Dbg] User 185 Final: LateCount=0, Amt=0, Days=0
[2026-06-18T08:12:19.794Z] [Late-Dbg] User 186 Final: LateCount=0, Amt=0, Days=0
[2026-06-18T08:15:15.760Z] [Late-Dbg] User 57 Final: LateCount=2, Amt=60, Days=0.05
[Admin-Bonus] SKIP: User 57, Rule Active=true, RuleMonth=2026-04, TargetMonth=2026-05
[2026-06-18T08:15:16.678Z] [Late-Dbg] User 58 Final: LateCount=0, Amt=0, Days=0
[Admin-Bonus] SKIP: User 58, Rule Active=true, RuleMonth=2026-04, TargetMonth=2026-05
[2026-06-18T08:15:16.888Z] [Late-Dbg] User 59 Final: LateCount=2, Amt=291.67, Days=0.25
[2026-06-18T08:15:17.208Z] [Late-Dbg] User 61 Final: LateCount=0, Amt=0, Days=0
[2026-06-18T08:15:17.306Z] [Late-Dbg] User 62 Final: LateCount=0, Amt=0, Days=0
[2026-06-18T08:15:17.426Z] [Late-Dbg] User 63 Final: LateCount=1, Amt=40, Days=0.04
[2026-06-18T08:15:17.538Z] [Late-Dbg] User 64 Final: LateCount=0, Amt=0, Days=0
[2026-06-18T08:15:17.614Z] [Late-Dbg] User 65 Final: LateCount=2, Amt=30, Days=0.03
[2026-06-18T08:15:17.760Z] [Late-Dbg] User 68 Final: LateCount=0, Amt=0, Days=0
[2026-06-18T08:15:18.043Z] [Late-Dbg] User 69 Final: LateCount=0, Amt=0, Days=0
[2026-06-18T08:15:18.707Z] [Late-Dbg] User 70 Final: LateCount=0, Amt=0, Days=0
[2026-06-18T08:15:18.752Z] [Late-Dbg] User 98 Final: LateCount=0, Amt=0, Days=0
[2026-06-18T08:15:18.788Z] [Late-Dbg] User 103 Final: LateCount=0, Amt=0, Days=0
[2026-06-18T08:15:18.836Z] [Late-Dbg] User 107 Final: LateCount=0, Amt=0, Days=0
[2026-06-18T08:15:18.894Z] [Late-Dbg] User 108 Final: LateCount=0, Amt=0, Days=0
[2026-06-18T08:15:19.069Z] [Late-Dbg] User 109 Final: LateCount=1, Amt=0, Days=0
[2026-06-18T08:15:19.453Z] [Late-Dbg] User 182 Final: LateCount=1, Amt=30, Days=0.03
[2026-06-18T08:15:20.286Z] [Late-Dbg] User 185 Final: LateCount=0, Amt=0, Days=0
[2026-06-18T08:15:21.840Z] [Late-Dbg] User 186 Final: LateCount=0, Amt=0, Days=0
[2026-06-18T08:16:26.021Z] [Late-Dbg] User 57 Final: LateCount=2, Amt=60, Days=0.05
[Admin-Bonus] SKIP: User 57, Rule Active=true, RuleMonth=2026-04, TargetMonth=2026-05
[2026-06-18T08:16:26.823Z] [Late-Dbg] User 58 Final: LateCount=0, Amt=0, Days=0
[Admin-Bonus] SKIP: User 58, Rule Active=true, RuleMonth=2026-04, TargetMonth=2026-05
[2026-06-18T08:16:26.996Z] [Late-Dbg] User 59 Final: LateCount=2, Amt=291.67, Days=0.25
[2026-06-18T08:16:27.244Z] [Late-Dbg] User 61 Final: LateCount=0, Amt=0, Days=0
[2026-06-18T08:16:27.341Z] [Late-Dbg] User 62 Final: LateCount=0, Amt=0, Days=0
[2026-06-18T08:16:27.453Z] [Late-Dbg] User 63 Final: LateCount=1, Amt=40, Days=0.04
[2026-06-18T08:16:27.562Z] [Late-Dbg] User 64 Final: LateCount=0, Amt=0, Days=0
[2026-06-18T08:16:27.663Z] [Late-Dbg] User 65 Final: LateCount=2, Amt=30, Days=0.03
[2026-06-18T08:16:27.804Z] [Late-Dbg] User 68 Final: LateCount=0, Amt=0, Days=0
[2026-06-18T08:16:28.098Z] [Late-Dbg] User 69 Final: LateCount=0, Amt=0, Days=0
[2026-06-18T08:16:28.718Z] [Late-Dbg] User 70 Final: LateCount=0, Amt=0, Days=0
[2026-06-18T08:16:28.744Z] [Late-Dbg] User 98 Final: LateCount=0, Amt=0, Days=0
[2026-06-18T08:16:28.773Z] [Late-Dbg] User 103 Final: LateCount=0, Amt=0, Days=0
[2026-06-18T08:16:28.812Z] [Late-Dbg] User 107 Final: LateCount=0, Amt=0, Days=0
[2026-06-18T08:16:28.891Z] [Late-Dbg] User 108 Final: LateCount=0, Amt=0, Days=0
[2026-06-18T08:16:29.067Z] [Late-Dbg] User 109 Final: LateCount=1, Amt=0, Days=0
[2026-06-18T08:16:29.402Z] [Late-Dbg] User 182 Final: LateCount=1, Amt=30, Days=0.03
[2026-06-18T08:16:30.293Z] [Late-Dbg] User 185 Final: LateCount=0, Amt=0, Days=0
[2026-06-18T08:16:32.215Z] [Late-Dbg] User 186 Final: LateCount=0, Amt=0, Days=0
[2026-06-18T08:21:46.458Z] [Late-Dbg] User 57 Final: LateCount=2, Amt=60, Days=0.05
[Admin-Bonus] SKIP: User 57, Rule Active=true, RuleMonth=2026-04, TargetMonth=2026-05
[2026-06-18T08:21:47.308Z] [Late-Dbg] User 58 Final: LateCount=0, Amt=0, Days=0
[Admin-Bonus] SKIP: User 58, Rule Active=true, RuleMonth=2026-04, TargetMonth=2026-05
[2026-06-18T08:21:47.444Z] [Late-Dbg] User 59 Final: LateCount=2, Amt=0, Days=0
[2026-06-18T08:21:47.665Z] [Late-Dbg] User 61 Final: LateCount=0, Amt=0, Days=0
[2026-06-18T08:21:47.743Z] [Late-Dbg] User 62 Final: LateCount=0, Amt=0, Days=0
[2026-06-18T08:21:47.839Z] [Late-Dbg] User 63 Final: LateCount=1, Amt=40, Days=0.04
[2026-06-18T08:21:47.909Z] [Late-Dbg] User 64 Final: LateCount=0, Amt=0, Days=0
[2026-06-18T08:21:47.969Z] [Late-Dbg] User 65 Final: LateCount=2, Amt=30, Days=0.03
[2026-06-18T08:21:48.061Z] [Late-Dbg] User 68 Final: LateCount=0, Amt=0, Days=0
[2026-06-18T08:21:48.333Z] [Late-Dbg] User 69 Final: LateCount=0, Amt=0, Days=0
[2026-06-18T08:21:48.935Z] [Late-Dbg] User 70 Final: LateCount=0, Amt=0, Days=0
[2026-06-18T08:21:48.986Z] [Late-Dbg] User 98 Final: LateCount=0, Amt=0, Days=0
[2026-06-18T08:21:49.038Z] [Late-Dbg] User 103 Final: LateCount=0, Amt=0, Days=0
[2026-06-18T08:21:49.110Z] [Late-Dbg] User 107 Final: LateCount=0, Amt=0, Days=0
[2026-06-18T08:21:49.200Z] [Late-Dbg] User 108 Final: LateCount=0, Amt=0, Days=0
[2026-06-18T08:21:49.377Z] [Late-Dbg] User 109 Final: LateCount=1, Amt=0, Days=0
[2026-06-18T08:21:49.788Z] [Late-Dbg] User 182 Final: LateCount=1, Amt=30, Days=0.03
[2026-06-18T08:21:50.664Z] [Late-Dbg] User 185 Final: LateCount=0, Amt=0, Days=0
[2026-06-18T08:21:52.302Z] [Late-Dbg] User 186 Final: LateCount=0, Amt=0, Days=0
[2026-06-18T08:22:34.743Z] [Late-Dbg] User 57 Final: LateCount=2, Amt=60, Days=0.05
[Admin-Bonus] SKIP: User 57, Rule Active=true, RuleMonth=2026-04, TargetMonth=2026-05
[2026-06-18T08:22:35.493Z] [Late-Dbg] User 58 Final: LateCount=0, Amt=0, Days=0
[Admin-Bonus] SKIP: User 58, Rule Active=true, RuleMonth=2026-04, TargetMonth=2026-05
[2026-06-18T08:22:35.629Z] [Late-Dbg] User 59 Final: LateCount=3, Amt=291.67, Days=0.25
[2026-06-18T08:22:35.870Z] [Late-Dbg] User 61 Final: LateCount=0, Amt=0, Days=0
[2026-06-18T08:22:35.955Z] [Late-Dbg] User 62 Final: LateCount=0, Amt=0, Days=0
[2026-06-18T08:22:36.030Z] [Late-Dbg] User 63 Final: LateCount=1, Amt=40, Days=0.04
[2026-06-18T08:22:36.111Z] [Late-Dbg] User 64 Final: LateCount=0, Amt=0, Days=0
[2026-06-18T08:22:36.193Z] [Late-Dbg] User 65 Final: LateCount=2, Amt=30, Days=0.03
[2026-06-18T08:22:36.312Z] [Late-Dbg] User 68 Final: LateCount=0, Amt=0, Days=0
[2026-06-18T08:22:36.538Z] [Late-Dbg] User 69 Final: LateCount=0, Amt=0, Days=0
[2026-06-18T08:22:37.271Z] [Late-Dbg] User 70 Final: LateCount=0, Amt=0, Days=0
[2026-06-18T08:22:37.305Z] [Late-Dbg] User 98 Final: LateCount=0, Amt=0, Days=0
[2026-06-18T08:22:37.334Z] [Late-Dbg] User 103 Final: LateCount=0, Amt=0, Days=0
[2026-06-18T08:22:37.379Z] [Late-Dbg] User 107 Final: LateCount=0, Amt=0, Days=0
[2026-06-18T08:22:37.435Z] [Late-Dbg] User 108 Final: LateCount=0, Amt=0, Days=0
[2026-06-18T08:22:37.557Z] [Late-Dbg] User 109 Final: LateCount=1, Amt=0, Days=0
[2026-06-18T08:22:37.811Z] [Late-Dbg] User 182 Final: LateCount=1, Amt=30, Days=0.03
[2026-06-18T08:22:38.308Z] [Late-Dbg] User 185 Final: LateCount=0, Amt=0, Days=0
[2026-06-18T08:22:39.650Z] [Late-Dbg] User 186 Final: LateCount=0, Amt=0, Days=0
[2026-06-18T08:24:57.126Z] [Late-Dbg] User 57 Final: LateCount=2, Amt=60, Days=0.05
[Admin-Bonus] SKIP: User 57, Rule Active=true, RuleMonth=2026-04, TargetMonth=2026-05
[2026-06-18T08:24:57.749Z] [Late-Dbg] User 58 Final: LateCount=0, Amt=0, Days=0
[Admin-Bonus] SKIP: User 58, Rule Active=true, RuleMonth=2026-04, TargetMonth=2026-05
[2026-06-18T08:24:57.887Z] [Late-Dbg] User 59 Final: LateCount=3, Amt=583.33, Days=0.5
[2026-06-18T08:24:58.110Z] [Late-Dbg] User 61 Final: LateCount=0, Amt=0, Days=0
[2026-06-18T08:24:58.178Z] [Late-Dbg] User 62 Final: LateCount=0, Amt=0, Days=0
[2026-06-18T08:24:58.256Z] [Late-Dbg] User 63 Final: LateCount=1, Amt=40, Days=0.04
[2026-06-18T08:24:58.338Z] [Late-Dbg] User 64 Final: LateCount=0, Amt=0, Days=0
[2026-06-18T08:24:58.423Z] [Late-Dbg] User 65 Final: LateCount=2, Amt=30, Days=0.03
[2026-06-18T08:24:58.559Z] [Late-Dbg] User 68 Final: LateCount=0, Amt=0, Days=0
[2026-06-18T08:24:58.865Z] [Late-Dbg] User 69 Final: LateCount=0, Amt=0, Days=0
[2026-06-18T08:24:59.526Z] [Late-Dbg] User 70 Final: LateCount=0, Amt=0, Days=0
[2026-06-18T08:24:59.575Z] [Late-Dbg] User 98 Final: LateCount=0, Amt=0, Days=0
[2026-06-18T08:24:59.620Z] [Late-Dbg] User 103 Final: LateCount=0, Amt=0, Days=0
[2026-06-18T08:24:59.678Z] [Late-Dbg] User 107 Final: LateCount=0, Amt=0, Days=0
[2026-06-18T08:24:59.756Z] [Late-Dbg] User 108 Final: LateCount=0, Amt=0, Days=0
[2026-06-18T08:24:59.904Z] [Late-Dbg] User 109 Final: LateCount=1, Amt=0, Days=0
[2026-06-18T08:25:00.321Z] [Late-Dbg] User 182 Final: LateCount=1, Amt=30, Days=0.03
[2026-06-18T08:25:01.022Z] [Late-Dbg] User 185 Final: LateCount=0, Amt=0, Days=0
[2026-06-18T08:25:02.904Z] [Late-Dbg] User 186 Final: LateCount=0, Amt=0, Days=0
[2026-06-18T08:25:34.067Z] [Late-Dbg] User 57 Final: LateCount=2, Amt=60, Days=0.05
[Admin-Bonus] SKIP: User 57, Rule Active=true, RuleMonth=2026-04, TargetMonth=2026-05
[2026-06-18T08:25:34.974Z] [Late-Dbg] User 58 Final: LateCount=0, Amt=0, Days=0
[Admin-Bonus] SKIP: User 58, Rule Active=true, RuleMonth=2026-04, TargetMonth=2026-05
[2026-06-18T08:25:35.185Z] [Late-Dbg] User 59 Final: LateCount=2, Amt=0, Days=0
[2026-06-18T08:25:35.510Z] [Late-Dbg] User 61 Final: LateCount=0, Amt=0, Days=0
[2026-06-18T08:25:35.580Z] [Late-Dbg] User 62 Final: LateCount=0, Amt=0, Days=0
[2026-06-18T08:25:35.696Z] [Late-Dbg] User 63 Final: LateCount=1, Amt=40, Days=0.04
[2026-06-18T08:25:35.816Z] [Late-Dbg] User 64 Final: LateCount=0, Amt=0, Days=0
[2026-06-18T08:25:35.933Z] [Late-Dbg] User 65 Final: LateCount=2, Amt=30, Days=0.03
[2026-06-18T08:25:36.089Z] [Late-Dbg] User 68 Final: LateCount=0, Amt=0, Days=0
[2026-06-18T08:25:36.323Z] [Late-Dbg] User 69 Final: LateCount=0, Amt=0, Days=0
[2026-06-18T08:25:36.960Z] [Late-Dbg] User 70 Final: LateCount=0, Amt=0, Days=0
[2026-06-18T08:25:36.992Z] [Late-Dbg] User 98 Final: LateCount=0, Amt=0, Days=0
[2026-06-18T08:25:37.020Z] [Late-Dbg] User 103 Final: LateCount=0, Amt=0, Days=0
[2026-06-18T08:25:37.064Z] [Late-Dbg] User 107 Final: LateCount=0, Amt=0, Days=0
[2026-06-18T08:25:37.128Z] [Late-Dbg] User 108 Final: LateCount=0, Amt=0, Days=0
[2026-06-18T08:25:37.336Z] [Late-Dbg] User 109 Final: LateCount=1, Amt=0, Days=0
[2026-06-18T08:25:37.620Z] [Late-Dbg] User 182 Final: LateCount=1, Amt=30, Days=0.03
[2026-06-18T08:25:38.434Z] [Late-Dbg] User 185 Final: LateCount=0, Amt=0, Days=0
[2026-06-18T08:25:40.445Z] [Late-Dbg] User 186 Final: LateCount=0, Amt=0, Days=0
[2026-06-19T07:05:14.882Z] [Late-Dbg] User 57 Final: LateCount=2, Amt=60, Days=0.05
[Admin-Bonus] SKIP: User 57, Rule Active=true, RuleMonth=2026-04, TargetMonth=2026-05
[2026-06-19T07:05:15.924Z] [Late-Dbg] User 58 Final: LateCount=0, Amt=0, Days=0
[Admin-Bonus] SKIP: User 58, Rule Active=true, RuleMonth=2026-04, TargetMonth=2026-05
[2026-06-19T07:05:16.158Z] [Late-Dbg] User 59 Final: LateCount=2, Amt=0, Days=0
[2026-06-19T07:05:16.565Z] [Late-Dbg] User 61 Final: LateCount=0, Amt=0, Days=0
[2026-06-19T07:05:16.679Z] [Late-Dbg] User 62 Final: LateCount=0, Amt=0, Days=0
[2026-06-19T07:05:16.796Z] [Late-Dbg] User 63 Final: LateCount=1, Amt=40, Days=0.04
[2026-06-19T07:05:16.910Z] [Late-Dbg] User 64 Final: LateCount=0, Amt=0, Days=0
[2026-06-19T07:05:17.006Z] [Late-Dbg] User 65 Final: LateCount=2, Amt=30, Days=0.03
[2026-06-19T07:05:17.159Z] [Late-Dbg] User 68 Final: LateCount=0, Amt=0, Days=0
[2026-06-19T07:05:17.428Z] [Late-Dbg] User 69 Final: LateCount=0, Amt=0, Days=0
[2026-06-19T07:05:18.040Z] [Late-Dbg] User 70 Final: LateCount=0, Amt=0, Days=0
[2026-06-19T07:05:18.072Z] [Late-Dbg] User 98 Final: LateCount=0, Amt=0, Days=0
[2026-06-19T07:05:18.099Z] [Late-Dbg] User 103 Final: LateCount=0, Amt=0, Days=0
[2026-06-19T07:05:18.132Z] [Late-Dbg] User 107 Final: LateCount=0, Amt=0, Days=0
[2026-06-19T07:05:18.194Z] [Late-Dbg] User 108 Final: LateCount=0, Amt=0, Days=0
[2026-06-19T07:05:18.327Z] [Late-Dbg] User 109 Final: LateCount=1, Amt=0, Days=0
[2026-06-19T07:05:18.807Z] [Late-Dbg] User 182 Final: LateCount=1, Amt=30, Days=0.03
[2026-06-19T07:05:20.142Z] [Late-Dbg] User 185 Final: LateCount=0, Amt=0, Days=0
[2026-06-19T07:05:23.437Z] [Late-Dbg] User 186 Final: LateCount=0, Amt=0, Days=0
[2026-06-23T06:46:05.301Z] [Late-Dbg] User 57 Final: LateCount=2, Amt=60, Days=0.05
[Admin-Bonus] SKIP: User 57, Rule Active=true, RuleMonth=2026-04, TargetMonth=2026-05
[2026-06-23T06:46:05.844Z] [Late-Dbg] User 58 Final: LateCount=0, Amt=0, Days=0
[Admin-Bonus] SKIP: User 58, Rule Active=true, RuleMonth=2026-04, TargetMonth=2026-05
[2026-06-23T06:46:05.970Z] [Late-Dbg] User 59 Final: LateCount=2, Amt=0, Days=0
[2026-06-23T06:46:06.176Z] [Late-Dbg] User 61 Final: LateCount=0, Amt=0, Days=0
[2026-06-23T06:46:06.238Z] [Late-Dbg] User 62 Final: LateCount=0, Amt=0, Days=0
[2026-06-23T06:46:06.327Z] [Late-Dbg] User 63 Final: LateCount=1, Amt=40, Days=0.04
[2026-06-23T06:46:06.409Z] [Late-Dbg] User 64 Final: LateCount=0, Amt=0, Days=0
[2026-06-23T06:46:06.489Z] [Late-Dbg] User 65 Final: LateCount=2, Amt=30, Days=0.03
[2026-06-23T06:46:06.596Z] [Late-Dbg] User 68 Final: LateCount=0, Amt=0, Days=0
[2026-06-23T06:46:06.804Z] [Late-Dbg] User 69 Final: LateCount=0, Amt=0, Days=0
[2026-06-23T06:46:07.183Z] [Late-Dbg] User 70 Final: LateCount=0, Amt=0, Days=0
[2026-06-23T06:46:07.208Z] [Late-Dbg] User 98 Final: LateCount=0, Amt=0, Days=0
[2026-06-23T06:46:07.237Z] [Late-Dbg] User 103 Final: LateCount=0, Amt=0, Days=0
[2026-06-23T06:46:07.272Z] [Late-Dbg] User 107 Final: LateCount=0, Amt=0, Days=0
[2026-06-23T06:46:07.319Z] [Late-Dbg] User 108 Final: LateCount=0, Amt=0, Days=0
[2026-06-23T06:46:07.419Z] [Late-Dbg] User 109 Final: LateCount=1, Amt=0, Days=0
[2026-06-23T06:46:07.627Z] [Late-Dbg] User 182 Final: LateCount=1, Amt=30, Days=0.03
[2026-06-23T06:46:08.163Z] [Late-Dbg] User 185 Final: LateCount=0, Amt=0, Days=0
[2026-06-23T06:46:09.143Z] [Late-Dbg] User 186 Final: LateCount=0, Amt=0, Days=0
[2026-06-23T06:46:51.683Z] [Late-Dbg] User 57 Final: LateCount=2, Amt=60, Days=0.05
[Admin-Bonus] SKIP: User 57, Rule Active=true, RuleMonth=2026-04, TargetMonth=2026-05
[2026-06-23T06:46:52.177Z] [Late-Dbg] User 58 Final: LateCount=0, Amt=0, Days=0
[Admin-Bonus] SKIP: User 58, Rule Active=true, RuleMonth=2026-04, TargetMonth=2026-05
[2026-06-23T06:46:52.282Z] [Late-Dbg] User 59 Final: LateCount=2, Amt=0, Days=0
[2026-06-23T06:46:52.472Z] [Late-Dbg] User 61 Final: LateCount=0, Amt=0, Days=0
[2026-06-23T06:46:52.532Z] [Late-Dbg] User 62 Final: LateCount=0, Amt=0, Days=0
[2026-06-23T06:46:52.602Z] [Late-Dbg] User 63 Final: LateCount=1, Amt=40, Days=0.04
[2026-06-23T06:46:52.674Z] [Late-Dbg] User 64 Final: LateCount=0, Amt=0, Days=0
[2026-06-23T06:46:52.744Z] [Late-Dbg] User 65 Final: LateCount=2, Amt=30, Days=0.03
[2026-06-23T06:46:52.827Z] [Late-Dbg] User 68 Final: LateCount=0, Amt=0, Days=0
[2026-06-23T06:46:52.993Z] [Late-Dbg] User 69 Final: LateCount=0, Amt=0, Days=0
[2026-06-23T06:46:53.400Z] [Late-Dbg] User 70 Final: LateCount=0, Amt=0, Days=0
[2026-06-23T06:46:53.422Z] [Late-Dbg] User 98 Final: LateCount=0, Amt=0, Days=0
[2026-06-23T06:46:53.448Z] [Late-Dbg] User 103 Final: LateCount=0, Amt=0, Days=0
[2026-06-23T06:46:53.485Z] [Late-Dbg] User 107 Final: LateCount=0, Amt=0, Days=0
[2026-06-23T06:46:53.530Z] [Late-Dbg] User 108 Final: LateCount=0, Amt=0, Days=0
[2026-06-23T06:46:53.630Z] [Late-Dbg] User 109 Final: LateCount=1, Amt=0, Days=0
[2026-06-23T06:46:53.842Z] [Late-Dbg] User 182 Final: LateCount=1, Amt=30, Days=0.03
[2026-06-23T06:46:54.308Z] [Late-Dbg] User 185 Final: LateCount=0, Amt=0, Days=0
[2026-06-23T06:46:55.297Z] [Late-Dbg] User 186 Final: LateCount=0, Amt=0, Days=0
[2026-06-23T06:48:05.872Z] [Late-Dbg] User 57 Final: LateCount=2, Amt=60, Days=0.05
[Admin-Bonus] SKIP: User 57, Rule Active=true, RuleMonth=2026-04, TargetMonth=2026-05
[2026-06-23T06:48:06.368Z] [Late-Dbg] User 58 Final: LateCount=0, Amt=0, Days=0
[Admin-Bonus] SKIP: User 58, Rule Active=true, RuleMonth=2026-04, TargetMonth=2026-05
[2026-06-23T06:48:06.462Z] [Late-Dbg] User 59 Final: LateCount=2, Amt=0, Days=0
[2026-06-23T06:48:06.631Z] [Late-Dbg] User 61 Final: LateCount=0, Amt=0, Days=0
[2026-06-23T06:48:06.688Z] [Late-Dbg] User 62 Final: LateCount=0, Amt=0, Days=0
[2026-06-23T06:48:06.751Z] [Late-Dbg] User 63 Final: LateCount=1, Amt=40, Days=0.04
[2026-06-23T06:48:06.814Z] [Late-Dbg] User 64 Final: LateCount=0, Amt=0, Days=0
[2026-06-23T06:48:06.875Z] [Late-Dbg] User 65 Final: LateCount=2, Amt=30, Days=0.03
[2026-06-23T06:48:06.955Z] [Late-Dbg] User 68 Final: LateCount=0, Amt=0, Days=0
[2026-06-23T06:48:07.096Z] [Late-Dbg] User 69 Final: LateCount=0, Amt=0, Days=0
[2026-06-23T06:48:07.403Z] [Late-Dbg] User 70 Final: LateCount=0, Amt=0, Days=0
[2026-06-23T06:48:07.429Z] [Late-Dbg] User 98 Final: LateCount=0, Amt=0, Days=0
[2026-06-23T06:48:07.453Z] [Late-Dbg] User 103 Final: LateCount=0, Amt=0, Days=0
[2026-06-23T06:48:07.485Z] [Late-Dbg] User 107 Final: LateCount=0, Amt=0, Days=0
[2026-06-23T06:48:07.527Z] [Late-Dbg] User 108 Final: LateCount=0, Amt=0, Days=0
[2026-06-23T06:48:07.686Z] [Late-Dbg] User 109 Final: LateCount=1, Amt=0, Days=0
[2026-06-23T06:48:07.874Z] [Late-Dbg] User 182 Final: LateCount=1, Amt=30, Days=0.03
[2026-06-23T06:48:08.295Z] [Late-Dbg] User 185 Final: LateCount=0, Amt=0, Days=0
[2026-06-23T06:48:09.190Z] [Late-Dbg] User 186 Final: LateCount=0, Amt=0, Days=0
[2026-06-23T06:49:08.184Z] [Late-Dbg] User 57 Final: LateCount=2, Amt=60, Days=0.05
[Admin-Bonus] SKIP: User 57, Rule Active=true, RuleMonth=2026-04, TargetMonth=2026-05
[2026-06-23T06:49:08.708Z] [Late-Dbg] User 58 Final: LateCount=0, Amt=0, Days=0
[Admin-Bonus] SKIP: User 58, Rule Active=true, RuleMonth=2026-04, TargetMonth=2026-05
[2026-06-23T06:49:08.808Z] [Late-Dbg] User 59 Final: LateCount=2, Amt=0, Days=0
[2026-06-23T06:49:09.004Z] [Late-Dbg] User 61 Final: LateCount=0, Amt=0, Days=0
[2026-06-23T06:49:09.059Z] [Late-Dbg] User 62 Final: LateCount=0, Amt=0, Days=0
[2026-06-23T06:49:09.119Z] [Late-Dbg] User 63 Final: LateCount=1, Amt=40, Days=0.04
[2026-06-23T06:49:09.185Z] [Late-Dbg] User 64 Final: LateCount=0, Amt=0, Days=0
[2026-06-23T06:49:09.255Z] [Late-Dbg] User 65 Final: LateCount=2, Amt=30, Days=0.03
[2026-06-23T06:49:09.333Z] [Late-Dbg] User 68 Final: LateCount=0, Amt=0, Days=0
[2026-06-23T06:49:09.480Z] [Late-Dbg] User 69 Final: LateCount=0, Amt=0, Days=0
[2026-06-23T06:49:09.807Z] [Late-Dbg] User 70 Final: LateCount=0, Amt=0, Days=0
[2026-06-23T06:49:09.829Z] [Late-Dbg] User 98 Final: LateCount=0, Amt=0, Days=0
[2026-06-23T06:49:09.863Z] [Late-Dbg] User 103 Final: LateCount=0, Amt=0, Days=0
[2026-06-23T06:49:09.900Z] [Late-Dbg] User 107 Final: LateCount=0, Amt=0, Days=0
[2026-06-23T06:49:09.945Z] [Late-Dbg] User 108 Final: LateCount=0, Amt=0, Days=0
[2026-06-23T06:49:10.041Z] [Late-Dbg] User 109 Final: LateCount=1, Amt=0, Days=0
[2026-06-23T06:49:10.232Z] [Late-Dbg] User 182 Final: LateCount=1, Amt=30, Days=0.03
[2026-06-23T06:49:10.656Z] [Late-Dbg] User 185 Final: LateCount=0, Amt=0, Days=0
[2026-06-23T06:49:11.616Z] [Late-Dbg] User 186 Final: LateCount=0, Amt=0, Days=0
[2026-06-23T06:51:00.648Z] [Late-Dbg] User 57 Final: LateCount=2, Amt=60, Days=0.05
[Admin-Bonus] SKIP: User 57, Rule Active=true, RuleMonth=2026-04, TargetMonth=2026-05
[2026-06-23T06:51:01.152Z] [Late-Dbg] User 58 Final: LateCount=0, Amt=0, Days=0
[Admin-Bonus] SKIP: User 58, Rule Active=true, RuleMonth=2026-04, TargetMonth=2026-05
[2026-06-23T06:51:01.249Z] [Late-Dbg] User 59 Final: LateCount=2, Amt=0, Days=0
[2026-06-23T06:51:01.411Z] [Late-Dbg] User 61 Final: LateCount=0, Amt=0, Days=0
[2026-06-23T06:51:01.460Z] [Late-Dbg] User 62 Final: LateCount=0, Amt=0, Days=0
[2026-06-23T06:51:01.514Z] [Late-Dbg] User 63 Final: LateCount=1, Amt=40, Days=0.04
[2026-06-23T06:51:01.578Z] [Late-Dbg] User 64 Final: LateCount=0, Amt=0, Days=0
[2026-06-23T06:51:01.639Z] [Late-Dbg] User 65 Final: LateCount=2, Amt=30, Days=0.03
[2026-06-23T06:51:01.713Z] [Late-Dbg] User 68 Final: LateCount=0, Amt=0, Days=0
[2026-06-23T06:51:01.852Z] [Late-Dbg] User 69 Final: LateCount=0, Amt=0, Days=0
[2026-06-23T06:51:02.223Z] [Late-Dbg] User 70 Final: LateCount=0, Amt=0, Days=0
[2026-06-23T06:51:02.248Z] [Late-Dbg] User 98 Final: LateCount=0, Amt=0, Days=0
[2026-06-23T06:51:02.272Z] [Late-Dbg] User 103 Final: LateCount=0, Amt=0, Days=0
[2026-06-23T06:51:02.304Z] [Late-Dbg] User 107 Final: LateCount=0, Amt=0, Days=0
[2026-06-23T06:51:02.348Z] [Late-Dbg] User 108 Final: LateCount=0, Amt=0, Days=0
[2026-06-23T06:51:02.437Z] [Late-Dbg] User 109 Final: LateCount=1, Amt=0, Days=0
[2026-06-23T06:51:02.623Z] [Late-Dbg] User 182 Final: LateCount=1, Amt=30, Days=0.03
[2026-06-23T06:51:03.033Z] [Late-Dbg] User 185 Final: LateCount=0, Amt=0, Days=0
[2026-06-23T06:51:03.912Z] [Late-Dbg] User 186 Final: LateCount=0, Amt=0, Days=0
[2026-06-23T06:51:41.382Z] [Late-Dbg] User 57 Final: LateCount=2, Amt=60, Days=0.05
[Admin-Bonus] SKIP: User 57, Rule Active=true, RuleMonth=2026-04, TargetMonth=2026-05
[2026-06-23T06:51:41.887Z] [Late-Dbg] User 58 Final: LateCount=0, Amt=0, Days=0
[Admin-Bonus] SKIP: User 58, Rule Active=true, RuleMonth=2026-04, TargetMonth=2026-05
[2026-06-23T06:51:41.985Z] [Late-Dbg] User 59 Final: LateCount=2, Amt=0, Days=0
[2026-06-23T06:51:42.158Z] [Late-Dbg] User 61 Final: LateCount=0, Amt=0, Days=0
[2026-06-23T06:51:42.211Z] [Late-Dbg] User 62 Final: LateCount=0, Amt=0, Days=0
[2026-06-23T06:51:42.267Z] [Late-Dbg] User 63 Final: LateCount=1, Amt=40, Days=0.04
[2026-06-23T06:51:42.343Z] [Late-Dbg] User 64 Final: LateCount=0, Amt=0, Days=0
[2026-06-23T06:51:42.423Z] [Late-Dbg] User 65 Final: LateCount=2, Amt=30, Days=0.03
[2026-06-23T06:51:42.502Z] [Late-Dbg] User 68 Final: LateCount=0, Amt=0, Days=0
[2026-06-23T06:51:42.647Z] [Late-Dbg] User 69 Final: LateCount=0, Amt=0, Days=0
[2026-06-23T06:51:42.960Z] [Late-Dbg] User 70 Final: LateCount=0, Amt=0, Days=0
[2026-06-23T06:51:42.982Z] [Late-Dbg] User 98 Final: LateCount=0, Amt=0, Days=0
[2026-06-23T06:51:43.005Z] [Late-Dbg] User 103 Final: LateCount=0, Amt=0, Days=0
[2026-06-23T06:51:43.041Z] [Late-Dbg] User 107 Final: LateCount=0, Amt=0, Days=0
[2026-06-23T06:51:43.084Z] [Late-Dbg] User 108 Final: LateCount=0, Amt=0, Days=0
[2026-06-23T06:51:43.177Z] [Late-Dbg] User 109 Final: LateCount=1, Amt=0, Days=0
[2026-06-23T06:51:43.373Z] [Late-Dbg] User 182 Final: LateCount=1, Amt=30, Days=0.03
[2026-06-23T06:51:43.802Z] [Late-Dbg] User 185 Final: LateCount=0, Amt=0, Days=0
[2026-06-23T06:51:44.708Z] [Late-Dbg] User 186 Final: LateCount=0, Amt=0, Days=0
[2026-06-23T06:54:14.164Z] [Late-Dbg] User 57 Final: LateCount=2, Amt=60, Days=0.05
[Admin-Bonus] SKIP: User 57, Rule Active=true, RuleMonth=2026-04, TargetMonth=2026-05
[2026-06-23T06:54:14.616Z] [Late-Dbg] User 58 Final: LateCount=0, Amt=0, Days=0
[Admin-Bonus] SKIP: User 58, Rule Active=true, RuleMonth=2026-04, TargetMonth=2026-05
[2026-06-23T06:54:14.768Z] [Late-Dbg] User 59 Final: LateCount=2, Amt=0, Days=0
[2026-06-23T06:54:14.934Z] [Late-Dbg] User 61 Final: LateCount=0, Amt=0, Days=0
[2026-06-23T06:54:14.992Z] [Late-Dbg] User 62 Final: LateCount=0, Amt=0, Days=0
[2026-06-23T06:54:15.051Z] [Late-Dbg] User 63 Final: LateCount=1, Amt=40, Days=0.04
[2026-06-23T06:54:15.126Z] [Late-Dbg] User 64 Final: LateCount=0, Amt=0, Days=0
[2026-06-23T06:54:15.206Z] [Late-Dbg] User 65 Final: LateCount=2, Amt=30, Days=0.03
[2026-06-23T06:54:15.288Z] [Late-Dbg] User 68 Final: LateCount=0, Amt=0, Days=0
[2026-06-23T06:54:15.440Z] [Late-Dbg] User 69 Final: LateCount=0, Amt=0, Days=0
[2026-06-23T06:54:15.757Z] [Late-Dbg] User 70 Final: LateCount=0, Amt=0, Days=0
[2026-06-23T06:54:15.783Z] [Late-Dbg] User 98 Final: LateCount=0, Amt=0, Days=0
[2026-06-23T06:54:15.808Z] [Late-Dbg] User 103 Final: LateCount=0, Amt=0, Days=0
[2026-06-23T06:54:15.842Z] [Late-Dbg] User 107 Final: LateCount=0, Amt=0, Days=0
[2026-06-23T06:54:15.883Z] [Late-Dbg] User 108 Final: LateCount=0, Amt=0, Days=0
[2026-06-23T06:54:15.971Z] [Late-Dbg] User 109 Final: LateCount=1, Amt=0, Days=0
[2026-06-23T06:54:16.175Z] [Late-Dbg] User 182 Final: LateCount=1, Amt=30, Days=0.03
[2026-06-23T06:54:16.604Z] [Late-Dbg] User 185 Final: LateCount=0, Amt=0, Days=0
[2026-06-23T06:54:17.591Z] [Late-Dbg] User 186 Final: LateCount=0, Amt=0, Days=0
[2026-06-23T06:55:14.498Z] [Late-Dbg] User 57 Final: LateCount=2, Amt=60, Days=0.05
[Admin-Bonus] SKIP: User 57, Rule Active=true, RuleMonth=2026-04, TargetMonth=2026-05
[2026-06-23T06:55:14.980Z] [Late-Dbg] User 58 Final: LateCount=0, Amt=0, Days=0
[Admin-Bonus] SKIP: User 58, Rule Active=true, RuleMonth=2026-04, TargetMonth=2026-05
[2026-06-23T06:55:15.077Z] [Late-Dbg] User 59 Final: LateCount=2, Amt=0, Days=0
[2026-06-23T06:55:15.242Z] [Late-Dbg] User 61 Final: LateCount=0, Amt=0, Days=0
[2026-06-23T06:55:15.293Z] [Late-Dbg] User 62 Final: LateCount=0, Amt=0, Days=0
[2026-06-23T06:55:15.348Z] [Late-Dbg] User 63 Final: LateCount=1, Amt=40, Days=0.04
[2026-06-23T06:55:15.424Z] [Late-Dbg] User 64 Final: LateCount=0, Amt=0, Days=0
[2026-06-23T06:55:15.507Z] [Late-Dbg] User 65 Final: LateCount=2, Amt=30, Days=0.03
[2026-06-23T06:55:15.582Z] [Late-Dbg] User 68 Final: LateCount=0, Amt=0, Days=0
[2026-06-23T06:55:15.723Z] [Late-Dbg] User 69 Final: LateCount=0, Amt=0, Days=0
[2026-06-23T06:55:16.041Z] [Late-Dbg] User 70 Final: LateCount=0, Amt=0, Days=0
[2026-06-23T06:55:16.064Z] [Late-Dbg] User 98 Final: LateCount=0, Amt=0, Days=0
[2026-06-23T06:55:16.091Z] [Late-Dbg] User 103 Final: LateCount=0, Amt=0, Days=0
[2026-06-23T06:55:16.122Z] [Late-Dbg] User 107 Final: LateCount=0, Amt=0, Days=0
[2026-06-23T06:55:16.162Z] [Late-Dbg] User 108 Final: LateCount=0, Amt=0, Days=0
[2026-06-23T06:55:16.249Z] [Late-Dbg] User 109 Final: LateCount=1, Amt=0, Days=0
[2026-06-23T06:55:16.440Z] [Late-Dbg] User 182 Final: LateCount=1, Amt=30, Days=0.03
[2026-06-23T06:55:16.857Z] [Late-Dbg] User 185 Final: LateCount=0, Amt=0, Days=0
[2026-06-23T06:55:17.753Z] [Late-Dbg] User 186 Final: LateCount=0, Amt=0, Days=0
[2026-06-23T06:56:19.971Z] [Late-Dbg] User 57 Final: LateCount=0, Amt=0, Days=0
[Admin-Bonus] SKIP: User 57, Rule Active=true, RuleMonth=2026-04, TargetMonth=2026-06
[2026-06-23T06:56:20.055Z] [Late-Dbg] User 58 Final: LateCount=0, Amt=0, Days=0
[Admin-Bonus] SKIP: User 58, Rule Active=true, RuleMonth=2026-04, TargetMonth=2026-06
[2026-06-23T06:56:20.151Z] [Late-Dbg] User 59 Final: LateCount=2, Amt=583.33, Days=0.5
[2026-06-23T06:56:20.258Z] [Late-Dbg] User 61 Final: LateCount=0, Amt=0, Days=0
[2026-06-23T06:56:20.290Z] [Late-Dbg] User 62 Final: LateCount=0, Amt=0, Days=0
[2026-06-23T06:56:20.320Z] [Late-Dbg] User 63 Final: LateCount=0, Amt=0, Days=0
[2026-06-23T06:56:20.361Z] [Late-Dbg] User 64 Final: LateCount=0, Amt=0, Days=0
[2026-06-23T06:56:20.408Z] [Late-Dbg] User 65 Final: LateCount=0, Amt=0, Days=0
[2026-06-23T06:56:20.439Z] [Late-Dbg] User 68 Final: LateCount=0, Amt=0, Days=0
[2026-06-23T06:56:20.551Z] [Late-Dbg] User 69 Final: LateCount=0, Amt=0, Days=0
[2026-06-23T06:56:20.776Z] [Late-Dbg] User 70 Final: LateCount=0, Amt=0, Days=0
[2026-06-23T06:56:20.851Z] [Late-Dbg] User 98 Final: LateCount=0, Amt=0, Days=0
[2026-06-23T06:56:20.887Z] [Late-Dbg] User 103 Final: LateCount=0, Amt=0, Days=0
[2026-06-23T06:56:20.909Z] [Late-Dbg] User 107 Final: LateCount=0, Amt=0, Days=0
[2026-06-23T06:56:20.932Z] [Late-Dbg] User 108 Final: LateCount=0, Amt=0, Days=0
[2026-06-23T06:56:20.958Z] [Late-Dbg] User 109 Final: LateCount=0, Amt=0, Days=0
[2026-06-23T06:56:20.992Z] [Late-Dbg] User 182 Final: LateCount=0, Amt=0, Days=0
[2026-06-23T06:56:21.102Z] [Late-Dbg] User 185 Final: LateCount=0, Amt=0, Days=0
[2026-06-23T06:56:21.362Z] [Late-Dbg] User 186 Final: LateCount=0, Amt=0, Days=0
[2026-06-23T06:56:42.926Z] [Late-Dbg] User 57 Final: LateCount=2, Amt=60, Days=0.05
[Admin-Bonus] SKIP: User 57, Rule Active=true, RuleMonth=2026-04, TargetMonth=2026-05
[2026-06-23T06:56:43.482Z] [Late-Dbg] User 58 Final: LateCount=0, Amt=0, Days=0
[Admin-Bonus] SKIP: User 58, Rule Active=true, RuleMonth=2026-04, TargetMonth=2026-05
[2026-06-23T06:56:43.578Z] [Late-Dbg] User 59 Final: LateCount=2, Amt=0, Days=0
[2026-06-23T06:56:43.747Z] [Late-Dbg] User 61 Final: LateCount=0, Amt=0, Days=0
[2026-06-23T06:56:43.799Z] [Late-Dbg] User 62 Final: LateCount=0, Amt=0, Days=0
[2026-06-23T06:56:43.860Z] [Late-Dbg] User 63 Final: LateCount=1, Amt=40, Days=0.04
[2026-06-23T06:56:43.927Z] [Late-Dbg] User 64 Final: LateCount=0, Amt=0, Days=0
[2026-06-23T06:56:43.992Z] [Late-Dbg] User 65 Final: LateCount=2, Amt=30, Days=0.03
[2026-06-23T06:56:44.073Z] [Late-Dbg] User 68 Final: LateCount=0, Amt=0, Days=0
[2026-06-23T06:56:44.210Z] [Late-Dbg] User 69 Final: LateCount=0, Amt=0, Days=0
[2026-06-23T06:56:44.521Z] [Late-Dbg] User 70 Final: LateCount=0, Amt=0, Days=0
[2026-06-23T06:56:44.541Z] [Late-Dbg] User 98 Final: LateCount=0, Amt=0, Days=0
[2026-06-23T06:56:44.568Z] [Late-Dbg] User 103 Final: LateCount=0, Amt=0, Days=0
[2026-06-23T06:56:44.599Z] [Late-Dbg] User 107 Final: LateCount=0, Amt=0, Days=0
[2026-06-23T06:56:44.643Z] [Late-Dbg] User 108 Final: LateCount=0, Amt=0, Days=0
[2026-06-23T06:56:44.735Z] [Late-Dbg] User 109 Final: LateCount=1, Amt=0, Days=0
[2026-06-23T06:56:44.929Z] [Late-Dbg] User 182 Final: LateCount=1, Amt=30, Days=0.03
[2026-06-23T06:56:45.342Z] [Late-Dbg] User 185 Final: LateCount=0, Amt=0, Days=0
[2026-06-23T06:56:46.252Z] [Late-Dbg] User 186 Final: LateCount=0, Amt=0, Days=0
[2026-06-23T06:57:15.886Z] [Late-Dbg] User 57 Final: LateCount=2, Amt=60, Days=0.05
[Admin-Bonus] SKIP: User 57, Rule Active=true, RuleMonth=2026-04, TargetMonth=2026-05
[2026-06-23T06:57:16.347Z] [Late-Dbg] User 58 Final: LateCount=0, Amt=0, Days=0
[Admin-Bonus] SKIP: User 58, Rule Active=true, RuleMonth=2026-04, TargetMonth=2026-05
[2026-06-23T06:57:16.442Z] [Late-Dbg] User 59 Final: LateCount=2, Amt=0, Days=0
[2026-06-23T06:57:16.609Z] [Late-Dbg] User 61 Final: LateCount=0, Amt=0, Days=0
[2026-06-23T06:57:16.661Z] [Late-Dbg] User 62 Final: LateCount=0, Amt=0, Days=0
[2026-06-23T06:57:16.720Z] [Late-Dbg] User 63 Final: LateCount=1, Amt=40, Days=0.04
[2026-06-23T06:57:16.775Z] [Late-Dbg] User 64 Final: LateCount=0, Amt=0, Days=0
[2026-06-23T06:57:16.825Z] [Late-Dbg] User 65 Final: LateCount=2, Amt=30, Days=0.03
[2026-06-23T06:57:16.904Z] [Late-Dbg] User 68 Final: LateCount=0, Amt=0, Days=0
[2026-06-23T06:57:17.039Z] [Late-Dbg] User 69 Final: LateCount=0, Amt=0, Days=0
[2026-06-23T06:57:17.346Z] [Late-Dbg] User 70 Final: LateCount=0, Amt=0, Days=0
[2026-06-23T06:57:17.372Z] [Late-Dbg] User 98 Final: LateCount=0, Amt=0, Days=0
[2026-06-23T06:57:17.394Z] [Late-Dbg] User 103 Final: LateCount=0, Amt=0, Days=0
[2026-06-23T06:57:17.426Z] [Late-Dbg] User 107 Final: LateCount=0, Amt=0, Days=0
[2026-06-23T06:57:17.464Z] [Late-Dbg] User 108 Final: LateCount=0, Amt=0, Days=0
[2026-06-23T06:57:17.556Z] [Late-Dbg] User 109 Final: LateCount=1, Amt=0, Days=0
[2026-06-23T06:57:17.743Z] [Late-Dbg] User 182 Final: LateCount=1, Amt=30, Days=0.03
[2026-06-23T06:57:18.159Z] [Late-Dbg] User 185 Final: LateCount=0, Amt=0, Days=0
[2026-06-23T06:57:19.041Z] [Late-Dbg] User 186 Final: LateCount=0, Amt=0, Days=0
[2026-06-23T06:58:37.173Z] [Late-Dbg] User 57 Final: LateCount=2, Amt=60, Days=0.05
[Admin-Bonus] SKIP: User 57, Rule Active=true, RuleMonth=2026-04, TargetMonth=2026-05
[2026-06-23T06:58:37.680Z] [Late-Dbg] User 58 Final: LateCount=0, Amt=0, Days=0
[Admin-Bonus] SKIP: User 58, Rule Active=true, RuleMonth=2026-04, TargetMonth=2026-05
[2026-06-23T06:58:37.775Z] [Late-Dbg] User 59 Final: LateCount=2, Amt=0, Days=0
[2026-06-23T06:58:37.953Z] [Late-Dbg] User 61 Final: LateCount=0, Amt=0, Days=0
[2026-06-23T06:58:38.006Z] [Late-Dbg] User 62 Final: LateCount=0, Amt=0, Days=0
[2026-06-23T06:58:38.065Z] [Late-Dbg] User 63 Final: LateCount=1, Amt=40, Days=0.04
[2026-06-23T06:58:38.121Z] [Late-Dbg] User 64 Final: LateCount=0, Amt=0, Days=0
[2026-06-23T06:58:38.171Z] [Late-Dbg] User 65 Final: LateCount=2, Amt=30, Days=0.03
[2026-06-23T06:58:38.248Z] [Late-Dbg] User 68 Final: LateCount=0, Amt=0, Days=0
[2026-06-23T06:58:38.392Z] [Late-Dbg] User 69 Final: LateCount=0, Amt=0, Days=0
[2026-06-23T06:58:38.706Z] [Late-Dbg] User 70 Final: LateCount=0, Amt=0, Days=0
[2026-06-23T06:58:38.728Z] [Late-Dbg] User 98 Final: LateCount=0, Amt=0, Days=0
[2026-06-23T06:58:38.754Z] [Late-Dbg] User 103 Final: LateCount=0, Amt=0, Days=0
[2026-06-23T06:58:38.785Z] [Late-Dbg] User 107 Final: LateCount=0, Amt=0, Days=0
[2026-06-23T06:58:38.826Z] [Late-Dbg] User 108 Final: LateCount=0, Amt=0, Days=0
[2026-06-23T06:58:38.916Z] [Late-Dbg] User 109 Final: LateCount=1, Amt=0, Days=0
[2026-06-23T06:58:39.107Z] [Late-Dbg] User 182 Final: LateCount=1, Amt=30, Days=0.03
[2026-06-23T06:58:39.525Z] [Late-Dbg] User 185 Final: LateCount=0, Amt=0, Days=0
[2026-06-23T06:58:40.410Z] [Late-Dbg] User 186 Final: LateCount=0, Amt=0, Days=0
[2026-06-23T06:58:45.352Z] [Late-Dbg] User 57 Final: LateCount=0, Amt=0, Days=0
[Admin-Bonus] SKIP: User 57, Rule Active=true, RuleMonth=2026-04, TargetMonth=2026-06
[2026-06-23T06:58:45.474Z] [Late-Dbg] User 58 Final: LateCount=0, Amt=0, Days=0
[Admin-Bonus] SKIP: User 58, Rule Active=true, RuleMonth=2026-04, TargetMonth=2026-06
[2026-06-23T06:58:45.642Z] [Late-Dbg] User 59 Final: LateCount=2, Amt=583.33, Days=0.5
[2026-06-23T06:58:45.754Z] [Late-Dbg] User 61 Final: LateCount=0, Amt=0, Days=0
[2026-06-23T06:58:45.784Z] [Late-Dbg] User 62 Final: LateCount=0, Amt=0, Days=0
[2026-06-23T06:58:45.815Z] [Late-Dbg] User 63 Final: LateCount=0, Amt=0, Days=0
[2026-06-23T06:58:45.855Z] [Late-Dbg] User 64 Final: LateCount=0, Amt=0, Days=0
[2026-06-23T06:58:45.906Z] [Late-Dbg] User 65 Final: LateCount=0, Amt=0, Days=0
[2026-06-23T06:58:45.938Z] [Late-Dbg] User 68 Final: LateCount=0, Amt=0, Days=0
[2026-06-23T06:58:46.075Z] [Late-Dbg] User 69 Final: LateCount=0, Amt=0, Days=0
[2026-06-23T06:58:46.319Z] [Late-Dbg] User 70 Final: LateCount=0, Amt=0, Days=0
[2026-06-23T06:58:46.340Z] [Late-Dbg] User 98 Final: LateCount=0, Amt=0, Days=0
[2026-06-23T06:58:46.364Z] [Late-Dbg] User 103 Final: LateCount=0, Amt=0, Days=0
[2026-06-23T06:58:46.388Z] [Late-Dbg] User 107 Final: LateCount=0, Amt=0, Days=0
[2026-06-23T06:58:46.411Z] [Late-Dbg] User 108 Final: LateCount=0, Amt=0, Days=0
[2026-06-23T06:58:46.440Z] [Late-Dbg] User 109 Final: LateCount=0, Amt=0, Days=0
[2026-06-23T06:58:46.475Z] [Late-Dbg] User 182 Final: LateCount=0, Amt=0, Days=0
[2026-06-23T06:58:46.606Z] [Late-Dbg] User 185 Final: LateCount=0, Amt=0, Days=0
[2026-06-23T06:58:46.920Z] [Late-Dbg] User 186 Final: LateCount=0, Amt=0, Days=0
[2026-06-25T06:08:04.898Z] [Late-Dbg] User 57 Final: LateCount=0, Amt=0, Days=0
[Admin-Bonus] SKIP: User 57, Rule Active=true, RuleMonth=2026-04, TargetMonth=2026-06
[2026-06-25T06:08:05.053Z] [Late-Dbg] User 58 Final: LateCount=0, Amt=0, Days=0
[Admin-Bonus] SKIP: User 58, Rule Active=true, RuleMonth=2026-04, TargetMonth=2026-06
[2026-06-25T06:08:05.223Z] [Late-Dbg] User 59 Final: LateCount=2, Amt=583.33, Days=0.5
[2026-06-25T06:08:05.399Z] [Late-Dbg] User 61 Final: LateCount=0, Amt=0, Days=0
[2026-06-25T06:08:05.446Z] [Late-Dbg] User 62 Final: LateCount=0, Amt=0, Days=0
[2026-06-25T06:08:05.496Z] [Late-Dbg] User 63 Final: LateCount=0, Amt=0, Days=0
[2026-06-25T06:08:05.568Z] [Late-Dbg] User 64 Final: LateCount=0, Amt=0, Days=0
[2026-06-25T06:08:05.643Z] [Late-Dbg] User 65 Final: LateCount=0, Amt=0, Days=0
[2026-06-25T06:08:05.690Z] [Late-Dbg] User 68 Final: LateCount=0, Amt=0, Days=0
[2026-06-25T06:08:05.897Z] [Late-Dbg] User 69 Final: LateCount=0, Amt=0, Days=0
[2026-06-25T06:08:06.338Z] [Late-Dbg] User 70 Final: LateCount=0, Amt=0, Days=0
[2026-06-25T06:08:06.384Z] [Late-Dbg] User 98 Final: LateCount=0, Amt=0, Days=0
[2026-06-25T06:08:06.498Z] [Late-Dbg] User 103 Final: LateCount=0, Amt=0, Days=0
[2026-06-25T06:08:06.539Z] [Late-Dbg] User 107 Final: LateCount=0, Amt=0, Days=0
[2026-06-25T06:08:06.573Z] [Late-Dbg] User 108 Final: LateCount=0, Amt=0, Days=0
[2026-06-25T06:08:06.606Z] [Late-Dbg] User 109 Final: LateCount=0, Amt=0, Days=0
[2026-06-25T06:08:06.664Z] [Late-Dbg] User 182 Final: LateCount=0, Amt=0, Days=0
[2026-06-25T06:08:06.897Z] [Late-Dbg] User 185 Final: LateCount=0, Amt=0, Days=0
[2026-06-25T06:08:07.375Z] [Late-Dbg] User 186 Final: LateCount=0, Amt=0, Days=0
[2026-06-25T06:10:09.473Z] [Late-Dbg] User 57 Final: LateCount=0, Amt=0, Days=0
[Admin-Bonus] SKIP: User 57, Rule Active=true, RuleMonth=2026-04, TargetMonth=2026-06
[2026-06-25T06:10:09.588Z] [Late-Dbg] User 58 Final: LateCount=0, Amt=0, Days=0
[Admin-Bonus] SKIP: User 58, Rule Active=true, RuleMonth=2026-04, TargetMonth=2026-06
[2026-06-25T06:10:09.732Z] [Late-Dbg] User 59 Final: LateCount=2, Amt=583.33, Days=0.5
[2026-06-25T06:10:09.887Z] [Late-Dbg] User 61 Final: LateCount=0, Amt=0, Days=0
[2026-06-25T06:10:09.934Z] [Late-Dbg] User 62 Final: LateCount=0, Amt=0, Days=0
[2026-06-25T06:10:09.978Z] [Late-Dbg] User 63 Final: LateCount=0, Amt=0, Days=0
[2026-06-25T06:10:10.040Z] [Late-Dbg] User 64 Final: LateCount=0, Amt=0, Days=0
[2026-06-25T06:10:10.137Z] [Late-Dbg] User 65 Final: LateCount=1, Amt=1133.33, Days=1
[2026-06-25T06:10:10.217Z] [Late-Dbg] User 68 Final: LateCount=0, Amt=0, Days=0
[2026-06-25T06:10:10.415Z] [Late-Dbg] User 69 Final: LateCount=0, Amt=0, Days=0
[2026-06-25T06:10:10.849Z] [Late-Dbg] User 70 Final: LateCount=0, Amt=0, Days=0
[2026-06-25T06:10:10.888Z] [Late-Dbg] User 98 Final: LateCount=0, Amt=0, Days=0
[2026-06-25T06:10:10.921Z] [Late-Dbg] User 103 Final: LateCount=0, Amt=0, Days=0
[2026-06-25T06:10:10.958Z] [Late-Dbg] User 107 Final: LateCount=0, Amt=0, Days=0
[2026-06-25T06:10:11.000Z] [Late-Dbg] User 108 Final: LateCount=0, Amt=0, Days=0
[2026-06-25T06:10:11.039Z] [Late-Dbg] User 109 Final: LateCount=0, Amt=0, Days=0
[2026-06-25T06:10:11.099Z] [Late-Dbg] User 182 Final: LateCount=0, Amt=0, Days=0
[2026-06-25T06:10:11.269Z] [Late-Dbg] User 185 Final: LateCount=0, Amt=0, Days=0
[2026-06-25T06:10:11.703Z] [Late-Dbg] User 186 Final: LateCount=0, Amt=0, Days=0
[2026-06-27T10:10:08.179Z] [Late-Dbg] User 57 Final: LateCount=0, Amt=0, Days=0
[Admin-Bonus] SKIP: User 57, Rule Active=true, RuleMonth=2026-04, TargetMonth=2026-06
[2026-06-27T10:10:08.380Z] [Late-Dbg] User 58 Final: LateCount=0, Amt=0, Days=0
[Admin-Bonus] SKIP: User 58, Rule Active=true, RuleMonth=2026-04, TargetMonth=2026-06
[2026-06-27T10:10:08.608Z] [Late-Dbg] User 59 Final: LateCount=2, Amt=583.33, Days=0.5
[2026-06-27T10:10:08.818Z] [Late-Dbg] User 61 Final: LateCount=0, Amt=0, Days=0
[2026-06-27T10:10:08.869Z] [Late-Dbg] User 62 Final: LateCount=0, Amt=0, Days=0
[2026-06-27T10:10:08.919Z] [Late-Dbg] User 63 Final: LateCount=0, Amt=0, Days=0
[2026-06-27T10:10:08.999Z] [Late-Dbg] User 64 Final: LateCount=0, Amt=0, Days=0
[2026-06-27T10:10:09.118Z] [Late-Dbg] User 65 Final: LateCount=1, Amt=1133.33, Days=1
[2026-06-27T10:10:09.217Z] [Late-Dbg] User 68 Final: LateCount=0, Amt=0, Days=0
[2026-06-27T10:10:09.613Z] [Late-Dbg] User 69 Final: LateCount=0, Amt=0, Days=0
[2026-06-27T10:10:10.515Z] [Late-Dbg] User 70 Final: LateCount=0, Amt=0, Days=0
[2026-06-27T10:10:10.618Z] [Late-Dbg] User 98 Final: LateCount=0, Amt=0, Days=0
[2026-06-27T10:10:10.696Z] [Late-Dbg] User 103 Final: LateCount=0, Amt=0, Days=0
[2026-06-27T10:10:10.752Z] [Late-Dbg] User 107 Final: LateCount=0, Amt=0, Days=0
[2026-06-27T10:10:10.805Z] [Late-Dbg] User 108 Final: LateCount=0, Amt=0, Days=0
[2026-06-27T10:10:10.866Z] [Late-Dbg] User 109 Final: LateCount=0, Amt=0, Days=0
[2026-06-27T10:10:10.953Z] [Late-Dbg] User 182 Final: LateCount=0, Amt=0, Days=0
[2026-06-27T10:10:11.319Z] [Late-Dbg] User 185 Final: LateCount=0, Amt=0, Days=0
[2026-06-27T10:10:11.845Z] [Late-Dbg] User 186 Final: LateCount=0, Amt=0, Days=0
[2026-07-01T11:01:28.344Z] [User 57] calculateSalary (Existing): lpResult: {"latePunchInMinutes":0,"latePunchInPenalty":0,"latePenaltyDays":0,"lateCount":0,"lateDetails":[]}
[2026-07-01T11:01:28.508Z] [User 57] calculateSalary (Existing): lpResult: {"latePunchInMinutes":0,"latePunchInPenalty":0,"latePenaltyDays":0,"lateCount":0,"lateDetails":[]}
[2026-07-01T11:01:46.079Z] [User 57] calculateSalary (Existing): lpResult: {"latePunchInMinutes":0,"latePunchInPenalty":0,"latePenaltyDays":0,"lateCount":0,"lateDetails":[]}
[2026-07-01T11:01:46.175Z] [User 57] calculateSalary (Existing): lpResult: {"latePunchInMinutes":0,"latePunchInPenalty":0,"latePenaltyDays":0,"lateCount":0,"lateDetails":[]}
[2026-07-01T11:03:10.841Z] [User 57] calculateSalary (Live): lpResult: {"latePunchInMinutes":0,"latePunchInPenalty":0,"latePenaltyDays":0,"lateCount":0,"lateDetails":[]}
[2026-07-01T11:03:11.023Z] [User 57] calculateSalary (Live): lpResult: {"latePunchInMinutes":0,"latePunchInPenalty":0,"latePenaltyDays":0,"lateCount":0,"lateDetails":[]}
[2026-07-01T11:03:29.937Z] [User 57] calculateSalary (Live): lpResult: {"latePunchInMinutes":0,"latePunchInPenalty":0,"latePenaltyDays":0,"lateCount":0,"lateDetails":[]}
[2026-07-01T11:03:30.409Z] [User 57] calculateSalary (Live): lpResult: {"latePunchInMinutes":0,"latePunchInPenalty":0,"latePenaltyDays":0,"lateCount":0,"lateDetails":[]}
[2026-07-01T11:03:59.044Z] [User 57] Date 2026-06-27: HOLIDAY PRESENT. Multiplier=1. New Present Total=21
[2026-07-01T11:03:59.060Z] [User 57] calculateSalary (Live): lpResult: {"latePunchInMinutes":0,"latePunchInPenalty":0,"latePenaltyDays":0,"lateCount":0,"lateDetails":[]}
[2026-07-01T11:03:59.212Z] [User 57] Date 2026-06-27: HOLIDAY PRESENT. Multiplier=1. New Present Total=21
[2026-07-01T11:03:59.212Z] [User 57] Date 2026-06-28: WEEKLY_OFF PRESENT. Multiplier=1. New Present Total=22
[2026-07-01T11:03:59.220Z] [User 57] calculateSalary (Live): lpResult: {"latePunchInMinutes":0,"latePunchInPenalty":0,"latePenaltyDays":0,"lateCount":0,"lateDetails":[]}
[2026-07-01T11:05:51.495Z] [Late-Dbg] User 57 Final: LateCount=0, Amt=0, Days=0
[Admin-Bonus] SKIP: User 57, Rule Active=true, RuleMonth=2026-04, TargetMonth=2026-06
[2026-07-01T11:05:51.605Z] [Late-Dbg] User 58 Final: LateCount=0, Amt=0, Days=0
[Admin-Bonus] SKIP: User 58, Rule Active=true, RuleMonth=2026-04, TargetMonth=2026-06
[2026-07-01T11:05:51.773Z] [Late-Dbg] User 59 Final: LateCount=2, Amt=583.33, Days=0.5
[2026-07-01T11:05:51.962Z] [Late-Dbg] User 61 Final: LateCount=0, Amt=0, Days=0
[2026-07-01T11:05:52.014Z] [Late-Dbg] User 62 Final: LateCount=0, Amt=0, Days=0
[2026-07-01T11:05:52.064Z] [Late-Dbg] User 63 Final: LateCount=0, Amt=0, Days=0
[2026-07-01T11:05:52.140Z] [Late-Dbg] User 64 Final: LateCount=0, Amt=0, Days=0
[2026-07-01T11:05:52.249Z] [Late-Dbg] User 65 Final: LateCount=1, Amt=1133.33, Days=1
[2026-07-01T11:05:52.336Z] [Late-Dbg] User 68 Final: LateCount=0, Amt=0, Days=0
[2026-07-01T11:05:52.658Z] [Late-Dbg] User 69 Final: LateCount=0, Amt=0, Days=0
[2026-07-01T11:05:53.289Z] [Late-Dbg] User 70 Final: LateCount=0, Amt=0, Days=0
[2026-07-01T11:05:53.334Z] [Late-Dbg] User 98 Final: LateCount=0, Amt=0, Days=0
[2026-07-01T11:05:53.380Z] [Late-Dbg] User 103 Final: LateCount=0, Amt=0, Days=0
[2026-07-01T11:05:53.410Z] [Late-Dbg] User 107 Final: LateCount=0, Amt=0, Days=0
[2026-07-01T11:05:53.441Z] [Late-Dbg] User 108 Final: LateCount=0, Amt=0, Days=0
[2026-07-01T11:05:53.476Z] [Late-Dbg] User 109 Final: LateCount=0, Amt=0, Days=0
[2026-07-01T11:05:53.545Z] [Late-Dbg] User 182 Final: LateCount=0, Amt=0, Days=0
[2026-07-01T11:05:53.775Z] [Late-Dbg] User 185 Final: LateCount=0, Amt=0, Days=0
[2026-07-01T11:05:54.267Z] [Late-Dbg] User 186 Final: LateCount=0, Amt=0, Days=0
[2026-07-01T11:08:43.576Z] [Late-Dbg] User 57 Final: LateCount=0, Amt=0, Days=0
[Admin-Bonus] SKIP: User 57, Rule Active=true, RuleMonth=2026-04, TargetMonth=2026-05
[2026-07-01T11:08:44.080Z] [Late-Dbg] User 58 Final: LateCount=0, Amt=0, Days=0
[Admin-Bonus] SKIP: User 58, Rule Active=true, RuleMonth=2026-04, TargetMonth=2026-05
[2026-07-01T11:08:44.361Z] [Late-Dbg] User 59 Final: LateCount=2, Amt=0, Days=0
[2026-07-01T11:08:44.677Z] [Late-Dbg] User 61 Final: LateCount=0, Amt=0, Days=0
[2026-07-01T11:08:44.788Z] [Late-Dbg] User 62 Final: LateCount=0, Amt=0, Days=0
[2026-07-01T11:08:44.911Z] [Late-Dbg] User 63 Final: LateCount=1, Amt=40, Days=0.04
[2026-07-01T11:08:45.016Z] [Late-Dbg] User 64 Final: LateCount=0, Amt=0, Days=0
[2026-07-01T11:08:45.095Z] [Late-Dbg] User 65 Final: LateCount=0, Amt=0, Days=0
[2026-07-01T11:08:45.243Z] [Late-Dbg] User 68 Final: LateCount=0, Amt=0, Days=0
[2026-07-01T11:08:45.458Z] [Late-Dbg] User 69 Final: LateCount=0, Amt=0, Days=0
[2026-07-01T11:08:46.159Z] [Late-Dbg] User 70 Final: LateCount=0, Amt=0, Days=0
[2026-07-01T11:08:46.207Z] [Late-Dbg] User 98 Final: LateCount=0, Amt=0, Days=0
[2026-07-01T11:08:46.258Z] [Late-Dbg] User 103 Final: LateCount=0, Amt=0, Days=0
[2026-07-01T11:08:46.323Z] [Late-Dbg] User 107 Final: LateCount=0, Amt=0, Days=0
[2026-07-01T11:08:46.398Z] [Late-Dbg] User 108 Final: LateCount=0, Amt=0, Days=0
[2026-07-01T11:08:46.528Z] [Late-Dbg] User 109 Final: LateCount=1, Amt=0, Days=0
[2026-07-01T11:08:46.827Z] [Late-Dbg] User 182 Final: LateCount=1, Amt=30, Days=0.03
[2026-07-01T11:08:47.713Z] [Late-Dbg] User 185 Final: LateCount=0, Amt=0, Days=0
[2026-07-01T11:08:49.467Z] [Late-Dbg] User 186 Final: LateCount=0, Amt=0, Days=0
[2026-07-01T11:09:20.528Z] [Late-Dbg] User 57 Final: LateCount=0, Amt=0, Days=0
[Admin-Bonus] SKIP: User 57, Rule Active=true, RuleMonth=2026-04, TargetMonth=2026-05
[2026-07-01T11:09:21.012Z] [Late-Dbg] User 58 Final: LateCount=0, Amt=0, Days=0
[Admin-Bonus] SKIP: User 58, Rule Active=true, RuleMonth=2026-04, TargetMonth=2026-05
[2026-07-01T11:09:21.158Z] [Late-Dbg] User 59 Final: LateCount=2, Amt=0, Days=0
[2026-07-01T11:09:21.444Z] [Late-Dbg] User 61 Final: LateCount=0, Amt=0, Days=0
[2026-07-01T11:09:21.527Z] [Late-Dbg] User 62 Final: LateCount=0, Amt=0, Days=0
[2026-07-01T11:09:21.619Z] [Late-Dbg] User 63 Final: LateCount=1, Amt=40, Days=0.04
[2026-07-01T11:09:21.710Z] [Late-Dbg] User 64 Final: LateCount=0, Amt=0, Days=0
[2026-07-01T11:09:21.791Z] [Late-Dbg] User 65 Final: LateCount=0, Amt=0, Days=0
[2026-07-01T11:09:21.941Z] [Late-Dbg] User 68 Final: LateCount=0, Amt=0, Days=0
[2026-07-01T11:09:22.204Z] [Late-Dbg] User 69 Final: LateCount=0, Amt=0, Days=0
[2026-07-01T11:09:22.786Z] [Late-Dbg] User 70 Final: LateCount=0, Amt=0, Days=0
[2026-07-01T11:09:22.830Z] [Late-Dbg] User 98 Final: LateCount=0, Amt=0, Days=0
[2026-07-01T11:09:22.870Z] [Late-Dbg] User 103 Final: LateCount=0, Amt=0, Days=0
[2026-07-01T11:09:22.909Z] [Late-Dbg] User 107 Final: LateCount=0, Amt=0, Days=0
[2026-07-01T11:09:22.959Z] [Late-Dbg] User 108 Final: LateCount=0, Amt=0, Days=0
[2026-07-01T11:09:23.113Z] [Late-Dbg] User 109 Final: LateCount=1, Amt=0, Days=0
[2026-07-01T11:09:23.426Z] [Late-Dbg] User 182 Final: LateCount=1, Amt=30, Days=0.03
[2026-07-01T11:09:24.200Z] [Late-Dbg] User 185 Final: LateCount=0, Amt=0, Days=0
[2026-07-01T11:09:25.626Z] [Late-Dbg] User 186 Final: LateCount=0, Amt=0, Days=0
[2026-07-01T11:11:33.692Z] [User 57] Date 2026-06-27: HOLIDAY PRESENT. Multiplier=1. New Present Total=21
[2026-07-01T11:11:33.719Z] [User 57] calculateSalary (Live): lpResult: {"latePunchInMinutes":0,"latePunchInPenalty":0,"latePenaltyDays":0,"lateCount":0,"lateDetails":[]}
[2026-07-01T11:11:33.895Z] [User 57] Date 2026-06-27: HOLIDAY PRESENT. Multiplier=1. New Present Total=21
[2026-07-01T11:11:33.896Z] [User 57] Date 2026-06-28: WEEKLY_OFF PRESENT. Multiplier=1. New Present Total=22
[2026-07-01T11:11:33.903Z] [User 57] calculateSalary (Live): lpResult: {"latePunchInMinutes":0,"latePunchInPenalty":0,"latePenaltyDays":0,"lateCount":0,"lateDetails":[]}
[2026-07-01T11:12:24.539Z] [Late-Dbg] User 57 Final: LateCount=0, Amt=0, Days=0
[Admin-Bonus] SKIP: User 57, Rule Active=true, RuleMonth=2026-04, TargetMonth=2026-05
[2026-07-01T11:12:25.139Z] [Late-Dbg] User 58 Final: LateCount=0, Amt=0, Days=0
[Admin-Bonus] SKIP: User 58, Rule Active=true, RuleMonth=2026-04, TargetMonth=2026-05
[2026-07-01T11:12:25.349Z] [Late-Dbg] User 59 Final: LateCount=2, Amt=0, Days=0
[2026-07-01T11:12:25.706Z] [Late-Dbg] User 61 Final: LateCount=0, Amt=0, Days=0
[2026-07-01T11:12:25.816Z] [Late-Dbg] User 62 Final: LateCount=0, Amt=0, Days=0
[2026-07-01T11:12:25.925Z] [Late-Dbg] User 63 Final: LateCount=1, Amt=40, Days=0.04
[2026-07-01T11:12:26.036Z] [Late-Dbg] User 64 Final: LateCount=0, Amt=0, Days=0
[2026-07-01T11:12:26.119Z] [Late-Dbg] User 65 Final: LateCount=0, Amt=0, Days=0
[2026-07-01T11:12:26.257Z] [Late-Dbg] User 68 Final: LateCount=0, Amt=0, Days=0
[2026-07-01T11:12:26.554Z] [Late-Dbg] User 69 Final: LateCount=0, Amt=0, Days=0
[2026-07-01T11:12:27.163Z] [Late-Dbg] User 70 Final: LateCount=0, Amt=0, Days=0
[2026-07-01T11:12:27.195Z] [Late-Dbg] User 98 Final: LateCount=0, Amt=0, Days=0
[2026-07-01T11:12:27.235Z] [Late-Dbg] User 103 Final: LateCount=0, Amt=0, Days=0
[2026-07-01T11:12:27.294Z] [Late-Dbg] User 107 Final: LateCount=0, Amt=0, Days=0
[2026-07-01T11:12:27.372Z] [Late-Dbg] User 108 Final: LateCount=0, Amt=0, Days=0
[2026-07-01T11:12:27.509Z] [Late-Dbg] User 109 Final: LateCount=1, Amt=0, Days=0
[2026-07-01T11:12:27.870Z] [Late-Dbg] User 182 Final: LateCount=1, Amt=30, Days=0.03
[2026-07-01T11:12:29.227Z] [Late-Dbg] User 185 Final: LateCount=0, Amt=0, Days=0
[2026-07-01T11:12:31.407Z] [Late-Dbg] User 186 Final: LateCount=0, Amt=0, Days=0
[2026-07-01T11:16:37.754Z] [User 57] Date 2026-06-27: HOLIDAY PRESENT. Multiplier=1. New Present Total=21
[2026-07-01T11:16:37.770Z] [User 57] calculateSalary (Live): lpResult: {"latePunchInMinutes":0,"latePunchInPenalty":0,"latePenaltyDays":0,"lateCount":0,"lateDetails":[]}
[2026-07-01T11:16:37.915Z] [User 57] Date 2026-06-27: HOLIDAY PRESENT. Multiplier=1. New Present Total=21
[2026-07-01T11:16:37.915Z] [User 57] Date 2026-06-28: WEEKLY_OFF PRESENT. Multiplier=1. New Present Total=22
[2026-07-01T11:16:37.923Z] [User 57] calculateSalary (Live): lpResult: {"latePunchInMinutes":0,"latePunchInPenalty":0,"latePenaltyDays":0,"lateCount":0,"lateDetails":[]}
[2026-07-01T11:17:17.181Z] [Late-Dbg] User 57 Final: LateCount=0, Amt=0, Days=0
[Admin-Bonus] SKIP: User 57, Rule Active=true, RuleMonth=2026-04, TargetMonth=2026-05
[2026-07-01T11:17:17.818Z] [Late-Dbg] User 58 Final: LateCount=0, Amt=0, Days=0
[Admin-Bonus] SKIP: User 58, Rule Active=true, RuleMonth=2026-04, TargetMonth=2026-05
[2026-07-01T11:17:18.091Z] [Late-Dbg] User 59 Final: LateCount=2, Amt=0, Days=0
[2026-07-01T11:17:18.458Z] [Late-Dbg] User 61 Final: LateCount=0, Amt=0, Days=0
[2026-07-01T11:17:18.558Z] [Late-Dbg] User 62 Final: LateCount=0, Amt=0, Days=0
[2026-07-01T11:17:18.646Z] [Late-Dbg] User 63 Final: LateCount=1, Amt=40, Days=0.04
[2026-07-01T11:17:18.753Z] [Late-Dbg] User 64 Final: LateCount=0, Amt=0, Days=0
[2026-07-01T11:17:18.820Z] [Late-Dbg] User 65 Final: LateCount=0, Amt=0, Days=0
[2026-07-01T11:17:18.965Z] [Late-Dbg] User 68 Final: LateCount=0, Amt=0, Days=0
[2026-07-01T11:17:19.263Z] [Late-Dbg] User 69 Final: LateCount=0, Amt=0, Days=0
[2026-07-01T11:17:19.875Z] [Late-Dbg] User 70 Final: LateCount=0, Amt=0, Days=0
[2026-07-01T11:17:19.924Z] [Late-Dbg] User 98 Final: LateCount=0, Amt=0, Days=0
[2026-07-01T11:17:19.972Z] [Late-Dbg] User 103 Final: LateCount=0, Amt=0, Days=0
[2026-07-01T11:17:20.026Z] [Late-Dbg] User 107 Final: LateCount=0, Amt=0, Days=0
[2026-07-01T11:17:20.106Z] [Late-Dbg] User 108 Final: LateCount=0, Amt=0, Days=0
[2026-07-01T11:17:20.256Z] [Late-Dbg] User 109 Final: LateCount=1, Amt=0, Days=0
[2026-07-01T11:17:20.715Z] [Late-Dbg] User 182 Final: LateCount=1, Amt=30, Days=0.03
[2026-07-01T11:17:21.475Z] [Late-Dbg] User 185 Final: LateCount=0, Amt=0, Days=0
[2026-07-01T11:17:22.946Z] [Late-Dbg] User 186 Final: LateCount=0, Amt=0, Days=0
[2026-07-01T11:19:11.777Z] [Late-Dbg] User 57 Final: LateCount=0, Amt=0, Days=0
[Admin-Bonus] SKIP: User 57, Rule Active=true, RuleMonth=2026-04, TargetMonth=2026-05
[2026-07-01T11:19:12.431Z] [Late-Dbg] User 58 Final: LateCount=0, Amt=0, Days=0
[Admin-Bonus] SKIP: User 58, Rule Active=true, RuleMonth=2026-04, TargetMonth=2026-05
[2026-07-01T11:19:12.816Z] [Late-Dbg] User 59 Final: LateCount=2, Amt=0, Days=0
[2026-07-01T11:19:13.406Z] [Late-Dbg] User 61 Final: LateCount=0, Amt=0, Days=0
[2026-07-01T11:19:13.536Z] [Late-Dbg] User 62 Final: LateCount=0, Amt=0, Days=0
[2026-07-01T11:19:13.670Z] [Late-Dbg] User 63 Final: LateCount=1, Amt=40, Days=0.04
[2026-07-01T11:19:13.803Z] [Late-Dbg] User 64 Final: LateCount=0, Amt=0, Days=0
[2026-07-01T11:19:13.905Z] [Late-Dbg] User 65 Final: LateCount=0, Amt=0, Days=0
[2026-07-01T11:19:14.085Z] [Late-Dbg] User 68 Final: LateCount=0, Amt=0, Days=0
[2026-07-01T11:19:14.452Z] [Late-Dbg] User 69 Final: LateCount=0, Amt=0, Days=0
[2026-07-01T11:19:15.280Z] [Late-Dbg] User 70 Final: LateCount=0, Amt=0, Days=0
[2026-07-01T11:19:15.325Z] [Late-Dbg] User 98 Final: LateCount=0, Amt=0, Days=0
[2026-07-01T11:19:15.369Z] [Late-Dbg] User 103 Final: LateCount=0, Amt=0, Days=0
[2026-07-01T11:19:15.425Z] [Late-Dbg] User 107 Final: LateCount=0, Amt=0, Days=0
[2026-07-01T11:19:15.502Z] [Late-Dbg] User 108 Final: LateCount=0, Amt=0, Days=0
[2026-07-01T11:19:15.664Z] [Late-Dbg] User 109 Final: LateCount=1, Amt=0, Days=0
[2026-07-01T11:19:16.133Z] [Late-Dbg] User 182 Final: LateCount=1, Amt=30, Days=0.03
[2026-07-01T11:19:16.842Z] [Late-Dbg] User 185 Final: LateCount=0, Amt=0, Days=0
[2026-07-01T11:19:18.461Z] [Late-Dbg] User 186 Final: LateCount=0, Amt=0, Days=0
[2026-07-01T11:24:24.095Z] [User 57] Date 2026-06-27: HOLIDAY PRESENT. Multiplier=1. New Present Total=21
[2026-07-01T11:24:24.111Z] [User 57] calculateSalary (Live): lpResult: {"latePunchInMinutes":0,"latePunchInPenalty":0,"latePenaltyDays":0,"lateCount":0,"lateDetails":[]}
[2026-07-01T11:24:24.266Z] [User 57] Date 2026-06-27: HOLIDAY PRESENT. Multiplier=1. New Present Total=21
[2026-07-01T11:24:24.266Z] [User 57] Date 2026-06-28: WEEKLY_OFF PRESENT. Multiplier=1. New Present Total=22
[2026-07-01T11:24:24.274Z] [User 57] calculateSalary (Live): lpResult: {"latePunchInMinutes":0,"latePunchInPenalty":0,"latePenaltyDays":0,"lateCount":0,"lateDetails":[]}
[2026-07-01T11:24:56.940Z] [Late-Dbg] User 57 Final: LateCount=0, Amt=0, Days=0
[Admin-Bonus] SKIP: User 57, Rule Active=true, RuleMonth=2026-04, TargetMonth=2026-05
[2026-07-01T11:24:57.694Z] [Late-Dbg] User 58 Final: LateCount=0, Amt=0, Days=0
[Admin-Bonus] SKIP: User 58, Rule Active=true, RuleMonth=2026-04, TargetMonth=2026-05
[2026-07-01T11:24:57.918Z] [Late-Dbg] User 59 Final: LateCount=2, Amt=0, Days=0
[2026-07-01T11:24:58.255Z] [Late-Dbg] User 61 Final: LateCount=0, Amt=0, Days=0
[2026-07-01T11:24:58.347Z] [Late-Dbg] User 62 Final: LateCount=0, Amt=0, Days=0
[2026-07-01T11:24:58.460Z] [Late-Dbg] User 63 Final: LateCount=1, Amt=40, Days=0.04
[2026-07-01T11:24:58.549Z] [Late-Dbg] User 64 Final: LateCount=0, Amt=0, Days=0
[2026-07-01T11:24:58.621Z] [Late-Dbg] User 65 Final: LateCount=0, Amt=0, Days=0
[2026-07-01T11:24:58.846Z] [Late-Dbg] User 68 Final: LateCount=0, Amt=0, Days=0
[2026-07-01T11:24:59.166Z] [Late-Dbg] User 69 Final: LateCount=0, Amt=0, Days=0
[2026-07-01T11:24:59.827Z] [Late-Dbg] User 70 Final: LateCount=0, Amt=0, Days=0
[2026-07-01T11:24:59.856Z] [Late-Dbg] User 98 Final: LateCount=0, Amt=0, Days=0
[2026-07-01T11:24:59.901Z] [Late-Dbg] User 103 Final: LateCount=0, Amt=0, Days=0
[2026-07-01T11:24:59.955Z] [Late-Dbg] User 107 Final: LateCount=0, Amt=0, Days=0
[2026-07-01T11:25:00.113Z] [Late-Dbg] User 108 Final: LateCount=0, Amt=0, Days=0
[2026-07-01T11:25:00.339Z] [Late-Dbg] User 109 Final: LateCount=1, Amt=0, Days=0
[2026-07-01T11:25:00.837Z] [Late-Dbg] User 182 Final: LateCount=1, Amt=30, Days=0.03
[2026-07-01T11:25:02.172Z] [Late-Dbg] User 185 Final: LateCount=0, Amt=0, Days=0
[2026-07-01T11:25:03.148Z] [Late-Dbg] User 186 Final: LateCount=0, Amt=0, Days=0
[2026-07-01T11:41:06.350Z] [User 57] Date 2026-06-27: HOLIDAY PRESENT. Multiplier=1. New Present Total=21
[2026-07-01T11:41:06.364Z] [User 57] calculateSalary (Live): lpResult: {"latePunchInMinutes":0,"latePunchInPenalty":0,"latePenaltyDays":0,"lateCount":0,"lateDetails":[]}
[2026-07-01T11:41:06.511Z] [User 57] Date 2026-06-27: HOLIDAY PRESENT. Multiplier=1. New Present Total=21
[2026-07-01T11:41:06.511Z] [User 57] Date 2026-06-28: WEEKLY_OFF PRESENT. Multiplier=1. New Present Total=22
[2026-07-01T11:41:06.520Z] [User 57] calculateSalary (Live): lpResult: {"latePunchInMinutes":0,"latePunchInPenalty":0,"latePenaltyDays":0,"lateCount":0,"lateDetails":[]}
[2026-07-01T11:42:00.249Z] [Late-Dbg] User 57 Final: LateCount=0, Amt=0, Days=0
[Admin-Bonus] SKIP: User 57, Rule Active=true, RuleMonth=2026-04, TargetMonth=2026-05
[2026-07-01T11:42:00.996Z] [Late-Dbg] User 58 Final: LateCount=0, Amt=0, Days=0
[Admin-Bonus] SKIP: User 58, Rule Active=true, RuleMonth=2026-04, TargetMonth=2026-05
[2026-07-01T11:42:01.232Z] [Late-Dbg] User 59 Final: LateCount=2, Amt=0, Days=0
[2026-07-01T11:42:01.724Z] [Late-Dbg] User 61 Final: LateCount=0, Amt=0, Days=0
[2026-07-01T11:42:01.926Z] [Late-Dbg] User 62 Final: LateCount=0, Amt=0, Days=0
[2026-07-01T11:42:02.070Z] [Late-Dbg] User 63 Final: LateCount=1, Amt=40, Days=0.04
[2026-07-01T11:42:02.208Z] [Late-Dbg] User 64 Final: LateCount=0, Amt=0, Days=0
[2026-07-01T11:42:02.393Z] [Late-Dbg] User 65 Final: LateCount=0, Amt=0, Days=0
[2026-07-01T11:42:02.585Z] [Late-Dbg] User 68 Final: LateCount=0, Amt=0, Days=0
[2026-07-01T11:42:02.894Z] [Late-Dbg] User 69 Final: LateCount=0, Amt=0, Days=0
[2026-07-01T11:42:03.514Z] [Late-Dbg] User 70 Final: LateCount=0, Amt=0, Days=0
[2026-07-01T11:42:03.565Z] [Late-Dbg] User 98 Final: LateCount=0, Amt=0, Days=0
[2026-07-01T11:42:03.606Z] [Late-Dbg] User 103 Final: LateCount=0, Amt=0, Days=0
[2026-07-01T11:42:03.667Z] [Late-Dbg] User 107 Final: LateCount=0, Amt=0, Days=0
[2026-07-01T11:42:03.753Z] [Late-Dbg] User 108 Final: LateCount=0, Amt=0, Days=0
[2026-07-01T11:42:03.928Z] [Late-Dbg] User 109 Final: LateCount=1, Amt=0, Days=0
[2026-07-01T11:42:04.298Z] [Late-Dbg] User 182 Final: LateCount=1, Amt=30, Days=0.03
[2026-07-01T11:42:05.031Z] [Late-Dbg] User 185 Final: LateCount=0, Amt=0, Days=0
[2026-07-01T11:42:06.212Z] [Late-Dbg] User 186 Final: LateCount=0, Amt=0, Days=0
[2026-07-01T11:43:09.624Z] [Late-Dbg] User 57 Final: LateCount=0, Amt=0, Days=0
[Admin-Bonus] SKIP: User 57, Rule Active=true, RuleMonth=2026-04, TargetMonth=2026-05
[2026-07-01T11:43:10.021Z] [Late-Dbg] User 58 Final: LateCount=0, Amt=0, Days=0
[Admin-Bonus] SKIP: User 58, Rule Active=true, RuleMonth=2026-04, TargetMonth=2026-05
[2026-07-01T11:43:10.244Z] [Late-Dbg] User 59 Final: LateCount=2, Amt=0, Days=0
[2026-07-01T11:43:10.642Z] [Late-Dbg] User 61 Final: LateCount=0, Amt=0, Days=0
[2026-07-01T11:43:10.737Z] [Late-Dbg] User 62 Final: LateCount=0, Amt=0, Days=0
[2026-07-01T11:43:10.809Z] [Late-Dbg] User 63 Final: LateCount=1, Amt=40, Days=0.04
[2026-07-01T11:43:10.883Z] [Late-Dbg] User 64 Final: LateCount=0, Amt=0, Days=0
[2026-07-01T11:43:10.943Z] [Late-Dbg] User 65 Final: LateCount=0, Amt=0, Days=0
[2026-07-01T11:43:11.052Z] [Late-Dbg] User 68 Final: LateCount=0, Amt=0, Days=0
[2026-07-01T11:43:11.363Z] [Late-Dbg] User 69 Final: LateCount=0, Amt=0, Days=0
[2026-07-01T11:43:12.040Z] [Late-Dbg] User 70 Final: LateCount=0, Amt=0, Days=0
[2026-07-01T11:43:12.111Z] [Late-Dbg] User 98 Final: LateCount=0, Amt=0, Days=0
[2026-07-01T11:43:12.178Z] [Late-Dbg] User 103 Final: LateCount=0, Amt=0, Days=0
[2026-07-01T11:43:12.258Z] [Late-Dbg] User 107 Final: LateCount=0, Amt=0, Days=0
[2026-07-01T11:43:12.388Z] [Late-Dbg] User 108 Final: LateCount=0, Amt=0, Days=0
[2026-07-01T11:43:12.674Z] [Late-Dbg] User 109 Final: LateCount=1, Amt=0, Days=0
[2026-07-01T11:43:13.325Z] [Late-Dbg] User 182 Final: LateCount=1, Amt=30, Days=0.03
[2026-07-01T11:43:14.555Z] [Late-Dbg] User 185 Final: LateCount=0, Amt=0, Days=0
[2026-07-01T11:43:16.703Z] [Late-Dbg] User 186 Final: LateCount=0, Amt=0, Days=0
[2026-07-01T11:46:55.004Z] [User 57] Date 2026-06-27: HOLIDAY PRESENT. Multiplier=1. New Present Total=21
[2026-07-01T11:46:55.033Z] [User 57] calculateSalary (Live): lpResult: {"latePunchInMinutes":0,"latePunchInPenalty":0,"latePenaltyDays":0,"lateCount":0,"lateDetails":[]}
[2026-07-01T11:46:55.219Z] [User 57] Date 2026-06-27: HOLIDAY PRESENT. Multiplier=1. New Present Total=21
[2026-07-01T11:46:55.219Z] [User 57] Date 2026-06-28: WEEKLY_OFF PRESENT. Multiplier=1. New Present Total=22
[2026-07-01T11:46:55.228Z] [User 57] calculateSalary (Live): lpResult: {"latePunchInMinutes":0,"latePunchInPenalty":0,"latePenaltyDays":0,"lateCount":0,"lateDetails":[]}
[2026-07-01T11:47:37.810Z] [Late-Dbg] User 57 Final: LateCount=0, Amt=0, Days=0
[Admin-Bonus] SKIP: User 57, Rule Active=true, RuleMonth=2026-04, TargetMonth=2026-05
[2026-07-01T11:47:38.121Z] [Late-Dbg] User 58 Final: LateCount=0, Amt=0, Days=0
[Admin-Bonus] SKIP: User 58, Rule Active=true, RuleMonth=2026-04, TargetMonth=2026-05
[2026-07-01T11:47:38.233Z] [Late-Dbg] User 59 Final: LateCount=2, Amt=0, Days=0
[2026-07-01T11:47:38.427Z] [Late-Dbg] User 61 Final: LateCount=0, Amt=0, Days=0
[2026-07-01T11:47:38.494Z] [Late-Dbg] User 62 Final: LateCount=0, Amt=0, Days=0
[2026-07-01T11:47:38.560Z] [Late-Dbg] User 63 Final: LateCount=1, Amt=40, Days=0.04
[2026-07-01T11:47:38.637Z] [Late-Dbg] User 64 Final: LateCount=0, Amt=0, Days=0
[2026-07-01T11:47:38.728Z] [Late-Dbg] User 65 Final: LateCount=0, Amt=0, Days=0
[2026-07-01T11:47:38.890Z] [Late-Dbg] User 68 Final: LateCount=0, Amt=0, Days=0
[2026-07-01T11:47:39.280Z] [Late-Dbg] User 69 Final: LateCount=0, Amt=0, Days=0
[2026-07-01T11:47:39.777Z] [Late-Dbg] User 70 Final: LateCount=0, Amt=0, Days=0
[2026-07-01T11:47:39.806Z] [Late-Dbg] User 98 Final: LateCount=0, Amt=0, Days=0
[2026-07-01T11:47:39.831Z] [Late-Dbg] User 103 Final: LateCount=0, Amt=0, Days=0
[2026-07-01T11:47:39.865Z] [Late-Dbg] User 107 Final: LateCount=0, Amt=0, Days=0
[2026-07-01T11:47:39.907Z] [Late-Dbg] User 108 Final: LateCount=0, Amt=0, Days=0
[2026-07-01T11:47:40.005Z] [Late-Dbg] User 109 Final: LateCount=1, Amt=0, Days=0
[2026-07-01T11:47:40.195Z] [Late-Dbg] User 182 Final: LateCount=1, Amt=30, Days=0.03
[2026-07-01T11:47:40.774Z] [Late-Dbg] User 185 Final: LateCount=0, Amt=0, Days=0
[2026-07-01T11:47:43.220Z] [Late-Dbg] User 186 Final: LateCount=0, Amt=0, Days=0
[2026-07-01T11:51:56.226Z] [Late-Dbg] User 57 Final: LateCount=0, Amt=0, Days=0
[Admin-Bonus] SKIP: User 57, Rule Active=true, RuleMonth=2026-04, TargetMonth=2026-05
[2026-07-01T11:51:56.867Z] [Late-Dbg] User 58 Final: LateCount=0, Amt=0, Days=0
[Admin-Bonus] SKIP: User 58, Rule Active=true, RuleMonth=2026-04, TargetMonth=2026-05
[2026-07-01T11:51:57.104Z] [Late-Dbg] User 59 Final: LateCount=2, Amt=0, Days=0
[2026-07-01T11:51:57.511Z] [Late-Dbg] User 61 Final: LateCount=0, Amt=0, Days=0
[2026-07-01T11:51:57.602Z] [Late-Dbg] User 62 Final: LateCount=0, Amt=0, Days=0
[2026-07-01T11:51:57.698Z] [Late-Dbg] User 63 Final: LateCount=1, Amt=40, Days=0.04
[2026-07-01T11:51:57.810Z] [Late-Dbg] User 64 Final: LateCount=0, Amt=0, Days=0
[2026-07-01T11:51:57.910Z] [Late-Dbg] User 65 Final: LateCount=0, Amt=0, Days=0
[2026-07-01T11:51:58.094Z] [Late-Dbg] User 68 Final: LateCount=0, Amt=0, Days=0
[2026-07-01T11:51:58.438Z] [Late-Dbg] User 69 Final: LateCount=0, Amt=0, Days=0
[2026-07-01T11:51:59.401Z] [Late-Dbg] User 70 Final: LateCount=0, Amt=0, Days=0
[2026-07-01T11:51:59.512Z] [Late-Dbg] User 98 Final: LateCount=0, Amt=0, Days=0
[2026-07-01T11:51:59.624Z] [Late-Dbg] User 103 Final: LateCount=0, Amt=0, Days=0
[2026-07-01T11:51:59.768Z] [Late-Dbg] User 107 Final: LateCount=0, Amt=0, Days=0
[2026-07-01T11:51:59.947Z] [Late-Dbg] User 108 Final: LateCount=0, Amt=0, Days=0
[2026-07-01T11:52:00.302Z] [Late-Dbg] User 109 Final: LateCount=1, Amt=0, Days=0
[2026-07-01T11:52:00.769Z] [Late-Dbg] User 182 Final: LateCount=1, Amt=30, Days=0.03
[2026-07-01T11:52:01.785Z] [Late-Dbg] User 185 Final: LateCount=0, Amt=0, Days=0
[2026-07-01T11:52:03.693Z] [Late-Dbg] User 186 Final: LateCount=0, Amt=0, Days=0
[2026-07-01T11:53:04.855Z] [Late-Dbg] User 57 Final: LateCount=0, Amt=0, Days=0
[Admin-Bonus] SKIP: User 57, Rule Active=true, RuleMonth=2026-04, TargetMonth=2026-05
[2026-07-01T11:53:05.257Z] [Late-Dbg] User 58 Final: LateCount=0, Amt=0, Days=0
[Admin-Bonus] SKIP: User 58, Rule Active=true, RuleMonth=2026-04, TargetMonth=2026-05
[2026-07-01T11:53:05.401Z] [Late-Dbg] User 59 Final: LateCount=2, Amt=0, Days=0
[2026-07-01T11:53:05.702Z] [Late-Dbg] User 61 Final: LateCount=0, Amt=0, Days=0
[2026-07-01T11:53:05.833Z] [Late-Dbg] User 62 Final: LateCount=0, Amt=0, Days=0
[2026-07-01T11:53:05.950Z] [Late-Dbg] User 63 Final: LateCount=1, Amt=40, Days=0.04
[2026-07-01T11:53:06.057Z] [Late-Dbg] User 64 Final: LateCount=0, Amt=0, Days=0
[2026-07-01T11:53:06.141Z] [Late-Dbg] User 65 Final: LateCount=0, Amt=0, Days=0
[2026-07-01T11:53:06.405Z] [Late-Dbg] User 68 Final: LateCount=0, Amt=0, Days=0
[2026-07-01T11:53:06.746Z] [Late-Dbg] User 69 Final: LateCount=0, Amt=0, Days=0
[2026-07-01T11:53:07.421Z] [Late-Dbg] User 70 Final: LateCount=0, Amt=0, Days=0
[2026-07-01T11:53:07.474Z] [Late-Dbg] User 98 Final: LateCount=0, Amt=0, Days=0
[2026-07-01T11:53:07.523Z] [Late-Dbg] User 103 Final: LateCount=0, Amt=0, Days=0
[2026-07-01T11:53:07.586Z] [Late-Dbg] User 107 Final: LateCount=0, Amt=0, Days=0
[2026-07-01T11:53:07.670Z] [Late-Dbg] User 108 Final: LateCount=0, Amt=0, Days=0
[2026-07-01T11:53:07.848Z] [Late-Dbg] User 109 Final: LateCount=1, Amt=0, Days=0
[2026-07-01T11:53:08.234Z] [Late-Dbg] User 182 Final: LateCount=1, Amt=30, Days=0.03
[2026-07-01T11:53:09.345Z] [Late-Dbg] User 185 Final: LateCount=0, Amt=0, Days=0
[2026-07-01T11:53:12.066Z] [Late-Dbg] User 186 Final: LateCount=0, Amt=0, Days=0
[2026-07-01T12:03:08.608Z] [User 57] Date 2026-06-27: HOLIDAY PRESENT. Multiplier=1. New Present Total=21
[2026-07-01T12:03:08.624Z] [User 57] calculateSalary (Live): lpResult: {"latePunchInMinutes":0,"latePunchInPenalty":0,"latePenaltyDays":0,"lateCount":0,"lateDetails":[]}
[2026-07-01T12:03:08.870Z] [User 57] Date 2026-06-27: HOLIDAY PRESENT. Multiplier=1. New Present Total=21
[2026-07-01T12:03:08.871Z] [User 57] Date 2026-06-28: WEEKLY_OFF PRESENT. Multiplier=1. New Present Total=22
[2026-07-01T12:03:08.884Z] [User 57] calculateSalary (Live): lpResult: {"latePunchInMinutes":0,"latePunchInPenalty":0,"latePenaltyDays":0,"lateCount":0,"lateDetails":[]}
[2026-07-01T12:24:52.892Z] [User 57] Date 2026-06-27: HOLIDAY PRESENT. Multiplier=1. New Present Total=21
[2026-07-01T12:24:52.920Z] [User 57] calculateSalary (Live): lpResult: {"latePunchInMinutes":0,"latePunchInPenalty":0,"latePenaltyDays":0,"lateCount":0,"lateDetails":[]}
[2026-07-01T12:24:53.111Z] [User 57] Date 2026-06-27: HOLIDAY PRESENT. Multiplier=1. New Present Total=21
[2026-07-01T12:24:53.112Z] [User 57] Date 2026-06-28: WEEKLY_OFF PRESENT. Multiplier=1. New Present Total=22
[2026-07-01T12:24:53.121Z] [User 57] calculateSalary (Live): lpResult: {"latePunchInMinutes":0,"latePunchInPenalty":0,"latePenaltyDays":0,"lateCount":0,"lateDetails":[]}
[2026-07-01T12:25:28.710Z] [User 57] Date 2026-06-27: HOLIDAY PRESENT. Multiplier=1. New Present Total=21
[2026-07-01T12:25:28.732Z] [User 57] calculateSalary (Live): lpResult: {"latePunchInMinutes":0,"latePunchInPenalty":0,"latePenaltyDays":0,"lateCount":0,"lateDetails":[]}
[2026-07-01T12:25:28.923Z] [User 57] Date 2026-06-27: HOLIDAY PRESENT. Multiplier=1. New Present Total=21
[2026-07-01T12:25:28.924Z] [User 57] Date 2026-06-28: WEEKLY_OFF PRESENT. Multiplier=1. New Present Total=22
[2026-07-01T12:25:28.934Z] [User 57] calculateSalary (Live): lpResult: {"latePunchInMinutes":0,"latePunchInPenalty":0,"latePenaltyDays":0,"lateCount":0,"lateDetails":[]}
[2026-07-01T12:25:29.090Z] [User 57] Date 2026-06-27: HOLIDAY PRESENT. Multiplier=1. New Present Total=21
[2026-07-01T12:25:29.098Z] [User 57] calculateSalary (Live): lpResult: {"latePunchInMinutes":0,"latePunchInPenalty":0,"latePenaltyDays":0,"lateCount":0,"lateDetails":[]}
[2026-07-01T12:25:29.159Z] [User 57] Date 2026-06-27: HOLIDAY PRESENT. Multiplier=1. New Present Total=21
[2026-07-01T12:25:29.168Z] [User 57] calculateSalary (Live): lpResult: {"latePunchInMinutes":0,"latePunchInPenalty":0,"latePenaltyDays":0,"lateCount":0,"lateDetails":[]}
[2026-07-01T12:27:32.308Z] [Late-Dbg] User 57 Final: LateCount=0, Amt=0, Days=0
[Admin-Bonus] SKIP: User 57, Rule Active=true, RuleMonth=2026-04, TargetMonth=2026-05
[2026-07-01T12:27:32.920Z] [Late-Dbg] User 58 Final: LateCount=0, Amt=0, Days=0
[Admin-Bonus] SKIP: User 58, Rule Active=true, RuleMonth=2026-04, TargetMonth=2026-05
[2026-07-01T12:27:33.158Z] [Late-Dbg] User 59 Final: LateCount=2, Amt=0, Days=0
[2026-07-01T12:27:33.594Z] [Late-Dbg] User 61 Final: LateCount=0, Amt=0, Days=0
[2026-07-01T12:27:33.720Z] [Late-Dbg] User 62 Final: LateCount=0, Amt=0, Days=0
[2026-07-01T12:27:33.857Z] [Late-Dbg] User 63 Final: LateCount=1, Amt=40, Days=0.04
[2026-07-01T12:27:33.985Z] [Late-Dbg] User 64 Final: LateCount=0, Amt=0, Days=0
[2026-07-01T12:27:34.086Z] [Late-Dbg] User 65 Final: LateCount=0, Amt=0, Days=0
[2026-07-01T12:27:34.263Z] [Late-Dbg] User 68 Final: LateCount=0, Amt=0, Days=0
[2026-07-01T12:27:34.602Z] [Late-Dbg] User 69 Final: LateCount=0, Amt=0, Days=0
[2026-07-01T12:27:35.446Z] [Late-Dbg] User 70 Final: LateCount=0, Amt=0, Days=0
[2026-07-01T12:27:35.499Z] [Late-Dbg] User 98 Final: LateCount=0, Amt=0, Days=0
[2026-07-01T12:27:35.534Z] [Late-Dbg] User 103 Final: LateCount=0, Amt=0, Days=0
[2026-07-01T12:27:35.582Z] [Late-Dbg] User 107 Final: LateCount=0, Amt=0, Days=0
[2026-07-01T12:27:35.637Z] [Late-Dbg] User 108 Final: LateCount=0, Amt=0, Days=0
[2026-07-01T12:27:35.829Z] [Late-Dbg] User 109 Final: LateCount=1, Amt=0, Days=0
[2026-07-01T12:27:36.263Z] [Late-Dbg] User 182 Final: LateCount=1, Amt=30, Days=0.03
[2026-07-01T12:27:37.127Z] [Late-Dbg] User 185 Final: LateCount=0, Amt=0, Days=0
[2026-07-01T12:27:38.749Z] [Late-Dbg] User 186 Final: LateCount=0, Amt=0, Days=0
[2026-07-01T12:30:59.336Z] [Late-Dbg] User 57 Final: LateCount=0, Amt=0, Days=0
[Admin-Bonus] SKIP: User 57, Rule Active=true, RuleMonth=2026-04, TargetMonth=2026-05
[2026-07-01T12:30:59.750Z] [Late-Dbg] User 58 Final: LateCount=0, Amt=0, Days=0
[Admin-Bonus] SKIP: User 58, Rule Active=true, RuleMonth=2026-04, TargetMonth=2026-05
[2026-07-01T12:30:59.890Z] [Late-Dbg] User 59 Final: LateCount=2, Amt=0, Days=0
[2026-07-01T12:31:00.186Z] [Late-Dbg] User 61 Final: LateCount=0, Amt=0, Days=0
[2026-07-01T12:31:00.265Z] [Late-Dbg] User 62 Final: LateCount=0, Amt=0, Days=0
[2026-07-01T12:31:00.344Z] [Late-Dbg] User 63 Final: LateCount=1, Amt=40, Days=0.04
[2026-07-01T12:31:00.465Z] [Late-Dbg] User 64 Final: LateCount=0, Amt=0, Days=0
[2026-07-01T12:31:00.560Z] [Late-Dbg] User 65 Final: LateCount=0, Amt=0, Days=0
[2026-07-01T12:31:00.685Z] [Late-Dbg] User 68 Final: LateCount=0, Amt=0, Days=0
[2026-07-01T12:31:00.884Z] [Late-Dbg] User 69 Final: LateCount=0, Amt=0, Days=0
[2026-07-01T12:31:01.527Z] [Late-Dbg] User 70 Final: LateCount=0, Amt=0, Days=0
[2026-07-01T12:31:01.562Z] [Late-Dbg] User 98 Final: LateCount=0, Amt=0, Days=0
[2026-07-01T12:31:01.598Z] [Late-Dbg] User 103 Final: LateCount=0, Amt=0, Days=0
[2026-07-01T12:31:01.642Z] [Late-Dbg] User 107 Final: LateCount=0, Amt=0, Days=0
[2026-07-01T12:31:01.720Z] [Late-Dbg] User 108 Final: LateCount=0, Amt=0, Days=0
[2026-07-01T12:31:01.860Z] [Late-Dbg] User 109 Final: LateCount=1, Amt=0, Days=0
[2026-07-01T12:31:02.108Z] [Late-Dbg] User 182 Final: LateCount=1, Amt=30, Days=0.03
[2026-07-01T12:31:02.583Z] [Late-Dbg] User 185 Final: LateCount=0, Amt=0, Days=0
[2026-07-01T12:31:03.640Z] [Late-Dbg] User 186 Final: LateCount=0, Amt=0, Days=0
[2026-07-01T12:31:54.580Z] [Late-Dbg] User 57 Final: LateCount=0, Amt=0, Days=0
[Admin-Bonus] SKIP: User 57, Rule Active=true, RuleMonth=2026-04, TargetMonth=2026-05
[2026-07-01T12:31:54.961Z] [Late-Dbg] User 58 Final: LateCount=0, Amt=0, Days=0
[Admin-Bonus] SKIP: User 58, Rule Active=true, RuleMonth=2026-04, TargetMonth=2026-05
[2026-07-01T12:31:55.102Z] [Late-Dbg] User 59 Final: LateCount=2, Amt=0, Days=0
[2026-07-01T12:31:55.352Z] [Late-Dbg] User 61 Final: LateCount=0, Amt=0, Days=0
[2026-07-01T12:31:55.439Z] [Late-Dbg] User 62 Final: LateCount=0, Amt=0, Days=0
[2026-07-01T12:31:55.535Z] [Late-Dbg] User 63 Final: LateCount=1, Amt=40, Days=0.04
[2026-07-01T12:31:55.617Z] [Late-Dbg] User 64 Final: LateCount=0, Amt=0, Days=0
[2026-07-01T12:31:55.681Z] [Late-Dbg] User 65 Final: LateCount=0, Amt=0, Days=0
[2026-07-01T12:31:55.773Z] [Late-Dbg] User 68 Final: LateCount=0, Amt=0, Days=0
[2026-07-01T12:31:55.952Z] [Late-Dbg] User 69 Final: LateCount=0, Amt=0, Days=0
[2026-07-01T12:31:56.382Z] [Late-Dbg] User 70 Final: LateCount=0, Amt=0, Days=0
[2026-07-01T12:31:56.424Z] [Late-Dbg] User 98 Final: LateCount=0, Amt=0, Days=0
[2026-07-01T12:31:56.472Z] [Late-Dbg] User 103 Final: LateCount=0, Amt=0, Days=0
[2026-07-01T12:31:56.533Z] [Late-Dbg] User 107 Final: LateCount=0, Amt=0, Days=0
[2026-07-01T12:31:56.607Z] [Late-Dbg] User 108 Final: LateCount=0, Amt=0, Days=0
[2026-07-01T12:31:56.757Z] [Late-Dbg] User 109 Final: LateCount=1, Amt=0, Days=0
[2026-07-01T12:31:57.022Z] [Late-Dbg] User 182 Final: LateCount=1, Amt=30, Days=0.03
[2026-07-01T12:31:57.521Z] [Late-Dbg] User 185 Final: LateCount=0, Amt=0, Days=0
[2026-07-01T12:31:58.522Z] [Late-Dbg] User 186 Final: LateCount=0, Amt=0, Days=0
[2026-07-01T12:34:58.175Z] [User 57] Date 2026-06-27: HOLIDAY PRESENT. Multiplier=1. New Present Total=21
[2026-07-01T12:34:58.200Z] [User 57] calculateSalary (Live): lpResult: {"latePunchInMinutes":0,"latePunchInPenalty":0,"latePenaltyDays":0,"lateCount":0,"lateDetails":[]}
[2026-07-01T12:34:58.395Z] [User 57] Date 2026-06-27: HOLIDAY PRESENT. Multiplier=1. New Present Total=21
[2026-07-01T12:34:58.396Z] [User 57] Date 2026-06-28: WEEKLY_OFF PRESENT. Multiplier=1. New Present Total=22
[2026-07-01T12:34:58.408Z] [User 57] calculateSalary (Live): lpResult: {"latePunchInMinutes":0,"latePunchInPenalty":0,"latePenaltyDays":0,"lateCount":0,"lateDetails":[]}
[2026-07-01T12:34:58.578Z] [User 57] Date 2026-06-27: HOLIDAY PRESENT. Multiplier=1. New Present Total=21
[2026-07-01T12:34:58.589Z] [User 57] calculateSalary (Live): lpResult: {"latePunchInMinutes":0,"latePunchInPenalty":0,"latePenaltyDays":0,"lateCount":0,"lateDetails":[]}
[2026-07-01T12:34:58.653Z] [User 57] Date 2026-06-27: HOLIDAY PRESENT. Multiplier=1. New Present Total=21
[2026-07-01T12:34:58.667Z] [User 57] calculateSalary (Live): lpResult: {"latePunchInMinutes":0,"latePunchInPenalty":0,"latePenaltyDays":0,"lateCount":0,"lateDetails":[]}
[2026-07-01T12:34:58.837Z] [User 57] Date 2026-06-27: HOLIDAY PRESENT. Multiplier=1. New Present Total=21
[2026-07-01T12:34:58.849Z] [User 57] calculateSalary (Live): lpResult: {"latePunchInMinutes":0,"latePunchInPenalty":0,"latePenaltyDays":0,"lateCount":0,"lateDetails":[]}
[2026-07-01T12:35:40.492Z] [User 57] Date 2026-06-27: HOLIDAY PRESENT. Multiplier=1. New Present Total=21
[2026-07-01T12:35:40.529Z] [User 57] calculateSalary (Live): lpResult: {"latePunchInMinutes":0,"latePunchInPenalty":0,"latePenaltyDays":0,"lateCount":0,"lateDetails":[]}
[2026-07-01T12:35:40.806Z] [User 57] Date 2026-06-27: HOLIDAY PRESENT. Multiplier=1. New Present Total=21
[2026-07-01T12:35:40.807Z] [User 57] Date 2026-06-28: WEEKLY_OFF PRESENT. Multiplier=1. New Present Total=22
[2026-07-01T12:35:40.821Z] [User 57] calculateSalary (Live): lpResult: {"latePunchInMinutes":0,"latePunchInPenalty":0,"latePenaltyDays":0,"lateCount":0,"lateDetails":[]}
[2026-07-01T12:35:41.011Z] [User 57] Date 2026-06-27: HOLIDAY PRESENT. Multiplier=1. New Present Total=21
[2026-07-01T12:35:41.023Z] [User 57] calculateSalary (Live): lpResult: {"latePunchInMinutes":0,"latePunchInPenalty":0,"latePenaltyDays":0,"lateCount":0,"lateDetails":[]}
[2026-07-01T12:35:41.097Z] [User 57] Date 2026-06-27: HOLIDAY PRESENT. Multiplier=1. New Present Total=21
[2026-07-01T12:35:41.108Z] [User 57] calculateSalary (Live): lpResult: {"latePunchInMinutes":0,"latePunchInPenalty":0,"latePenaltyDays":0,"lateCount":0,"lateDetails":[]}
[2026-07-01T12:35:41.283Z] [User 57] Date 2026-06-27: HOLIDAY PRESENT. Multiplier=1. New Present Total=21
[2026-07-01T12:35:41.294Z] [User 57] calculateSalary (Live): lpResult: {"latePunchInMinutes":0,"latePunchInPenalty":0,"latePenaltyDays":0,"lateCount":0,"lateDetails":[]}
[2026-07-01T12:37:13.668Z] [Late-Dbg] User 57 Final: LateCount=0, Amt=0, Days=0
[Admin-Bonus] SKIP: User 57, Rule Active=true, RuleMonth=2026-04, TargetMonth=2026-05
[2026-07-01T12:37:14.271Z] [Late-Dbg] User 58 Final: LateCount=0, Amt=0, Days=0
[Admin-Bonus] SKIP: User 58, Rule Active=true, RuleMonth=2026-04, TargetMonth=2026-05
[2026-07-01T12:37:14.517Z] [Late-Dbg] User 59 Final: LateCount=2, Amt=0, Days=0
[2026-07-01T12:37:14.901Z] [Late-Dbg] User 61 Final: LateCount=0, Amt=0, Days=0
[2026-07-01T12:37:15.032Z] [Late-Dbg] User 62 Final: LateCount=0, Amt=0, Days=0
[2026-07-01T12:37:15.164Z] [Late-Dbg] User 63 Final: LateCount=1, Amt=40, Days=0.04
[2026-07-01T12:37:15.291Z] [Late-Dbg] User 64 Final: LateCount=0, Amt=0, Days=0
[2026-07-01T12:37:15.391Z] [Late-Dbg] User 65 Final: LateCount=0, Amt=0, Days=0
[2026-07-01T12:37:15.572Z] [Late-Dbg] User 68 Final: LateCount=0, Amt=0, Days=0
[2026-07-01T12:37:15.907Z] [Late-Dbg] User 69 Final: LateCount=0, Amt=0, Days=0
[2026-07-01T12:37:16.585Z] [Late-Dbg] User 70 Final: LateCount=0, Amt=0, Days=0
[2026-07-01T12:37:16.645Z] [Late-Dbg] User 98 Final: LateCount=0, Amt=0, Days=0
[2026-07-01T12:37:16.699Z] [Late-Dbg] User 103 Final: LateCount=0, Amt=0, Days=0
[2026-07-01T12:37:16.773Z] [Late-Dbg] User 107 Final: LateCount=0, Amt=0, Days=0
[2026-07-01T12:37:16.864Z] [Late-Dbg] User 108 Final: LateCount=0, Amt=0, Days=0
[2026-07-01T12:37:17.062Z] [Late-Dbg] User 109 Final: LateCount=1, Amt=0, Days=0
[2026-07-01T12:37:17.606Z] [Late-Dbg] User 182 Final: LateCount=1, Amt=30, Days=0.03
[2026-07-01T12:37:18.411Z] [Late-Dbg] User 185 Final: LateCount=0, Amt=0, Days=0
[2026-07-01T12:37:20.009Z] [Late-Dbg] User 186 Final: LateCount=0, Amt=0, Days=0
[2026-07-01T12:38:07.012Z] [Late-Dbg] User 57 Final: LateCount=0, Amt=0, Days=0
[Admin-Bonus] SKIP: User 57, Rule Active=true, RuleMonth=2026-04, TargetMonth=2026-05
[2026-07-01T12:38:07.389Z] [Late-Dbg] User 58 Final: LateCount=0, Amt=0, Days=0
[Admin-Bonus] SKIP: User 58, Rule Active=true, RuleMonth=2026-04, TargetMonth=2026-05
[2026-07-01T12:38:07.513Z] [Late-Dbg] User 59 Final: LateCount=2, Amt=0, Days=0
[2026-07-01T12:38:07.727Z] [Late-Dbg] User 61 Final: LateCount=0, Amt=0, Days=0
[2026-07-01T12:38:07.799Z] [Late-Dbg] User 62 Final: LateCount=0, Amt=0, Days=0
[2026-07-01T12:38:07.874Z] [Late-Dbg] User 63 Final: LateCount=1, Amt=40, Days=0.04
[2026-07-01T12:38:07.957Z] [Late-Dbg] User 64 Final: LateCount=0, Amt=0, Days=0
[2026-07-01T12:38:08.022Z] [Late-Dbg] User 65 Final: LateCount=0, Amt=0, Days=0
[2026-07-01T12:38:08.125Z] [Late-Dbg] User 68 Final: LateCount=0, Amt=0, Days=0
[2026-07-01T12:38:08.310Z] [Late-Dbg] User 69 Final: LateCount=0, Amt=0, Days=0
[2026-07-01T12:38:08.706Z] [Late-Dbg] User 70 Final: LateCount=0, Amt=0, Days=0
[2026-07-01T12:38:08.744Z] [Late-Dbg] User 98 Final: LateCount=0, Amt=0, Days=0
[2026-07-01T12:38:08.780Z] [Late-Dbg] User 103 Final: LateCount=0, Amt=0, Days=0
[2026-07-01T12:38:08.826Z] [Late-Dbg] User 107 Final: LateCount=0, Amt=0, Days=0
[2026-07-01T12:38:08.888Z] [Late-Dbg] User 108 Final: LateCount=0, Amt=0, Days=0
[2026-07-01T12:38:09.007Z] [Late-Dbg] User 109 Final: LateCount=1, Amt=0, Days=0
[2026-07-01T12:38:09.298Z] [Late-Dbg] User 182 Final: LateCount=1, Amt=30, Days=0.03
[2026-07-01T12:38:09.785Z] [Late-Dbg] User 185 Final: LateCount=0, Amt=0, Days=0
[2026-07-01T12:38:10.788Z] [Late-Dbg] User 186 Final: LateCount=0, Amt=0, Days=0
[2026-07-02T07:22:59.131Z] [User 57] Date 2026-06-27: HOLIDAY PRESENT. Multiplier=1. New Present Total=21
[2026-07-02T07:22:59.151Z] [User 57] calculateSalary (Live): lpResult: {"latePunchInMinutes":0,"latePunchInPenalty":0,"latePenaltyDays":0,"lateCount":0,"lateDetails":[]}
[2026-07-02T07:22:59.291Z] [User 57] Date 2026-06-27: HOLIDAY PRESENT. Multiplier=1. New Present Total=21
[2026-07-02T07:22:59.292Z] [User 57] Date 2026-06-28: WEEKLY_OFF PRESENT. Multiplier=1. New Present Total=22
[2026-07-02T07:22:59.298Z] [User 57] calculateSalary (Live): lpResult: {"latePunchInMinutes":0,"latePunchInPenalty":0,"latePenaltyDays":0,"lateCount":0,"lateDetails":[]}
[2026-07-02T07:22:59.405Z] [User 57] Date 2026-06-27: HOLIDAY PRESENT. Multiplier=1. New Present Total=21
[2026-07-02T07:22:59.411Z] [User 57] calculateSalary (Live): lpResult: {"latePunchInMinutes":0,"latePunchInPenalty":0,"latePenaltyDays":0,"lateCount":0,"lateDetails":[]}
[2026-07-02T07:22:59.453Z] [User 57] Date 2026-06-27: HOLIDAY PRESENT. Multiplier=1. New Present Total=21
[2026-07-02T07:22:59.459Z] [User 57] calculateSalary (Live): lpResult: {"latePunchInMinutes":0,"latePunchInPenalty":0,"latePenaltyDays":0,"lateCount":0,"lateDetails":[]}
[2026-07-02T07:22:59.588Z] [User 57] Date 2026-06-27: HOLIDAY PRESENT. Multiplier=1. New Present Total=21
[2026-07-02T07:22:59.594Z] [User 57] calculateSalary (Live): lpResult: {"latePunchInMinutes":0,"latePunchInPenalty":0,"latePenaltyDays":0,"lateCount":0,"lateDetails":[]}
[2026-07-13T10:26:15.142Z] [User 57] Date 2026-06-27: HOLIDAY PRESENT. Multiplier=1. New Present Total=21
[2026-07-13T10:26:15.184Z] [User 57] calculateSalary (Live): lpResult: {"latePunchInMinutes":0,"latePunchInPenalty":0,"latePenaltyDays":0,"lateCount":0,"lateDetails":[]}
[2026-07-13T10:26:15.665Z] [User 57] Date 2026-06-27: HOLIDAY PRESENT. Multiplier=1. New Present Total=21
[2026-07-13T10:26:15.666Z] [User 57] Date 2026-06-28: WEEKLY_OFF PRESENT. Multiplier=1. New Present Total=22
[2026-07-13T10:26:15.688Z] [User 57] calculateSalary (Live): lpResult: {"latePunchInMinutes":0,"latePunchInPenalty":0,"latePenaltyDays":0,"lateCount":0,"lateDetails":[]}
[2026-07-13T10:26:16.032Z] [User 57] Date 2026-06-27: HOLIDAY PRESENT. Multiplier=1. New Present Total=21
[2026-07-13T10:26:16.048Z] [User 57] calculateSalary (Live): lpResult: {"latePunchInMinutes":0,"latePunchInPenalty":0,"latePenaltyDays":0,"lateCount":0,"lateDetails":[]}
[2026-07-13T10:26:16.344Z] [User 57] Date 2026-06-27: HOLIDAY PRESENT. Multiplier=1. New Present Total=21
[2026-07-13T10:26:16.363Z] [User 57] calculateSalary (Live): lpResult: {"latePunchInMinutes":0,"latePunchInPenalty":0,"latePenaltyDays":0,"lateCount":0,"lateDetails":[]}
[2026-07-13T10:26:16.630Z] [User 57] Date 2026-06-27: HOLIDAY PRESENT. Multiplier=1. New Present Total=21
[2026-07-13T10:26:16.644Z] [User 57] calculateSalary (Live): lpResult: {"latePunchInMinutes":0,"latePunchInPenalty":0,"latePenaltyDays":0,"lateCount":0,"lateDetails":[]}
[2026-07-13T11:09:14.915Z] [User 57] calculateSalary (Live): lpResult: {"latePunchInMinutes":0,"latePunchInPenalty":0,"latePenaltyDays":0,"lateCount":0,"lateDetails":[]}
[2026-07-13T11:59:36.061Z] [Late-Dbg] User 57 Final: LateCount=0, Amt=0, Days=0
[Admin-Bonus] SKIP: User 57, Rule Active=true, RuleMonth=2026-04, TargetMonth=2026-07
[2026-07-13T11:59:36.168Z] [Late-Dbg] User 58 Final: LateCount=0, Amt=0, Days=0
[Admin-Bonus] SKIP: User 58, Rule Active=true, RuleMonth=2026-04, TargetMonth=2026-07
[2026-07-13T11:59:36.221Z] [Late-Dbg] User 59 Final: LateCount=0, Amt=0, Days=0
[2026-07-13T11:59:36.268Z] [Late-Dbg] User 61 Final: LateCount=0, Amt=0, Days=0
[2026-07-13T11:59:36.309Z] [Late-Dbg] User 62 Final: LateCount=0, Amt=0, Days=0
[2026-07-13T11:59:36.355Z] [Late-Dbg] User 63 Final: LateCount=0, Amt=0, Days=0
[2026-07-13T11:59:36.413Z] [Late-Dbg] User 64 Final: LateCount=0, Amt=0, Days=0
[2026-07-13T11:59:36.472Z] [Late-Dbg] User 65 Final: LateCount=0, Amt=0, Days=0
[2026-07-13T11:59:36.537Z] [Late-Dbg] User 68 Final: LateCount=0, Amt=0, Days=0
[2026-07-13T11:59:36.640Z] [Late-Dbg] User 69 Final: LateCount=0, Amt=0, Days=0
[2026-07-13T11:59:36.736Z] [Late-Dbg] User 70 Final: LateCount=0, Amt=0, Days=0
[2026-07-13T11:59:36.778Z] [Late-Dbg] User 98 Final: LateCount=0, Amt=0, Days=0
[2026-07-13T11:59:36.820Z] [Late-Dbg] User 103 Final: LateCount=0, Amt=0, Days=0
[2026-07-13T11:59:36.861Z] [Late-Dbg] User 107 Final: LateCount=0, Amt=0, Days=0
[2026-07-13T11:59:36.904Z] [Late-Dbg] User 108 Final: LateCount=0, Amt=0, Days=0
[2026-07-13T11:59:36.946Z] [Late-Dbg] User 109 Final: LateCount=0, Amt=0, Days=0
[2026-07-13T11:59:36.992Z] [Late-Dbg] User 182 Final: LateCount=0, Amt=0, Days=0
[2026-07-13T11:59:37.040Z] [Late-Dbg] User 185 Final: LateCount=0, Amt=0, Days=0
[2026-07-13T11:59:37.083Z] [Late-Dbg] User 186 Final: LateCount=0, Amt=0, Days=0
[2026-07-17T11:37:29.428Z] [Late-Dbg] User 57 Final: LateCount=0, Amt=0, Days=0
[Admin-Bonus] SKIP: User 57, Rule Active=true, RuleMonth=2026-04, TargetMonth=2026-07
[2026-07-17T11:37:29.581Z] [Late-Dbg] User 58 Final: LateCount=0, Amt=0, Days=0
[Admin-Bonus] SKIP: User 58, Rule Active=true, RuleMonth=2026-04, TargetMonth=2026-07
[2026-07-17T11:37:29.649Z] [Late-Dbg] User 59 Final: LateCount=0, Amt=0, Days=0
[2026-07-17T11:37:29.709Z] [Late-Dbg] User 61 Final: LateCount=0, Amt=0, Days=0
[2026-07-17T11:37:29.765Z] [Late-Dbg] User 62 Final: LateCount=0, Amt=0, Days=0
[2026-07-17T11:37:29.820Z] [Late-Dbg] User 63 Final: LateCount=0, Amt=0, Days=0
[2026-07-17T11:37:29.876Z] [Late-Dbg] User 64 Final: LateCount=0, Amt=0, Days=0
[2026-07-17T11:37:29.932Z] [Late-Dbg] User 65 Final: LateCount=0, Amt=0, Days=0
[2026-07-17T11:37:29.986Z] [Late-Dbg] User 68 Final: LateCount=0, Amt=0, Days=0
[2026-07-17T11:37:30.177Z] [Late-Dbg] User 69 Final: LateCount=0, Amt=0, Days=0
[2026-07-17T11:37:30.272Z] [Late-Dbg] User 70 Final: LateCount=0, Amt=0, Days=0
[2026-07-17T11:37:30.305Z] [Late-Dbg] User 98 Final: LateCount=0, Amt=0, Days=0
[2026-07-17T11:37:30.340Z] [Late-Dbg] User 103 Final: LateCount=0, Amt=0, Days=0
[2026-07-17T11:37:30.371Z] [Late-Dbg] User 107 Final: LateCount=0, Amt=0, Days=0
[2026-07-17T11:37:30.421Z] [Late-Dbg] User 108 Final: LateCount=0, Amt=0, Days=0
[2026-07-17T11:37:30.482Z] [Late-Dbg] User 109 Final: LateCount=0, Amt=0, Days=0
[2026-07-17T11:37:30.546Z] [Late-Dbg] User 182 Final: LateCount=0, Amt=0, Days=0
[2026-07-17T11:37:30.600Z] [Late-Dbg] User 185 Final: LateCount=0, Amt=0, Days=0
[2026-07-17T11:37:30.653Z] [Late-Dbg] User 186 Final: LateCount=0, Amt=0, Days=0
[2026-07-17T11:37:30.693Z] [Late-Dbg] User 188 Final: LateCount=0, Amt=0, Days=0
[2026-07-24T09:46:42.307Z] [Late-Dbg] User 57 Final: LateCount=0, Amt=0, Days=0
[Admin-Bonus] SKIP: User 57, Rule Active=true, RuleMonth=2026-04, TargetMonth=2026-07
[2026-07-24T09:46:42.428Z] [Late-Dbg] User 58 Final: LateCount=0, Amt=0, Days=0
[Admin-Bonus] SKIP: User 58, Rule Active=true, RuleMonth=2026-04, TargetMonth=2026-07
[2026-07-24T09:46:42.473Z] [Late-Dbg] User 59 Final: LateCount=0, Amt=0, Days=0
[2026-07-24T09:46:42.516Z] [Late-Dbg] User 61 Final: LateCount=0, Amt=0, Days=0
[2026-07-24T09:46:42.558Z] [Late-Dbg] User 62 Final: LateCount=0, Amt=0, Days=0
[2026-07-24T09:46:42.595Z] [Late-Dbg] User 63 Final: LateCount=0, Amt=0, Days=0
[2026-07-24T09:46:42.640Z] [Late-Dbg] User 64 Final: LateCount=0, Amt=0, Days=0
[2026-07-24T09:46:42.679Z] [Late-Dbg] User 65 Final: LateCount=0, Amt=0, Days=0
[2026-07-24T09:46:42.721Z] [Late-Dbg] User 68 Final: LateCount=0, Amt=0, Days=0
[2026-07-24T09:46:42.879Z] [Late-Dbg] User 69 Final: LateCount=0, Amt=0, Days=0
[2026-07-24T09:46:43.066Z] [Late-Dbg] User 70 Final: LateCount=0, Amt=0, Days=0
[2026-07-24T09:46:43.138Z] [Late-Dbg] User 98 Final: LateCount=0, Amt=0, Days=0
[2026-07-24T09:46:43.208Z] [Late-Dbg] User 103 Final: LateCount=0, Amt=0, Days=0
[2026-07-24T09:46:43.282Z] [Late-Dbg] User 107 Final: LateCount=0, Amt=0, Days=0
[2026-07-24T09:46:43.350Z] [Late-Dbg] User 108 Final: LateCount=0, Amt=0, Days=0
[2026-07-24T09:46:43.421Z] [Late-Dbg] User 109 Final: LateCount=0, Amt=0, Days=0
[2026-07-24T09:46:43.494Z] [Late-Dbg] User 182 Final: LateCount=0, Amt=0, Days=0
[2026-07-24T09:46:43.640Z] [Late-Dbg] User 185 Final: LateCount=0, Amt=0, Days=0
[2026-07-24T09:46:43.682Z] [Late-Dbg] User 186 Final: LateCount=0, Amt=0, Days=0
[2026-07-24T09:46:43.717Z] [Late-Dbg] User 188 Final: LateCount=0, Amt=0, Days=0
[2026-07-24T09:46:48.510Z] [Late-Dbg] User 57 Final: LateCount=0, Amt=0, Days=0
[Admin-Bonus] SKIP: User 57, Rule Active=true, RuleMonth=2026-04, TargetMonth=2026-07
[2026-07-24T09:46:48.556Z] [Late-Dbg] User 58 Final: LateCount=0, Amt=0, Days=0
[Admin-Bonus] SKIP: User 58, Rule Active=true, RuleMonth=2026-04, TargetMonth=2026-07
[2026-07-24T09:46:48.617Z] [Late-Dbg] User 59 Final: LateCount=0, Amt=0, Days=0
[2026-07-24T09:46:48.666Z] [Late-Dbg] User 61 Final: LateCount=0, Amt=0, Days=0
[2026-07-24T09:46:48.714Z] [Late-Dbg] User 62 Final: LateCount=0, Amt=0, Days=0
[2026-07-24T09:46:48.763Z] [Late-Dbg] User 63 Final: LateCount=0, Amt=0, Days=0
[2026-07-24T09:46:48.811Z] [Late-Dbg] User 64 Final: LateCount=0, Amt=0, Days=0
[2026-07-24T09:46:48.849Z] [Late-Dbg] User 65 Final: LateCount=0, Amt=0, Days=0
[2026-07-24T09:46:48.889Z] [Late-Dbg] User 68 Final: LateCount=0, Amt=0, Days=0
[2026-07-24T09:46:48.967Z] [Late-Dbg] User 69 Final: LateCount=0, Amt=0, Days=0
[2026-07-24T09:46:49.060Z] [Late-Dbg] User 70 Final: LateCount=0, Amt=0, Days=0
[2026-07-24T09:46:49.097Z] [Late-Dbg] User 98 Final: LateCount=0, Amt=0, Days=0
[2026-07-24T09:46:49.136Z] [Late-Dbg] User 103 Final: LateCount=0, Amt=0, Days=0
[2026-07-24T09:46:49.191Z] [Late-Dbg] User 107 Final: LateCount=0, Amt=0, Days=0
[2026-07-24T09:46:49.229Z] [Late-Dbg] User 108 Final: LateCount=0, Amt=0, Days=0
[2026-07-24T09:46:49.268Z] [Late-Dbg] User 109 Final: LateCount=0, Amt=0, Days=0
[2026-07-24T09:46:49.306Z] [Late-Dbg] User 182 Final: LateCount=0, Amt=0, Days=0
[2026-07-24T09:46:49.363Z] [Late-Dbg] User 185 Final: LateCount=0, Amt=0, Days=0
[2026-07-24T09:46:49.438Z] [Late-Dbg] User 186 Final: LateCount=0, Amt=0, Days=0
[2026-07-24T09:46:49.524Z] [Late-Dbg] User 188 Final: LateCount=0, Amt=0, Days=0
[2026-07-24T09:48:05.110Z] [Late-Dbg] User 57 Final: LateCount=0, Amt=0, Days=0
[Admin-Bonus] SKIP: User 57, Rule Active=true, RuleMonth=2026-04, TargetMonth=2026-06
[2026-07-24T09:48:05.259Z] [Late-Dbg] User 58 Final: LateCount=0, Amt=0, Days=0
[Admin-Bonus] SKIP: User 58, Rule Active=true, RuleMonth=2026-04, TargetMonth=2026-06
[2026-07-24T09:48:05.440Z] [Late-Dbg] User 59 Final: LateCount=2, Amt=583.33, Days=0.5
[2026-07-24T09:48:05.601Z] [Late-Dbg] User 61 Final: LateCount=0, Amt=0, Days=0
[2026-07-24T09:48:05.640Z] [Late-Dbg] User 62 Final: LateCount=0, Amt=0, Days=0
[2026-07-24T09:48:05.674Z] [Late-Dbg] User 63 Final: LateCount=0, Amt=0, Days=0
[2026-07-24T09:48:05.727Z] [Late-Dbg] User 64 Final: LateCount=0, Amt=0, Days=0
[2026-07-24T09:48:05.804Z] [Late-Dbg] User 65 Final: LateCount=1, Amt=1133.33, Days=1
[2026-07-24T09:48:05.890Z] [Late-Dbg] User 68 Final: LateCount=0, Amt=0, Days=0
[2026-07-24T09:48:06.138Z] [Late-Dbg] User 69 Final: LateCount=0, Amt=0, Days=0
[2026-07-24T09:48:06.599Z] [Late-Dbg] User 70 Final: LateCount=0, Amt=0, Days=0
[2026-07-24T09:48:06.636Z] [Late-Dbg] User 98 Final: LateCount=0, Amt=0, Days=0
[2026-07-24T09:48:06.681Z] [Late-Dbg] User 103 Final: LateCount=0, Amt=0, Days=0
[2026-07-24T09:48:06.710Z] [Late-Dbg] User 107 Final: LateCount=0, Amt=0, Days=0
[2026-07-24T09:48:06.743Z] [Late-Dbg] User 108 Final: LateCount=0, Amt=0, Days=0
[2026-07-24T09:48:06.776Z] [Late-Dbg] User 109 Final: LateCount=0, Amt=0, Days=0
[2026-07-24T09:48:06.841Z] [Late-Dbg] User 182 Final: LateCount=0, Amt=0, Days=0
[2026-07-24T09:48:07.046Z] [Late-Dbg] User 185 Final: LateCount=0, Amt=0, Days=0
[2026-07-24T09:48:07.452Z] [Late-Dbg] User 186 Final: LateCount=0, Amt=0, Days=0
[2026-07-24T09:48:07.481Z] [Late-Dbg] User 188 Final: LateCount=0, Amt=0, Days=0
[2026-07-24T09:50:45.094Z] [Late-Dbg] User 57 Final: LateCount=0, Amt=0, Days=0
[Admin-Bonus] SKIP: User 57, Rule Active=true, RuleMonth=2026-04, TargetMonth=2026-06
[2026-07-24T09:50:45.273Z] [Late-Dbg] User 58 Final: LateCount=0, Amt=0, Days=0
[Admin-Bonus] SKIP: User 58, Rule Active=true, RuleMonth=2026-04, TargetMonth=2026-06
[2026-07-24T09:50:45.451Z] [Late-Dbg] User 59 Final: LateCount=2, Amt=583.33, Days=0.5
[2026-07-24T09:50:45.638Z] [Late-Dbg] User 61 Final: LateCount=0, Amt=0, Days=0
[2026-07-24T09:50:45.673Z] [Late-Dbg] User 62 Final: LateCount=0, Amt=0, Days=0
[2026-07-24T09:50:45.707Z] [Late-Dbg] User 63 Final: LateCount=0, Amt=0, Days=0
[2026-07-24T09:50:45.755Z] [Late-Dbg] User 64 Final: LateCount=0, Amt=0, Days=0
[2026-07-24T09:50:45.821Z] [Late-Dbg] User 65 Final: LateCount=1, Amt=1133.33, Days=1
[2026-07-24T09:50:45.879Z] [Late-Dbg] User 68 Final: LateCount=0, Amt=0, Days=0
[2026-07-24T09:50:46.058Z] [Late-Dbg] User 69 Final: LateCount=0, Amt=0, Days=0
[2026-07-24T09:50:46.480Z] [Late-Dbg] User 70 Final: LateCount=0, Amt=0, Days=0
[2026-07-24T09:50:46.520Z] [Late-Dbg] User 98 Final: LateCount=0, Amt=0, Days=0
[2026-07-24T09:50:46.562Z] [Late-Dbg] User 103 Final: LateCount=0, Amt=0, Days=0
[2026-07-24T09:50:46.603Z] [Late-Dbg] User 107 Final: LateCount=0, Amt=0, Days=0
[2026-07-24T09:50:46.640Z] [Late-Dbg] User 108 Final: LateCount=0, Amt=0, Days=0
[2026-07-24T09:50:46.677Z] [Late-Dbg] User 109 Final: LateCount=0, Amt=0, Days=0
[2026-07-24T09:50:46.729Z] [Late-Dbg] User 182 Final: LateCount=0, Amt=0, Days=0
[2026-07-24T09:50:46.869Z] [Late-Dbg] User 185 Final: LateCount=0, Amt=0, Days=0
[2026-07-24T09:50:47.186Z] [Late-Dbg] User 186 Final: LateCount=0, Amt=0, Days=0
[2026-07-24T09:50:47.217Z] [Late-Dbg] User 188 Final: LateCount=0, Amt=0, Days=0
[2026-07-24T09:52:15.505Z] [Late-Dbg] User 57 Final: LateCount=0, Amt=0, Days=0
[Admin-Bonus] SKIP: User 57, Rule Active=true, RuleMonth=2026-04, TargetMonth=2026-06
[2026-07-24T09:52:15.615Z] [Late-Dbg] User 58 Final: LateCount=0, Amt=0, Days=0
[Admin-Bonus] SKIP: User 58, Rule Active=true, RuleMonth=2026-04, TargetMonth=2026-06
[2026-07-24T09:52:15.750Z] [Late-Dbg] User 59 Final: LateCount=2, Amt=583.33, Days=0.5
[2026-07-24T09:52:15.946Z] [Late-Dbg] User 61 Final: LateCount=0, Amt=0, Days=0
[2026-07-24T09:52:15.994Z] [Late-Dbg] User 62 Final: LateCount=0, Amt=0, Days=0
[2026-07-24T09:52:16.029Z] [Late-Dbg] User 63 Final: LateCount=0, Amt=0, Days=0
[2026-07-24T09:52:16.111Z] [Late-Dbg] User 64 Final: LateCount=0, Amt=0, Days=0
[2026-07-24T09:52:16.191Z] [Late-Dbg] User 65 Final: LateCount=1, Amt=1133.33, Days=1
[2026-07-24T09:52:16.248Z] [Late-Dbg] User 68 Final: LateCount=0, Amt=0, Days=0
[2026-07-24T09:52:16.463Z] [Late-Dbg] User 69 Final: LateCount=0, Amt=0, Days=0
[2026-07-24T09:52:16.870Z] [Late-Dbg] User 70 Final: LateCount=0, Amt=0, Days=0
[2026-07-24T09:52:16.905Z] [Late-Dbg] User 98 Final: LateCount=0, Amt=0, Days=0
[2026-07-24T09:52:16.942Z] [Late-Dbg] User 103 Final: LateCount=0, Amt=0, Days=0
[2026-07-24T09:52:16.979Z] [Late-Dbg] User 107 Final: LateCount=0, Amt=0, Days=0
[2026-07-24T09:52:17.019Z] [Late-Dbg] User 108 Final: LateCount=0, Amt=0, Days=0
[2026-07-24T09:52:17.065Z] [Late-Dbg] User 109 Final: LateCount=0, Amt=0, Days=0
[2026-07-24T09:52:17.118Z] [Late-Dbg] User 182 Final: LateCount=0, Amt=0, Days=0
[2026-07-24T09:52:17.274Z] [Late-Dbg] User 185 Final: LateCount=0, Amt=0, Days=0
[2026-07-24T09:52:17.608Z] [Late-Dbg] User 186 Final: LateCount=0, Amt=0, Days=0
[2026-07-24T09:52:17.639Z] [Late-Dbg] User 188 Final: LateCount=0, Amt=0, Days=0
[2026-07-24T09:55:14.318Z] [Late-Dbg] User 57 Final: LateCount=0, Amt=0, Days=0
[Admin-Bonus] SKIP: User 57, Rule Active=true, RuleMonth=2026-04, TargetMonth=2026-06
[2026-07-24T09:55:14.418Z] [Late-Dbg] User 58 Final: LateCount=0, Amt=0, Days=0
[Admin-Bonus] SKIP: User 58, Rule Active=true, RuleMonth=2026-04, TargetMonth=2026-06
[2026-07-24T09:55:14.594Z] [Late-Dbg] User 59 Final: LateCount=2, Amt=583.33, Days=0.5
[2026-07-24T09:55:14.781Z] [Late-Dbg] User 61 Final: LateCount=0, Amt=0, Days=0
[2026-07-24T09:55:14.830Z] [Late-Dbg] User 62 Final: LateCount=0, Amt=0, Days=0
[2026-07-24T09:55:14.878Z] [Late-Dbg] User 63 Final: LateCount=0, Amt=0, Days=0
[2026-07-24T09:55:14.945Z] [Late-Dbg] User 64 Final: LateCount=0, Amt=0, Days=0
[2026-07-24T09:55:15.031Z] [Late-Dbg] User 65 Final: LateCount=1, Amt=1133.33, Days=1
[2026-07-24T09:55:15.102Z] [Late-Dbg] User 68 Final: LateCount=0, Amt=0, Days=0
[2026-07-24T09:55:15.320Z] [Late-Dbg] User 69 Final: LateCount=0, Amt=0, Days=0
[2026-07-24T09:55:15.856Z] [Late-Dbg] User 70 Final: LateCount=0, Amt=0, Days=0
[2026-07-24T09:55:15.905Z] [Late-Dbg] User 98 Final: LateCount=0, Amt=0, Days=0
[2026-07-24T09:55:15.954Z] [Late-Dbg] User 103 Final: LateCount=0, Amt=0, Days=0
[2026-07-24T09:55:15.994Z] [Late-Dbg] User 107 Final: LateCount=0, Amt=0, Days=0
[2026-07-24T09:55:16.064Z] [Late-Dbg] User 108 Final: LateCount=0, Amt=0, Days=0
[2026-07-24T09:55:16.140Z] [Late-Dbg] User 109 Final: LateCount=0, Amt=0, Days=0
[2026-07-24T09:55:16.241Z] [Late-Dbg] User 182 Final: LateCount=0, Amt=0, Days=0
[2026-07-24T09:55:16.488Z] [Late-Dbg] User 185 Final: LateCount=0, Amt=0, Days=0
[2026-07-24T09:55:16.947Z] [Late-Dbg] User 186 Final: LateCount=0, Amt=0, Days=0
[2026-07-24T09:55:16.988Z] [Late-Dbg] User 188 Final: LateCount=0, Amt=0, Days=0
[2026-07-24T09:56:02.637Z] [Late-Dbg] User 57 Final: LateCount=0, Amt=0, Days=0
[Admin-Bonus] SKIP: User 57, Rule Active=true, RuleMonth=2026-04, TargetMonth=2026-06
[2026-07-24T09:56:02.764Z] [Late-Dbg] User 58 Final: LateCount=0, Amt=0, Days=0
[Admin-Bonus] SKIP: User 58, Rule Active=true, RuleMonth=2026-04, TargetMonth=2026-06
[2026-07-24T09:56:02.962Z] [Late-Dbg] User 59 Final: LateCount=2, Amt=583.33, Days=0.5
[2026-07-24T09:56:03.147Z] [Late-Dbg] User 61 Final: LateCount=0, Amt=0, Days=0
[2026-07-24T09:56:03.202Z] [Late-Dbg] User 62 Final: LateCount=0, Amt=0, Days=0
[2026-07-24T09:56:03.271Z] [Late-Dbg] User 63 Final: LateCount=0, Amt=0, Days=0
[2026-07-24T09:56:03.372Z] [Late-Dbg] User 64 Final: LateCount=0, Amt=0, Days=0
[2026-07-24T09:56:03.475Z] [Late-Dbg] User 65 Final: LateCount=1, Amt=1133.33, Days=1
[2026-07-24T09:56:03.543Z] [Late-Dbg] User 68 Final: LateCount=0, Amt=0, Days=0
[2026-07-24T09:56:03.846Z] [Late-Dbg] User 69 Final: LateCount=0, Amt=0, Days=0
[2026-07-24T09:56:04.633Z] [Late-Dbg] User 70 Final: LateCount=0, Amt=0, Days=0
[2026-07-24T09:56:04.710Z] [Late-Dbg] User 98 Final: LateCount=0, Amt=0, Days=0
[2026-07-24T09:56:04.782Z] [Late-Dbg] User 103 Final: LateCount=0, Amt=0, Days=0
[2026-07-24T09:56:04.851Z] [Late-Dbg] User 107 Final: LateCount=0, Amt=0, Days=0
[2026-07-24T09:56:04.921Z] [Late-Dbg] User 108 Final: LateCount=0, Amt=0, Days=0
[2026-07-24T09:56:04.998Z] [Late-Dbg] User 109 Final: LateCount=0, Amt=0, Days=0
[2026-07-24T09:56:05.100Z] [Late-Dbg] User 182 Final: LateCount=0, Amt=0, Days=0
[2026-07-24T09:56:05.423Z] [Late-Dbg] User 185 Final: LateCount=0, Amt=0, Days=0
[2026-07-24T09:56:06.035Z] [Late-Dbg] User 186 Final: LateCount=0, Amt=0, Days=0
[2026-07-24T09:56:06.075Z] [Late-Dbg] User 188 Final: LateCount=0, Amt=0, Days=0
[2026-07-24T13:13:54.961Z] [Late-Dbg] User 57 Final: LateCount=0, Amt=0, Days=0
[Admin-Bonus] SKIP: User 57, Rule Active=true, RuleMonth=2026-04, TargetMonth=2026-06
[2026-07-24T13:13:55.200Z] [Late-Dbg] User 58 Final: LateCount=0, Amt=0, Days=0
[Admin-Bonus] SKIP: User 58, Rule Active=true, RuleMonth=2026-04, TargetMonth=2026-06
[2026-07-24T13:13:55.384Z] [Late-Dbg] User 59 Final: LateCount=2, Amt=583.33, Days=0.5
[2026-07-24T13:13:55.538Z] [Late-Dbg] User 61 Final: LateCount=0, Amt=0, Days=0
[2026-07-24T13:13:55.577Z] [Late-Dbg] User 62 Final: LateCount=0, Amt=0, Days=0
[2026-07-24T13:13:55.619Z] [Late-Dbg] User 63 Final: LateCount=0, Amt=0, Days=0
[2026-07-24T13:13:55.677Z] [Late-Dbg] User 64 Final: LateCount=0, Amt=0, Days=0
[2026-07-24T13:13:55.761Z] [Late-Dbg] User 65 Final: LateCount=1, Amt=1133.33, Days=1
[2026-07-24T13:13:55.829Z] [Late-Dbg] User 68 Final: LateCount=0, Amt=0, Days=0
[2026-07-24T13:13:56.003Z] [Late-Dbg] User 69 Final: LateCount=0, Amt=0, Days=0
[2026-07-24T13:13:56.475Z] [Late-Dbg] User 70 Final: LateCount=0, Amt=0, Days=0
[2026-07-24T13:13:56.509Z] [Late-Dbg] User 98 Final: LateCount=0, Amt=0, Days=0
[2026-07-24T13:13:56.553Z] [Late-Dbg] User 103 Final: LateCount=0, Amt=0, Days=0
[2026-07-24T13:13:56.592Z] [Late-Dbg] User 107 Final: LateCount=0, Amt=0, Days=0
[2026-07-24T13:13:56.637Z] [Late-Dbg] User 108 Final: LateCount=0, Amt=0, Days=0
[2026-07-24T13:13:56.683Z] [Late-Dbg] User 109 Final: LateCount=0, Amt=0, Days=0
[2026-07-24T13:13:56.742Z] [Late-Dbg] User 182 Final: LateCount=0, Amt=0, Days=0
[2026-07-24T13:13:56.936Z] [Late-Dbg] User 185 Final: LateCount=0, Amt=0, Days=0
[2026-07-24T13:13:57.422Z] [Late-Dbg] User 186 Final: LateCount=0, Amt=0, Days=0
[2026-07-24T13:13:57.459Z] [Late-Dbg] User 188 Final: LateCount=0, Amt=0, Days=0
[2026-07-24T13:13:57.495Z] [Late-Dbg] User 194 Final: LateCount=0, Amt=0, Days=0
[2026-07-25T10:00:59.397Z] [Late-Dbg] User 57 Final: LateCount=0, Amt=0, Days=0
[2026-07-25T10:00:59.484Z] [Late-Dbg] User 58 Final: LateCount=0, Amt=0, Days=0
[2026-07-25T10:00:59.531Z] [Late-Dbg] User 59 Final: LateCount=0, Amt=0, Days=0
[2026-07-25T10:00:59.575Z] [Late-Dbg] User 61 Final: LateCount=0, Amt=0, Days=0
[2026-07-25T10:00:59.622Z] [Late-Dbg] User 62 Final: LateCount=0, Amt=0, Days=0
[2026-07-25T10:00:59.658Z] [Late-Dbg] User 63 Final: LateCount=0, Amt=0, Days=0
[2026-07-25T10:00:59.702Z] [Late-Dbg] User 64 Final: LateCount=0, Amt=0, Days=0
[2026-07-25T10:00:59.740Z] [Late-Dbg] User 65 Final: LateCount=0, Amt=0, Days=0
[2026-07-25T10:00:59.776Z] [Late-Dbg] User 68 Final: LateCount=0, Amt=0, Days=0
[2026-07-25T10:00:59.849Z] [Late-Dbg] User 69 Final: LateCount=0, Amt=0, Days=0
[2026-07-25T10:00:59.956Z] [Late-Dbg] User 70 Final: LateCount=0, Amt=0, Days=0
[2026-07-25T10:01:00.049Z] [Late-Dbg] User 98 Final: LateCount=0, Amt=0, Days=0
[2026-07-25T10:01:00.092Z] [Late-Dbg] User 103 Final: LateCount=0, Amt=0, Days=0
[2026-07-25T10:01:00.124Z] [Late-Dbg] User 107 Final: LateCount=0, Amt=0, Days=0
[2026-07-25T10:01:00.156Z] [Late-Dbg] User 108 Final: LateCount=0, Amt=0, Days=0
[2026-07-25T10:01:00.188Z] [Late-Dbg] User 109 Final: LateCount=0, Amt=0, Days=0
[2026-07-25T10:01:00.226Z] [Late-Dbg] User 182 Final: LateCount=0, Amt=0, Days=0
[2026-07-25T10:01:00.255Z] [Late-Dbg] User 185 Final: LateCount=0, Amt=0, Days=0
[2026-07-25T10:01:00.285Z] [Late-Dbg] User 186 Final: LateCount=0, Amt=0, Days=0
[2026-07-25T10:01:00.312Z] [Late-Dbg] User 188 Final: LateCount=0, Amt=0, Days=0
[2026-07-25T10:01:00.385Z] [Late-Dbg] User 195 Final: LateCount=0, Amt=0, Days=0
[Admin-Bonus] SUCCESS: User 195, Rule=rule3, Joining=2026-01-01, Tenure=6mo, PaidBefore=0mo, NewPaid=6mo, Percent=10%, Bonus=903
[2026-07-25T10:13:57.933Z] [Late-Dbg] User 57 Final: LateCount=0, Amt=0, Days=0
[2026-07-25T10:13:58.054Z] [Late-Dbg] User 58 Final: LateCount=0, Amt=0, Days=0
[2026-07-25T10:13:58.121Z] [Late-Dbg] User 59 Final: LateCount=0, Amt=0, Days=0
[2026-07-25T10:13:58.194Z] [Late-Dbg] User 61 Final: LateCount=0, Amt=0, Days=0
[2026-07-25T10:13:58.266Z] [Late-Dbg] User 62 Final: LateCount=0, Amt=0, Days=0
[2026-07-25T10:13:58.334Z] [Late-Dbg] User 63 Final: LateCount=0, Amt=0, Days=0
[2026-07-25T10:13:58.401Z] [Late-Dbg] User 64 Final: LateCount=0, Amt=0, Days=0
[2026-07-25T10:13:58.459Z] [Late-Dbg] User 65 Final: LateCount=0, Amt=0, Days=0
[2026-07-25T10:13:58.525Z] [Late-Dbg] User 68 Final: LateCount=0, Amt=0, Days=0
[2026-07-25T10:13:58.676Z] [Late-Dbg] User 69 Final: LateCount=0, Amt=0, Days=0
[2026-07-25T10:13:58.909Z] [Late-Dbg] User 70 Final: LateCount=0, Amt=0, Days=0
[2026-07-25T10:13:59.021Z] [Late-Dbg] User 98 Final: LateCount=0, Amt=0, Days=0
[2026-07-25T10:13:59.117Z] [Late-Dbg] User 103 Final: LateCount=0, Amt=0, Days=0
[2026-07-25T10:13:59.159Z] [Late-Dbg] User 107 Final: LateCount=0, Amt=0, Days=0
[2026-07-25T10:13:59.211Z] [Late-Dbg] User 108 Final: LateCount=0, Amt=0, Days=0
[2026-07-25T10:13:59.295Z] [Late-Dbg] User 109 Final: LateCount=0, Amt=0, Days=0
[2026-07-25T10:13:59.486Z] [Late-Dbg] User 182 Final: LateCount=0, Amt=0, Days=0
[2026-07-25T10:13:59.555Z] [Late-Dbg] User 185 Final: LateCount=0, Amt=0, Days=0
[2026-07-25T10:13:59.612Z] [Late-Dbg] User 186 Final: LateCount=0, Amt=0, Days=0
[2026-07-25T10:13:59.671Z] [Late-Dbg] User 188 Final: LateCount=0, Amt=0, Days=0
[2026-07-25T10:13:59.837Z] [Late-Dbg] User 195 Final: LateCount=0, Amt=0, Days=0
[Admin-Bonus] SUCCESS: User 195, Rule=rule3, Joining=2026-01-01, Tenure=6mo, PaidBefore=0mo, NewPaid=6mo, Percent=60%, Bonus=5419
[2026-07-25T10:19:12.338Z] [Late-Dbg] User 57 Final: LateCount=0, Amt=0, Days=0
[2026-07-25T10:19:12.564Z] [Late-Dbg] User 58 Final: LateCount=0, Amt=0, Days=0
[2026-07-25T10:19:12.712Z] [Late-Dbg] User 59 Final: LateCount=0, Amt=0, Days=0
[2026-07-25T10:19:12.845Z] [Late-Dbg] User 61 Final: LateCount=0, Amt=0, Days=0
[2026-07-25T10:19:12.921Z] [Late-Dbg] User 62 Final: LateCount=0, Amt=0, Days=0
[2026-07-25T10:19:12.993Z] [Late-Dbg] User 63 Final: LateCount=0, Amt=0, Days=0
[2026-07-25T10:19:13.071Z] [Late-Dbg] User 64 Final: LateCount=0, Amt=0, Days=0
[2026-07-25T10:19:13.143Z] [Late-Dbg] User 65 Final: LateCount=0, Amt=0, Days=0
[2026-07-25T10:19:13.223Z] [Late-Dbg] User 68 Final: LateCount=0, Amt=0, Days=0
[2026-07-25T10:19:13.400Z] [Late-Dbg] User 69 Final: LateCount=0, Amt=0, Days=0
[2026-07-25T10:19:13.709Z] [Late-Dbg] User 70 Final: LateCount=0, Amt=0, Days=0
[2026-07-25T10:19:13.792Z] [Late-Dbg] User 98 Final: LateCount=0, Amt=0, Days=0
[2026-07-25T10:19:13.877Z] [Late-Dbg] User 103 Final: LateCount=0, Amt=0, Days=0
[2026-07-25T10:19:13.952Z] [Late-Dbg] User 107 Final: LateCount=0, Amt=0, Days=0
[2026-07-25T10:19:14.118Z] [Late-Dbg] User 108 Final: LateCount=0, Amt=0, Days=0
[2026-07-25T10:19:14.183Z] [Late-Dbg] User 109 Final: LateCount=0, Amt=0, Days=0
[2026-07-25T10:19:14.247Z] [Late-Dbg] User 182 Final: LateCount=0, Amt=0, Days=0
[2026-07-25T10:19:14.312Z] [Late-Dbg] User 185 Final: LateCount=0, Amt=0, Days=0
[2026-07-25T10:19:14.375Z] [Late-Dbg] User 186 Final: LateCount=0, Amt=0, Days=0
[2026-07-25T10:19:14.434Z] [Late-Dbg] User 188 Final: LateCount=0, Amt=0, Days=0
[2026-07-25T10:19:14.602Z] [Late-Dbg] User 195 Final: LateCount=0, Amt=0, Days=0
[Admin-Bonus] SUCCESS: User 195, Rule=rule3, Joining=2026-01-01, Tenure=7mo, PaidBefore=0mo, NewPaid=7mo, Percent=70%, Bonus=6323
[2026-07-25T10:24:47.841Z] [Late-Dbg] User 57 Final: LateCount=0, Amt=0, Days=0
[2026-07-25T10:24:48.003Z] [Late-Dbg] User 58 Final: LateCount=0, Amt=0, Days=0
[2026-07-25T10:24:48.084Z] [Late-Dbg] User 59 Final: LateCount=0, Amt=0, Days=0
[2026-07-25T10:24:48.152Z] [Late-Dbg] User 61 Final: LateCount=0, Amt=0, Days=0
[2026-07-25T10:24:48.218Z] [Late-Dbg] User 62 Final: LateCount=0, Amt=0, Days=0
[2026-07-25T10:24:48.278Z] [Late-Dbg] User 63 Final: LateCount=0, Amt=0, Days=0
[2026-07-25T10:24:48.346Z] [Late-Dbg] User 64 Final: LateCount=0, Amt=0, Days=0
[2026-07-25T10:24:48.407Z] [Late-Dbg] User 65 Final: LateCount=0, Amt=0, Days=0
[2026-07-25T10:24:48.476Z] [Late-Dbg] User 68 Final: LateCount=0, Amt=0, Days=0
[2026-07-25T10:24:48.626Z] [Late-Dbg] User 69 Final: LateCount=0, Amt=0, Days=0
[2026-07-25T10:24:48.902Z] [Late-Dbg] User 70 Final: LateCount=0, Amt=0, Days=0
[2026-07-25T10:24:48.956Z] [Late-Dbg] User 98 Final: LateCount=0, Amt=0, Days=0
[2026-07-25T10:24:49.007Z] [Late-Dbg] User 103 Final: LateCount=0, Amt=0, Days=0
[2026-07-25T10:24:49.068Z] [Late-Dbg] User 107 Final: LateCount=0, Amt=0, Days=0
[2026-07-25T10:24:49.125Z] [Late-Dbg] User 108 Final: LateCount=0, Amt=0, Days=0
[2026-07-25T10:24:49.196Z] [Late-Dbg] User 109 Final: LateCount=0, Amt=0, Days=0
[2026-07-25T10:24:49.254Z] [Late-Dbg] User 182 Final: LateCount=0, Amt=0, Days=0
[2026-07-25T10:24:49.294Z] [Late-Dbg] User 185 Final: LateCount=0, Amt=0, Days=0
[2026-07-25T10:24:49.344Z] [Late-Dbg] User 186 Final: LateCount=0, Amt=0, Days=0
[2026-07-25T10:24:49.383Z] [Late-Dbg] User 188 Final: LateCount=0, Amt=0, Days=0
[2026-07-25T10:24:49.486Z] [Late-Dbg] User 195 Final: LateCount=0, Amt=0, Days=0
[Admin-Bonus] SUCCESS: User 195, Rule=rule3, Joining=2026-01-01, Tenure=7mo, PaidBefore=0mo, NewPaid=7mo, Percent=70%, Bonus=6323
[2026-07-25T10:29:49.422Z] [Late-Dbg] User 57 Final: LateCount=0, Amt=0, Days=0
[2026-07-25T10:29:49.552Z] [Late-Dbg] User 58 Final: LateCount=0, Amt=0, Days=0
[2026-07-25T10:29:49.618Z] [Late-Dbg] User 59 Final: LateCount=0, Amt=0, Days=0
[2026-07-25T10:29:49.659Z] [Late-Dbg] User 61 Final: LateCount=0, Amt=0, Days=0
[2026-07-25T10:29:49.696Z] [Late-Dbg] User 62 Final: LateCount=0, Amt=0, Days=0
[2026-07-25T10:29:49.739Z] [Late-Dbg] User 63 Final: LateCount=0, Amt=0, Days=0
[2026-07-25T10:29:49.787Z] [Late-Dbg] User 64 Final: LateCount=0, Amt=0, Days=0
[2026-07-25T10:29:49.825Z] [Late-Dbg] User 65 Final: LateCount=0, Amt=0, Days=0
[2026-07-25T10:29:49.864Z] [Late-Dbg] User 68 Final: LateCount=0, Amt=0, Days=0
[2026-07-25T10:29:50.004Z] [Late-Dbg] User 69 Final: LateCount=0, Amt=0, Days=0
[2026-07-25T10:29:50.103Z] [Late-Dbg] User 70 Final: LateCount=0, Amt=0, Days=0
[2026-07-25T10:29:50.163Z] [Late-Dbg] User 98 Final: LateCount=0, Amt=0, Days=0
[2026-07-25T10:29:50.212Z] [Late-Dbg] User 103 Final: LateCount=0, Amt=0, Days=0
[2026-07-25T10:29:50.256Z] [Late-Dbg] User 107 Final: LateCount=0, Amt=0, Days=0
[2026-07-25T10:29:50.294Z] [Late-Dbg] User 108 Final: LateCount=0, Amt=0, Days=0
[2026-07-25T10:29:50.341Z] [Late-Dbg] User 109 Final: LateCount=0, Amt=0, Days=0
[2026-07-25T10:29:50.379Z] [Late-Dbg] User 182 Final: LateCount=0, Amt=0, Days=0
[2026-07-25T10:29:50.420Z] [Late-Dbg] User 185 Final: LateCount=0, Amt=0, Days=0
[2026-07-25T10:29:50.458Z] [Late-Dbg] User 186 Final: LateCount=0, Amt=0, Days=0
[2026-07-25T10:29:50.493Z] [Late-Dbg] User 188 Final: LateCount=0, Amt=0, Days=0
[2026-07-25T10:29:50.595Z] [Late-Dbg] User 195 Final: LateCount=0, Amt=0, Days=0
[Admin-Bonus] SUCCESS: User 195, Rule=rule3, Joining=2026-01-01, Tenure=7mo, PaidBefore=0mo, NewPaid=7mo, Percent=70%, Bonus=6322.58
[2026-07-25T11:10:33.088Z] [User 195] calculateSalary (Existing): lpResult: {"latePunchInMinutes":0,"latePunchInPenalty":0,"latePenaltyDays":0,"lateCount":0,"lateDetails":[]}
[2026-07-25T11:10:33.183Z] [User 195] calculateSalary (Existing): lpResult: {"latePunchInMinutes":0,"latePunchInPenalty":0,"latePenaltyDays":0,"lateCount":0,"lateDetails":[]}
[2026-07-25T11:14:36.000Z] [User 195] calculateSalary (Live): lpResult: {"latePunchInMinutes":0,"latePunchInPenalty":0,"latePenaltyDays":0,"lateCount":0,"lateDetails":[]}
[2026-07-25T11:14:36.144Z] [User 195] calculateSalary (Live): lpResult: {"latePunchInMinutes":0,"latePunchInPenalty":0,"latePenaltyDays":0,"lateCount":0,"lateDetails":[]}
[Bonus] User 195: Rule=rule3, Tenure=7mo, PaidBefore=0mo, NewPaid=7mo, Bonus=1699.19
[2026-07-25T11:15:39.855Z] [User 195] calculateSalary (Live): lpResult: {"latePunchInMinutes":0,"latePunchInPenalty":0,"latePenaltyDays":0,"lateCount":0,"lateDetails":[]}
[2026-07-25T11:16:22.208Z] [User 195] calculateSalary (Live): lpResult: {"latePunchInMinutes":0,"latePunchInPenalty":0,"latePenaltyDays":0,"lateCount":0,"lateDetails":[]}
[Bonus] User 195: Rule=rule3, Tenure=7mo, PaidBefore=0mo, NewPaid=7mo, Bonus=6321
[2026-07-25T11:16:53.315Z] [User 195] calculateSalary (Live): lpResult: {"latePunchInMinutes":0,"latePunchInPenalty":0,"latePenaltyDays":0,"lateCount":0,"lateDetails":[]}
[Bonus] User 195: Rule=rule3, Tenure=7mo, PaidBefore=0mo, NewPaid=7mo, Bonus=6321
[2026-07-25T11:16:53.435Z] [User 195] calculateSalary (Live): lpResult: {"latePunchInMinutes":0,"latePunchInPenalty":0,"latePenaltyDays":0,"lateCount":0,"lateDetails":[]}
[Bonus] User 195: Rule=rule3, Tenure=7mo, PaidBefore=0mo, NewPaid=7mo, Bonus=1699.19
[2026-07-25T11:18:50.040Z] [Late-Dbg] User 57 Final: LateCount=0, Amt=0, Days=0
[2026-07-25T11:18:50.154Z] [Late-Dbg] User 58 Final: LateCount=0, Amt=0, Days=0
[2026-07-25T11:18:50.210Z] [Late-Dbg] User 59 Final: LateCount=0, Amt=0, Days=0
[2026-07-25T11:18:50.257Z] [Late-Dbg] User 61 Final: LateCount=0, Amt=0, Days=0
[2026-07-25T11:18:50.331Z] [Late-Dbg] User 62 Final: LateCount=0, Amt=0, Days=0
[2026-07-25T11:18:50.402Z] [Late-Dbg] User 63 Final: LateCount=0, Amt=0, Days=0
[2026-07-25T11:18:50.471Z] [Late-Dbg] User 64 Final: LateCount=0, Amt=0, Days=0
[2026-07-25T11:18:50.536Z] [Late-Dbg] User 65 Final: LateCount=0, Amt=0, Days=0
[2026-07-25T11:18:50.612Z] [Late-Dbg] User 68 Final: LateCount=0, Amt=0, Days=0
[2026-07-25T11:18:50.806Z] [Late-Dbg] User 69 Final: LateCount=0, Amt=0, Days=0
[2026-07-25T11:18:51.053Z] [Late-Dbg] User 70 Final: LateCount=0, Amt=0, Days=0
[2026-07-25T11:18:51.150Z] [Late-Dbg] User 98 Final: LateCount=0, Amt=0, Days=0
[2026-07-25T11:18:51.217Z] [Late-Dbg] User 103 Final: LateCount=0, Amt=0, Days=0
[2026-07-25T11:18:51.272Z] [Late-Dbg] User 107 Final: LateCount=0, Amt=0, Days=0
[2026-07-25T11:18:51.329Z] [Late-Dbg] User 108 Final: LateCount=0, Amt=0, Days=0
[2026-07-25T11:18:51.388Z] [Late-Dbg] User 109 Final: LateCount=0, Amt=0, Days=0
[2026-07-25T11:18:51.545Z] [Late-Dbg] User 182 Final: LateCount=0, Amt=0, Days=0
[2026-07-25T11:18:51.601Z] [Late-Dbg] User 185 Final: LateCount=0, Amt=0, Days=0
[2026-07-25T11:18:51.644Z] [Late-Dbg] User 186 Final: LateCount=0, Amt=0, Days=0
[2026-07-25T11:18:51.700Z] [Late-Dbg] User 188 Final: LateCount=0, Amt=0, Days=0
[2026-07-25T11:18:51.847Z] [Late-Dbg] User 195 Final: LateCount=0, Amt=0, Days=0
[Admin-Bonus] ERROR: User 195, totalBonusPercent is not defined
[2026-07-25T11:19:30.330Z] [Late-Dbg] User 57 Final: LateCount=0, Amt=0, Days=0
[2026-07-25T11:19:30.423Z] [Late-Dbg] User 58 Final: LateCount=0, Amt=0, Days=0
[2026-07-25T11:19:30.475Z] [Late-Dbg] User 59 Final: LateCount=0, Amt=0, Days=0
[2026-07-25T11:19:30.523Z] [Late-Dbg] User 61 Final: LateCount=0, Amt=0, Days=0
[2026-07-25T11:19:30.571Z] [Late-Dbg] User 62 Final: LateCount=0, Amt=0, Days=0
[2026-07-25T11:19:30.628Z] [Late-Dbg] User 63 Final: LateCount=0, Amt=0, Days=0
[2026-07-25T11:19:30.683Z] [Late-Dbg] User 64 Final: LateCount=0, Amt=0, Days=0
[2026-07-25T11:19:30.740Z] [Late-Dbg] User 65 Final: LateCount=0, Amt=0, Days=0
[2026-07-25T11:19:30.795Z] [Late-Dbg] User 68 Final: LateCount=0, Amt=0, Days=0
[2026-07-25T11:19:30.950Z] [Late-Dbg] User 69 Final: LateCount=0, Amt=0, Days=0
[2026-07-25T11:19:31.136Z] [Late-Dbg] User 70 Final: LateCount=0, Amt=0, Days=0
[2026-07-25T11:19:31.197Z] [Late-Dbg] User 98 Final: LateCount=0, Amt=0, Days=0
[2026-07-25T11:19:31.262Z] [Late-Dbg] User 103 Final: LateCount=0, Amt=0, Days=0
[2026-07-25T11:19:31.325Z] [Late-Dbg] User 107 Final: LateCount=0, Amt=0, Days=0
[2026-07-25T11:19:31.390Z] [Late-Dbg] User 108 Final: LateCount=0, Amt=0, Days=0
[2026-07-25T11:19:31.452Z] [Late-Dbg] User 109 Final: LateCount=0, Amt=0, Days=0
[2026-07-25T11:19:31.512Z] [Late-Dbg] User 182 Final: LateCount=0, Amt=0, Days=0
[2026-07-25T11:19:31.577Z] [Late-Dbg] User 185 Final: LateCount=0, Amt=0, Days=0
[2026-07-25T11:19:31.657Z] [Late-Dbg] User 186 Final: LateCount=0, Amt=0, Days=0
[2026-07-25T11:19:31.812Z] [Late-Dbg] User 188 Final: LateCount=0, Amt=0, Days=0
[2026-07-25T11:19:31.981Z] [Late-Dbg] User 195 Final: LateCount=0, Amt=0, Days=0
[Admin-Bonus] ERROR: User 195, totalBonusPercent is not defined
[2026-07-25T11:22:58.070Z] [Late-Dbg] User 57 Final: LateCount=0, Amt=0, Days=0
[2026-07-25T11:22:58.117Z] [Late-Dbg] User 58 Final: LateCount=0, Amt=0, Days=0
[2026-07-25T11:22:58.177Z] [Late-Dbg] User 59 Final: LateCount=0, Amt=0, Days=0
[2026-07-25T11:22:58.237Z] [Late-Dbg] User 61 Final: LateCount=0, Amt=0, Days=0
[2026-07-25T11:22:58.292Z] [Late-Dbg] User 62 Final: LateCount=0, Amt=0, Days=0
[2026-07-25T11:22:58.363Z] [Late-Dbg] User 63 Final: LateCount=0, Amt=0, Days=0
[2026-07-25T11:22:58.462Z] [Late-Dbg] User 64 Final: LateCount=0, Amt=0, Days=0
[2026-07-25T11:22:58.498Z] [Late-Dbg] User 65 Final: LateCount=0, Amt=0, Days=0
[2026-07-25T11:22:58.537Z] [Late-Dbg] User 68 Final: LateCount=0, Amt=0, Days=0
[2026-07-25T11:22:58.647Z] [Late-Dbg] User 69 Final: LateCount=0, Amt=0, Days=0
[2026-07-25T11:22:58.825Z] [Late-Dbg] User 70 Final: LateCount=0, Amt=0, Days=0
[2026-07-25T11:22:58.880Z] [Late-Dbg] User 98 Final: LateCount=0, Amt=0, Days=0
[2026-07-25T11:22:58.938Z] [Late-Dbg] User 103 Final: LateCount=0, Amt=0, Days=0
[2026-07-25T11:22:58.997Z] [Late-Dbg] User 107 Final: LateCount=0, Amt=0, Days=0
[2026-07-25T11:22:59.055Z] [Late-Dbg] User 108 Final: LateCount=0, Amt=0, Days=0
[2026-07-25T11:22:59.165Z] [Late-Dbg] User 109 Final: LateCount=0, Amt=0, Days=0
[2026-07-25T11:22:59.222Z] [Late-Dbg] User 182 Final: LateCount=0, Amt=0, Days=0
[2026-07-25T11:22:59.283Z] [Late-Dbg] User 185 Final: LateCount=0, Amt=0, Days=0
[2026-07-25T11:22:59.339Z] [Late-Dbg] User 186 Final: LateCount=0, Amt=0, Days=0
[2026-07-25T11:22:59.393Z] [Late-Dbg] User 188 Final: LateCount=0, Amt=0, Days=0
[2026-07-25T11:22:59.532Z] [Late-Dbg] User 195 Final: LateCount=0, Amt=0, Days=0
[Admin-Bonus] ERROR: User 195, totalBonusPercent is not defined
[2026-07-25T11:24:24.099Z] [Late-Dbg] User 57 Final: LateCount=0, Amt=0, Days=0
[2026-07-25T11:24:24.168Z] [Late-Dbg] User 58 Final: LateCount=0, Amt=0, Days=0
[2026-07-25T11:24:24.238Z] [Late-Dbg] User 59 Final: LateCount=0, Amt=0, Days=0
[2026-07-25T11:24:24.319Z] [Late-Dbg] User 61 Final: LateCount=0, Amt=0, Days=0
[2026-07-25T11:24:24.425Z] [Late-Dbg] User 62 Final: LateCount=0, Amt=0, Days=0
[2026-07-25T11:24:24.483Z] [Late-Dbg] User 63 Final: LateCount=0, Amt=0, Days=0
[2026-07-25T11:24:24.538Z] [Late-Dbg] User 64 Final: LateCount=0, Amt=0, Days=0
[2026-07-25T11:24:24.594Z] [Late-Dbg] User 65 Final: LateCount=0, Amt=0, Days=0
[2026-07-25T11:24:24.655Z] [Late-Dbg] User 68 Final: LateCount=0, Amt=0, Days=0
[2026-07-25T11:24:24.809Z] [Late-Dbg] User 69 Final: LateCount=0, Amt=0, Days=0
[2026-07-25T11:24:24.977Z] [Late-Dbg] User 70 Final: LateCount=0, Amt=0, Days=0
[2026-07-25T11:24:25.036Z] [Late-Dbg] User 98 Final: LateCount=0, Amt=0, Days=0
[2026-07-25T11:24:25.115Z] [Late-Dbg] User 103 Final: LateCount=0, Amt=0, Days=0
[2026-07-25T11:24:25.162Z] [Late-Dbg] User 107 Final: LateCount=0, Amt=0, Days=0
[2026-07-25T11:24:25.207Z] [Late-Dbg] User 108 Final: LateCount=0, Amt=0, Days=0
[2026-07-25T11:24:25.256Z] [Late-Dbg] User 109 Final: LateCount=0, Amt=0, Days=0
[2026-07-25T11:24:25.302Z] [Late-Dbg] User 182 Final: LateCount=0, Amt=0, Days=0
[2026-07-25T11:24:25.380Z] [Late-Dbg] User 185 Final: LateCount=0, Amt=0, Days=0
[2026-07-25T11:24:25.424Z] [Late-Dbg] User 186 Final: LateCount=0, Amt=0, Days=0
[2026-07-25T11:24:25.468Z] [Late-Dbg] User 188 Final: LateCount=0, Amt=0, Days=0
[2026-07-25T11:24:25.643Z] [Late-Dbg] User 195 Final: LateCount=0, Amt=0, Days=0
[Admin-Bonus] ERROR: User 195, totalBonusPercent is not defined
[2026-07-25T11:26:14.964Z] [Late-Dbg] User 57 Final: LateCount=0, Amt=0, Days=0
[2026-07-25T11:26:15.093Z] [Late-Dbg] User 58 Final: LateCount=0, Amt=0, Days=0
[2026-07-25T11:26:15.256Z] [Late-Dbg] User 59 Final: LateCount=2, Amt=583.33, Days=0.5
[2026-07-25T11:26:15.463Z] [Late-Dbg] User 61 Final: LateCount=0, Amt=0, Days=0
[2026-07-25T11:26:15.520Z] [Late-Dbg] User 62 Final: LateCount=0, Amt=0, Days=0
[2026-07-25T11:26:15.582Z] [Late-Dbg] User 63 Final: LateCount=0, Amt=0, Days=0
[2026-07-25T11:26:15.663Z] [Late-Dbg] User 64 Final: LateCount=0, Amt=0, Days=0
[2026-07-25T11:26:15.783Z] [Late-Dbg] User 65 Final: LateCount=1, Amt=1133.33, Days=1
[2026-07-25T11:26:15.888Z] [Late-Dbg] User 68 Final: LateCount=0, Amt=0, Days=0
[2026-07-25T11:26:16.292Z] [Late-Dbg] User 69 Final: LateCount=0, Amt=0, Days=0
[2026-07-25T11:26:17.301Z] [Late-Dbg] User 70 Final: LateCount=0, Amt=0, Days=0
[2026-07-25T11:26:17.358Z] [Late-Dbg] User 98 Final: LateCount=0, Amt=0, Days=0
[2026-07-25T11:26:17.407Z] [Late-Dbg] User 103 Final: LateCount=0, Amt=0, Days=0
[2026-07-25T11:26:17.447Z] [Late-Dbg] User 107 Final: LateCount=0, Amt=0, Days=0
[2026-07-25T11:26:17.483Z] [Late-Dbg] User 108 Final: LateCount=0, Amt=0, Days=0
[2026-07-25T11:26:17.516Z] [Late-Dbg] User 109 Final: LateCount=0, Amt=0, Days=0
[2026-07-25T11:26:17.585Z] [Late-Dbg] User 182 Final: LateCount=0, Amt=0, Days=0
[2026-07-25T11:26:17.810Z] [Late-Dbg] User 185 Final: LateCount=0, Amt=0, Days=0
[2026-07-25T11:26:18.144Z] [Late-Dbg] User 186 Final: LateCount=0, Amt=0, Days=0
[2026-07-25T11:26:18.176Z] [Late-Dbg] User 188 Final: LateCount=0, Amt=0, Days=0
[2026-07-25T11:26:18.218Z] [Late-Dbg] User 195 Final: LateCount=0, Amt=0, Days=0
[2026-07-25T11:32:49.404Z] [Late-Dbg] User 57 Final: LateCount=0, Amt=0, Days=0
[2026-07-25T11:32:49.559Z] [Late-Dbg] User 58 Final: LateCount=0, Amt=0, Days=0
[2026-07-25T11:32:49.634Z] [Late-Dbg] User 59 Final: LateCount=0, Amt=0, Days=0
[2026-07-25T11:32:49.691Z] [Late-Dbg] User 61 Final: LateCount=0, Amt=0, Days=0
[2026-07-25T11:32:49.750Z] [Late-Dbg] User 62 Final: LateCount=0, Amt=0, Days=0
[2026-07-25T11:32:49.805Z] [Late-Dbg] User 63 Final: LateCount=0, Amt=0, Days=0
[2026-07-25T11:32:49.853Z] [Late-Dbg] User 64 Final: LateCount=0, Amt=0, Days=0
[2026-07-25T11:32:49.894Z] [Late-Dbg] User 65 Final: LateCount=0, Amt=0, Days=0
[2026-07-25T11:32:49.966Z] [Late-Dbg] User 68 Final: LateCount=0, Amt=0, Days=0
[2026-07-25T11:32:50.129Z] [Late-Dbg] User 69 Final: LateCount=0, Amt=0, Days=0
[2026-07-25T11:32:50.322Z] [Late-Dbg] User 70 Final: LateCount=0, Amt=0, Days=0
[2026-07-25T11:32:50.367Z] [Late-Dbg] User 98 Final: LateCount=0, Amt=0, Days=0
[2026-07-25T11:32:50.411Z] [Late-Dbg] User 103 Final: LateCount=0, Amt=0, Days=0
[2026-07-25T11:32:50.451Z] [Late-Dbg] User 107 Final: LateCount=0, Amt=0, Days=0
[2026-07-25T11:32:50.490Z] [Late-Dbg] User 108 Final: LateCount=0, Amt=0, Days=0
[2026-07-25T11:32:50.554Z] [Late-Dbg] User 109 Final: LateCount=0, Amt=0, Days=0
[2026-07-25T11:32:50.617Z] [Late-Dbg] User 182 Final: LateCount=0, Amt=0, Days=0
[2026-07-25T11:32:50.661Z] [Late-Dbg] User 185 Final: LateCount=0, Amt=0, Days=0
[2026-07-25T11:32:50.713Z] [Late-Dbg] User 186 Final: LateCount=0, Amt=0, Days=0
[2026-07-25T11:32:50.754Z] [Late-Dbg] User 188 Final: LateCount=0, Amt=0, Days=0
[2026-07-25T11:32:50.897Z] [Late-Dbg] User 195 Final: LateCount=0, Amt=0, Days=0
[Admin-Bonus] ERROR: User 195, totalBonusPercent is not defined
[2026-07-25T11:35:34.933Z] [User 195] calculateSalary (Existing): lpResult: {"latePunchInMinutes":0,"latePunchInPenalty":0,"latePenaltyDays":0,"lateCount":0,"lateDetails":[]}
[2026-07-25T11:36:05.726Z] [User 195] calculateSalary (Live): lpResult: {"latePunchInMinutes":0,"latePunchInPenalty":0,"latePenaltyDays":0,"lateCount":0,"lateDetails":[]}
[Bonus] User 195: Rule=rule3, Tenure=7mo, PaidBefore=0mo, NewPaid=7mo, Bonus=6321
[2026-07-25T11:36:52.735Z] [User 195] calculateSalary (Existing): lpResult: {"latePunchInMinutes":0,"latePunchInPenalty":0,"latePenaltyDays":0,"lateCount":0,"lateDetails":[]}
[2026-07-25T11:38:26.417Z] [Late-Dbg] User 57 Final: LateCount=0, Amt=0, Days=0
[2026-07-25T11:38:26.543Z] [Late-Dbg] User 58 Final: LateCount=0, Amt=0, Days=0
[2026-07-25T11:38:26.612Z] [Late-Dbg] User 59 Final: LateCount=0, Amt=0, Days=0
[2026-07-25T11:38:26.681Z] [Late-Dbg] User 61 Final: LateCount=0, Amt=0, Days=0
[2026-07-25T11:38:26.734Z] [Late-Dbg] User 62 Final: LateCount=0, Amt=0, Days=0
[2026-07-25T11:38:26.793Z] [Late-Dbg] User 63 Final: LateCount=0, Amt=0, Days=0
[2026-07-25T11:38:26.846Z] [Late-Dbg] User 64 Final: LateCount=0, Amt=0, Days=0
[2026-07-25T11:38:26.892Z] [Late-Dbg] User 65 Final: LateCount=0, Amt=0, Days=0
[2026-07-25T11:38:26.928Z] [Late-Dbg] User 68 Final: LateCount=0, Amt=0, Days=0
[2026-07-25T11:38:27.012Z] [Late-Dbg] User 69 Final: LateCount=0, Amt=0, Days=0
[2026-07-25T11:38:27.175Z] [Late-Dbg] User 70 Final: LateCount=0, Amt=0, Days=0
[2026-07-25T11:38:27.263Z] [Late-Dbg] User 98 Final: LateCount=0, Amt=0, Days=0
[2026-07-25T11:38:27.337Z] [Late-Dbg] User 103 Final: LateCount=0, Amt=0, Days=0
[2026-07-25T11:38:27.372Z] [Late-Dbg] User 107 Final: LateCount=0, Amt=0, Days=0
[2026-07-25T11:38:27.409Z] [Late-Dbg] User 108 Final: LateCount=0, Amt=0, Days=0
[2026-07-25T11:38:27.452Z] [Late-Dbg] User 109 Final: LateCount=0, Amt=0, Days=0
[2026-07-25T11:38:27.490Z] [Late-Dbg] User 182 Final: LateCount=0, Amt=0, Days=0
[2026-07-25T11:38:27.534Z] [Late-Dbg] User 185 Final: LateCount=0, Amt=0, Days=0
[2026-07-25T11:38:27.569Z] [Late-Dbg] User 186 Final: LateCount=0, Amt=0, Days=0
[2026-07-25T11:38:27.600Z] [Late-Dbg] User 188 Final: LateCount=0, Amt=0, Days=0
[2026-07-25T11:38:27.684Z] [Late-Dbg] User 195 Final: LateCount=0, Amt=0, Days=0
[Admin-Bonus] ERROR: User 195, totalBonusPercent is not defined
[2026-07-25T11:41:27.355Z] [Late-Dbg] User 57 Final: LateCount=0, Amt=0, Days=0
[2026-07-25T11:41:27.441Z] [Late-Dbg] User 58 Final: LateCount=0, Amt=0, Days=0
[2026-07-25T11:41:27.502Z] [Late-Dbg] User 59 Final: LateCount=0, Amt=0, Days=0
[2026-07-25T11:41:27.570Z] [Late-Dbg] User 61 Final: LateCount=0, Amt=0, Days=0
[2026-07-25T11:41:27.626Z] [Late-Dbg] User 62 Final: LateCount=0, Amt=0, Days=0
[2026-07-25T11:41:27.679Z] [Late-Dbg] User 63 Final: LateCount=0, Amt=0, Days=0
[2026-07-25T11:41:27.736Z] [Late-Dbg] User 64 Final: LateCount=0, Amt=0, Days=0
[2026-07-25T11:41:27.813Z] [Late-Dbg] User 65 Final: LateCount=0, Amt=0, Days=0
[2026-07-25T11:41:27.902Z] [Late-Dbg] User 68 Final: LateCount=0, Amt=0, Days=0
[2026-07-25T11:41:28.109Z] [Late-Dbg] User 69 Final: LateCount=0, Amt=0, Days=0
[2026-07-25T11:41:28.331Z] [Late-Dbg] User 70 Final: LateCount=0, Amt=0, Days=0
[2026-07-25T11:41:28.412Z] [Late-Dbg] User 98 Final: LateCount=0, Amt=0, Days=0
[2026-07-25T11:41:28.499Z] [Late-Dbg] User 103 Final: LateCount=0, Amt=0, Days=0
[2026-07-25T11:41:28.585Z] [Late-Dbg] User 107 Final: LateCount=0, Amt=0, Days=0
[2026-07-25T11:41:28.669Z] [Late-Dbg] User 108 Final: LateCount=0, Amt=0, Days=0
[2026-07-25T11:41:28.752Z] [Late-Dbg] User 109 Final: LateCount=0, Amt=0, Days=0
[2026-07-25T11:41:28.842Z] [Late-Dbg] User 182 Final: LateCount=0, Amt=0, Days=0
[2026-07-25T11:41:28.925Z] [Late-Dbg] User 185 Final: LateCount=0, Amt=0, Days=0
[2026-07-25T11:41:29.016Z] [Late-Dbg] User 186 Final: LateCount=0, Amt=0, Days=0
[2026-07-25T11:41:29.100Z] [Late-Dbg] User 188 Final: LateCount=0, Amt=0, Days=0
[2026-07-25T11:41:29.311Z] [Late-Dbg] User 195 Final: LateCount=0, Amt=0, Days=0
[Admin-Bonus] ERROR: User 195, totalBonusPercent is not defined
[2026-07-25T14:47:10.423Z] [Late-Dbg] User 57 Final: LateCount=0, Amt=0, Days=0
[2026-07-25T14:47:10.496Z] [Late-Dbg] User 58 Final: LateCount=0, Amt=0, Days=0
[2026-07-25T14:47:10.540Z] [Late-Dbg] User 59 Final: LateCount=0, Amt=0, Days=0
[2026-07-25T14:47:10.583Z] [Late-Dbg] User 61 Final: LateCount=0, Amt=0, Days=0
[2026-07-25T14:47:10.617Z] [Late-Dbg] User 62 Final: LateCount=0, Amt=0, Days=0
[2026-07-25T14:47:10.651Z] [Late-Dbg] User 63 Final: LateCount=0, Amt=0, Days=0
[2026-07-25T14:47:10.691Z] [Late-Dbg] User 64 Final: LateCount=0, Amt=0, Days=0
[2026-07-25T14:47:10.728Z] [Late-Dbg] User 65 Final: LateCount=0, Amt=0, Days=0
[2026-07-25T14:47:10.766Z] [Late-Dbg] User 68 Final: LateCount=0, Amt=0, Days=0
[2026-07-25T14:47:10.862Z] [Late-Dbg] User 69 Final: LateCount=0, Amt=0, Days=0
[2026-07-25T14:47:11.031Z] [Late-Dbg] User 70 Final: LateCount=0, Amt=0, Days=0
[2026-07-25T14:47:11.075Z] [Late-Dbg] User 98 Final: LateCount=0, Amt=0, Days=0
[2026-07-25T14:47:11.118Z] [Late-Dbg] User 103 Final: LateCount=0, Amt=0, Days=0
[2026-07-25T14:47:11.153Z] [Late-Dbg] User 107 Final: LateCount=0, Amt=0, Days=0
[2026-07-25T14:47:11.191Z] [Late-Dbg] User 108 Final: LateCount=0, Amt=0, Days=0
[2026-07-25T14:47:11.232Z] [Late-Dbg] User 109 Final: LateCount=0, Amt=0, Days=0
[2026-07-25T14:47:11.271Z] [Late-Dbg] User 182 Final: LateCount=0, Amt=0, Days=0
[2026-07-25T14:47:11.309Z] [Late-Dbg] User 185 Final: LateCount=0, Amt=0, Days=0
[2026-07-25T14:47:11.354Z] [Late-Dbg] User 186 Final: LateCount=0, Amt=0, Days=0
[2026-07-25T14:47:11.405Z] [Late-Dbg] User 188 Final: LateCount=0, Amt=0, Days=0
[2026-07-25T14:47:11.500Z] [Late-Dbg] User 195 Final: LateCount=0, Amt=0, Days=0
[Admin-Bonus] SUCCESS: User 195, Rule=rule3, Joining=2026-01-01, Tenure=7mo, PaidBefore=0mo, NewPaid=7mo, Bonus=6322.58
[2026-07-25T14:49:03.680Z] [Late-Dbg] User 57 Final: LateCount=0, Amt=0, Days=0
[2026-07-25T14:49:04.062Z] [Late-Dbg] User 58 Final: LateCount=0, Amt=0, Days=0
[2026-07-25T14:49:04.179Z] [Late-Dbg] User 59 Final: LateCount=2, Amt=0, Days=0
[2026-07-25T14:49:04.373Z] [Late-Dbg] User 61 Final: LateCount=0, Amt=0, Days=0
[2026-07-25T14:49:04.431Z] [Late-Dbg] User 62 Final: LateCount=0, Amt=0, Days=0
[2026-07-25T14:49:04.497Z] [Late-Dbg] User 63 Final: LateCount=1, Amt=40, Days=0.04
[2026-07-25T14:49:04.559Z] [Late-Dbg] User 64 Final: LateCount=0, Amt=0, Days=0
[2026-07-25T14:49:04.611Z] [Late-Dbg] User 65 Final: LateCount=0, Amt=0, Days=0
[2026-07-25T14:49:04.744Z] [Late-Dbg] User 68 Final: LateCount=0, Amt=0, Days=0
[2026-07-25T14:49:04.910Z] [Late-Dbg] User 69 Final: LateCount=0, Amt=0, Days=0
[2026-07-25T14:49:05.240Z] [Late-Dbg] User 70 Final: LateCount=0, Amt=0, Days=0
[2026-07-25T14:49:05.269Z] [Late-Dbg] User 98 Final: LateCount=0, Amt=0, Days=0
[2026-07-25T14:49:05.294Z] [Late-Dbg] User 103 Final: LateCount=0, Amt=0, Days=0
[2026-07-25T14:49:05.330Z] [Late-Dbg] User 107 Final: LateCount=0, Amt=0, Days=0
[2026-07-25T14:49:05.375Z] [Late-Dbg] User 108 Final: LateCount=0, Amt=0, Days=0
[2026-07-25T14:49:05.475Z] [Late-Dbg] User 109 Final: LateCount=1, Amt=0, Days=0
[2026-07-25T14:49:05.680Z] [Late-Dbg] User 182 Final: LateCount=1, Amt=30, Days=0.03
[2026-07-25T14:49:06.050Z] [Late-Dbg] User 185 Final: LateCount=0, Amt=0, Days=0
[2026-07-25T14:49:06.841Z] [Late-Dbg] User 186 Final: LateCount=0, Amt=0, Days=0
[2026-07-25T14:49:06.870Z] [Late-Dbg] User 188 Final: LateCount=0, Amt=0, Days=0
[2026-07-25T14:49:06.894Z] [Late-Dbg] User 195 Final: LateCount=0, Amt=0, Days=0
[2026-07-25T15:12:11.539Z] [Late-Dbg] User 57 Final: LateCount=0, Amt=0, Days=0
[2026-07-25T15:12:11.631Z] [Late-Dbg] User 58 Final: LateCount=0, Amt=0, Days=0
[2026-07-25T15:12:11.673Z] [Late-Dbg] User 59 Final: LateCount=0, Amt=0, Days=0
[2026-07-25T15:12:11.713Z] [Late-Dbg] User 61 Final: LateCount=0, Amt=0, Days=0
[2026-07-25T15:12:11.748Z] [Late-Dbg] User 62 Final: LateCount=0, Amt=0, Days=0
[2026-07-25T15:12:11.786Z] [Late-Dbg] User 63 Final: LateCount=0, Amt=0, Days=0
[2026-07-25T15:12:11.824Z] [Late-Dbg] User 64 Final: LateCount=0, Amt=0, Days=0
[2026-07-25T15:12:11.864Z] [Late-Dbg] User 65 Final: LateCount=0, Amt=0, Days=0
[2026-07-25T15:12:11.909Z] [Late-Dbg] User 68 Final: LateCount=0, Amt=0, Days=0
[2026-07-25T15:12:11.998Z] [Late-Dbg] User 69 Final: LateCount=0, Amt=0, Days=0
[2026-07-25T15:12:12.095Z] [Late-Dbg] User 70 Final: LateCount=0, Amt=0, Days=0
[2026-07-25T15:12:12.134Z] [Late-Dbg] User 98 Final: LateCount=0, Amt=0, Days=0
[2026-07-25T15:12:12.168Z] [Late-Dbg] User 103 Final: LateCount=0, Amt=0, Days=0
[2026-07-25T15:12:12.201Z] [Late-Dbg] User 107 Final: LateCount=0, Amt=0, Days=0
[2026-07-25T15:12:12.233Z] [Late-Dbg] User 108 Final: LateCount=0, Amt=0, Days=0
[2026-07-25T15:12:12.266Z] [Late-Dbg] User 109 Final: LateCount=0, Amt=0, Days=0
[2026-07-25T15:12:12.303Z] [Late-Dbg] User 182 Final: LateCount=0, Amt=0, Days=0
[2026-07-25T15:12:12.339Z] [Late-Dbg] User 185 Final: LateCount=0, Amt=0, Days=0
[2026-07-25T15:12:12.370Z] [Late-Dbg] User 186 Final: LateCount=0, Amt=0, Days=0
[2026-07-25T15:12:12.401Z] [Late-Dbg] User 188 Final: LateCount=0, Amt=0, Days=0
[2026-07-25T15:12:12.545Z] [Late-Dbg] User 195 Final: LateCount=0, Amt=0, Days=0
[Admin-Bonus] SUCCESS: User 195, Rule=rule3, Joining=2026-01-01, Tenure=7mo, PaidBefore=0mo, NewPaid=7mo, Bonus=6322.58
[2026-07-25T15:12:31.789Z] [Late-Dbg] User 57 Final: LateCount=0, Amt=0, Days=0
[2026-07-25T15:12:31.835Z] [Late-Dbg] User 58 Final: LateCount=0, Amt=0, Days=0
[2026-07-25T15:12:31.923Z] [Late-Dbg] User 59 Final: LateCount=2, Amt=583.33, Days=0.5
[2026-07-25T15:12:32.018Z] [Late-Dbg] User 61 Final: LateCount=0, Amt=0, Days=0
[2026-07-25T15:12:32.050Z] [Late-Dbg] User 62 Final: LateCount=0, Amt=0, Days=0
[2026-07-25T15:12:32.080Z] [Late-Dbg] User 63 Final: LateCount=0, Amt=0, Days=0
[2026-07-25T15:12:32.120Z] [Late-Dbg] User 64 Final: LateCount=0, Amt=0, Days=0
[2026-07-25T15:12:32.179Z] [Late-Dbg] User 65 Final: LateCount=1, Amt=1133.33, Days=1
[2026-07-25T15:12:32.227Z] [Late-Dbg] User 68 Final: LateCount=0, Amt=0, Days=0
[2026-07-25T15:12:32.386Z] [Late-Dbg] User 69 Final: LateCount=0, Amt=0, Days=0
[2026-07-25T15:12:32.782Z] [Late-Dbg] User 70 Final: LateCount=0, Amt=0, Days=0
[2026-07-25T15:12:32.812Z] [Late-Dbg] User 98 Final: LateCount=0, Amt=0, Days=0
[2026-07-25T15:12:32.842Z] [Late-Dbg] User 103 Final: LateCount=0, Amt=0, Days=0
[2026-07-25T15:12:32.868Z] [Late-Dbg] User 107 Final: LateCount=0, Amt=0, Days=0
[2026-07-25T15:12:32.898Z] [Late-Dbg] User 108 Final: LateCount=0, Amt=0, Days=0
[2026-07-25T15:12:32.926Z] [Late-Dbg] User 109 Final: LateCount=0, Amt=0, Days=0
[2026-07-25T15:12:32.970Z] [Late-Dbg] User 182 Final: LateCount=0, Amt=0, Days=0
[2026-07-25T15:12:33.105Z] [Late-Dbg] User 185 Final: LateCount=0, Amt=0, Days=0
[2026-07-25T15:12:33.388Z] [Late-Dbg] User 186 Final: LateCount=0, Amt=0, Days=0
[2026-07-25T15:12:33.417Z] [Late-Dbg] User 188 Final: LateCount=0, Amt=0, Days=0
[2026-07-25T15:12:33.446Z] [Late-Dbg] User 195 Final: LateCount=0, Amt=0, Days=0
[2026-07-25T15:16:08.354Z] [Late-Dbg] User 57 Final: LateCount=0, Amt=0, Days=0
[2026-07-25T15:16:08.435Z] [Late-Dbg] User 58 Final: LateCount=0, Amt=0, Days=0
[2026-07-25T15:16:08.480Z] [Late-Dbg] User 59 Final: LateCount=0, Amt=0, Days=0
[2026-07-25T15:16:08.528Z] [Late-Dbg] User 61 Final: LateCount=0, Amt=0, Days=0
[2026-07-25T15:16:08.564Z] [Late-Dbg] User 62 Final: LateCount=0, Amt=0, Days=0
[2026-07-25T15:16:08.599Z] [Late-Dbg] User 63 Final: LateCount=0, Amt=0, Days=0
[2026-07-25T15:16:08.639Z] [Late-Dbg] User 64 Final: LateCount=0, Amt=0, Days=0
[2026-07-25T15:16:08.675Z] [Late-Dbg] User 65 Final: LateCount=0, Amt=0, Days=0
[2026-07-25T15:16:08.713Z] [Late-Dbg] User 68 Final: LateCount=0, Amt=0, Days=0
[2026-07-25T15:16:08.787Z] [Late-Dbg] User 69 Final: LateCount=0, Amt=0, Days=0
[2026-07-25T15:16:08.868Z] [Late-Dbg] User 70 Final: LateCount=0, Amt=0, Days=0
[2026-07-25T15:16:08.899Z] [Late-Dbg] User 98 Final: LateCount=0, Amt=0, Days=0
[2026-07-25T15:16:08.929Z] [Late-Dbg] User 103 Final: LateCount=0, Amt=0, Days=0
[2026-07-25T15:16:08.962Z] [Late-Dbg] User 107 Final: LateCount=0, Amt=0, Days=0
[2026-07-25T15:16:08.995Z] [Late-Dbg] User 108 Final: LateCount=0, Amt=0, Days=0
[2026-07-25T15:16:09.028Z] [Late-Dbg] User 109 Final: LateCount=0, Amt=0, Days=0
[2026-07-25T15:16:09.062Z] [Late-Dbg] User 182 Final: LateCount=0, Amt=0, Days=0
[2026-07-25T15:16:09.093Z] [Late-Dbg] User 185 Final: LateCount=0, Amt=0, Days=0
[2026-07-25T15:16:09.158Z] [Late-Dbg] User 186 Final: LateCount=0, Amt=0, Days=0
[2026-07-25T15:16:09.212Z] [Late-Dbg] User 188 Final: LateCount=0, Amt=0, Days=0
[2026-07-25T15:16:09.294Z] [Late-Dbg] User 195 Final: LateCount=0, Amt=0, Days=0
[Admin-Bonus] SUCCESS: User 195, Rule=rule3, Joining=2026-01-01, Tenure=7mo, PaidBefore=0mo, NewPaid=7mo, Bonus=1699.62
[2026-07-27T08:08:11.285Z] [User 195] calculateSalary (Existing): lpResult: {"latePunchInMinutes":0,"latePunchInPenalty":0,"latePenaltyDays":0,"lateCount":0,"lateDetails":[]}
[2026-07-29T11:51:29.951Z] [Late-Dbg] User 57 Final: LateCount=0, Amt=0, Days=0
[2026-07-29T11:51:30.075Z] [Late-Dbg] User 58 Final: LateCount=1, Amt=0, Days=0
[2026-07-29T11:51:30.261Z] [Late-Dbg] User 59 Final: LateCount=2, Amt=583.33, Days=0.5
[2026-07-29T11:51:30.355Z] [Late-Dbg] User 61 Final: LateCount=0, Amt=0, Days=0
[2026-07-29T11:51:30.383Z] [Late-Dbg] User 62 Final: LateCount=0, Amt=0, Days=0
[2026-07-29T11:51:30.413Z] [Late-Dbg] User 63 Final: LateCount=0, Amt=0, Days=0
[2026-07-29T11:51:30.455Z] [Late-Dbg] User 64 Final: LateCount=0, Amt=0, Days=0
[2026-07-29T11:51:30.509Z] [Late-Dbg] User 65 Final: LateCount=1, Amt=1133.33, Days=1
[2026-07-29T11:51:30.551Z] [Late-Dbg] User 68 Final: LateCount=0, Amt=0, Days=0
[2026-07-29T11:51:30.711Z] [Late-Dbg] User 69 Final: LateCount=0, Amt=0, Days=0
[2026-07-29T11:51:31.026Z] [Late-Dbg] User 70 Final: LateCount=0, Amt=0, Days=0
[2026-07-29T11:51:31.050Z] [Late-Dbg] User 98 Final: LateCount=0, Amt=0, Days=0
[2026-07-29T11:51:31.080Z] [Late-Dbg] User 103 Final: LateCount=0, Amt=0, Days=0
[2026-07-29T11:51:31.112Z] [Late-Dbg] User 107 Final: LateCount=0, Amt=0, Days=0
[2026-07-29T11:51:31.143Z] [Late-Dbg] User 108 Final: LateCount=0, Amt=0, Days=0
[2026-07-29T11:51:31.173Z] [Late-Dbg] User 109 Final: LateCount=0, Amt=0, Days=0
[2026-07-29T11:51:31.214Z] [Late-Dbg] User 182 Final: LateCount=0, Amt=0, Days=0
[2026-07-29T11:51:31.352Z] [Late-Dbg] User 185 Final: LateCount=0, Amt=0, Days=0
[2026-07-29T11:51:31.664Z] [Late-Dbg] User 186 Final: LateCount=0, Amt=0, Days=0
[2026-07-29T11:51:31.692Z] [Late-Dbg] User 188 Final: LateCount=0, Amt=0, Days=0
[2026-07-29T11:51:31.715Z] [Late-Dbg] User 195 Final: LateCount=0, Amt=0, Days=0
[2026-07-29T11:57:36.758Z] [Late-Dbg] User 57 Final: LateCount=0, Amt=0, Days=0
[2026-07-29T11:57:36.892Z] [Late-Dbg] User 58 Final: LateCount=1, Amt=0, Days=0
[2026-07-29T11:57:37.030Z] [Late-Dbg] User 59 Final: LateCount=2, Amt=583.33, Days=0.5
[2026-07-29T11:57:37.138Z] [Late-Dbg] User 61 Final: LateCount=0, Amt=0, Days=0
[2026-07-29T11:57:37.170Z] [Late-Dbg] User 62 Final: LateCount=0, Amt=0, Days=0
[2026-07-29T11:57:37.200Z] [Late-Dbg] User 63 Final: LateCount=0, Amt=0, Days=0
[2026-07-29T11:57:37.240Z] [Late-Dbg] User 64 Final: LateCount=0, Amt=0, Days=0
[2026-07-29T11:57:37.301Z] [Late-Dbg] User 65 Final: LateCount=1, Amt=1133.33, Days=1
[2026-07-29T11:57:37.351Z] [Late-Dbg] User 68 Final: LateCount=0, Amt=0, Days=0
[2026-07-29T11:57:37.555Z] [Late-Dbg] User 69 Final: LateCount=0, Amt=0, Days=0
[2026-07-29T11:57:37.876Z] [Late-Dbg] User 70 Final: LateCount=0, Amt=0, Days=0
[2026-07-29T11:57:37.907Z] [Late-Dbg] User 98 Final: LateCount=0, Amt=0, Days=0
[2026-07-29T11:57:37.938Z] [Late-Dbg] User 103 Final: LateCount=0, Amt=0, Days=0
[2026-07-29T11:57:37.969Z] [Late-Dbg] User 107 Final: LateCount=0, Amt=0, Days=0
[2026-07-29T11:57:38.001Z] [Late-Dbg] User 108 Final: LateCount=0, Amt=0, Days=0
[2026-07-29T11:57:38.023Z] [Late-Dbg] User 109 Final: LateCount=0, Amt=0, Days=0
[2026-07-29T11:57:38.057Z] [Late-Dbg] User 182 Final: LateCount=0, Amt=0, Days=0
[2026-07-29T11:57:38.172Z] [Late-Dbg] User 185 Final: LateCount=0, Amt=0, Days=0
[2026-07-29T11:57:38.487Z] [Late-Dbg] User 186 Final: LateCount=0, Amt=0, Days=0
[2026-07-29T11:57:38.509Z] [Late-Dbg] User 188 Final: LateCount=0, Amt=0, Days=0
[2026-07-29T11:57:38.539Z] [Late-Dbg] User 195 Final: LateCount=0, Amt=0, Days=0
[2026-07-29T12:00:39.721Z] [Late-Dbg] User 57 Final: LateCount=0, Amt=0, Days=0
[2026-07-29T12:00:39.897Z] [Late-Dbg] User 58 Final: LateCount=1, Amt=0, Days=0
[2026-07-29T12:00:40.013Z] [Late-Dbg] User 59 Final: LateCount=2, Amt=583.33, Days=0.5
[2026-07-29T12:00:40.103Z] [Late-Dbg] User 61 Final: LateCount=0, Amt=0, Days=0
[2026-07-29T12:00:40.132Z] [Late-Dbg] User 62 Final: LateCount=0, Amt=0, Days=0
[2026-07-29T12:00:40.155Z] [Late-Dbg] User 63 Final: LateCount=0, Amt=0, Days=0
[2026-07-29T12:00:40.189Z] [Late-Dbg] User 64 Final: LateCount=0, Amt=0, Days=0
[2026-07-29T12:00:40.239Z] [Late-Dbg] User 65 Final: LateCount=1, Amt=1133.33, Days=1
[2026-07-29T12:00:40.286Z] [Late-Dbg] User 68 Final: LateCount=0, Amt=0, Days=0
[2026-07-29T12:00:40.417Z] [Late-Dbg] User 69 Final: LateCount=0, Amt=0, Days=0
[2026-07-29T12:00:40.855Z] [Late-Dbg] User 70 Final: LateCount=0, Amt=0, Days=0
[2026-07-29T12:00:40.885Z] [Late-Dbg] User 98 Final: LateCount=0, Amt=0, Days=0
[2026-07-29T12:00:40.916Z] [Late-Dbg] User 103 Final: LateCount=0, Amt=0, Days=0
[2026-07-29T12:00:40.944Z] [Late-Dbg] User 107 Final: LateCount=0, Amt=0, Days=0
[2026-07-29T12:00:40.966Z] [Late-Dbg] User 108 Final: LateCount=0, Amt=0, Days=0
[2026-07-29T12:00:40.987Z] [Late-Dbg] User 109 Final: LateCount=0, Amt=0, Days=0
[2026-07-29T12:00:41.029Z] [Late-Dbg] User 182 Final: LateCount=0, Amt=0, Days=0
[2026-07-29T12:00:41.139Z] [Late-Dbg] User 185 Final: LateCount=0, Amt=0, Days=0
[2026-07-29T12:00:41.400Z] [Late-Dbg] User 186 Final: LateCount=0, Amt=0, Days=0
[2026-07-29T12:00:41.429Z] [Late-Dbg] User 188 Final: LateCount=0, Amt=0, Days=0
[2026-07-29T12:00:41.469Z] [Late-Dbg] User 195 Final: LateCount=0, Amt=0, Days=0
[2026-07-29T12:05:54.287Z] [Late-Dbg] User 57 Final: LateCount=0, Amt=0, Days=0
[2026-07-29T12:05:54.485Z] [Late-Dbg] User 58 Final: LateCount=1, Amt=0, Days=0
[2026-07-29T12:05:54.596Z] [Late-Dbg] User 59 Final: LateCount=2, Amt=583.33, Days=0.5
[2026-07-29T12:05:54.680Z] [Late-Dbg] User 61 Final: LateCount=0, Amt=0, Days=0
[2026-07-29T12:05:54.710Z] [Late-Dbg] User 62 Final: LateCount=0, Amt=0, Days=0
[2026-07-29T12:05:54.736Z] [Late-Dbg] User 63 Final: LateCount=0, Amt=0, Days=0
[2026-07-29T12:05:54.767Z] [Late-Dbg] User 64 Final: LateCount=0, Amt=0, Days=0
[2026-07-29T12:05:54.813Z] [Late-Dbg] User 65 Final: LateCount=1, Amt=1133.33, Days=1
[2026-07-29T12:05:54.860Z] [Late-Dbg] User 68 Final: LateCount=0, Amt=0, Days=0
[2026-07-29T12:05:54.994Z] [Late-Dbg] User 69 Final: LateCount=0, Amt=0, Days=0
[2026-07-29T12:05:55.315Z] [Late-Dbg] User 70 Final: LateCount=0, Amt=0, Days=0
[2026-07-29T12:05:55.339Z] [Late-Dbg] User 98 Final: LateCount=0, Amt=0, Days=0
[2026-07-29T12:05:55.361Z] [Late-Dbg] User 103 Final: LateCount=0, Amt=0, Days=0
[2026-07-29T12:05:55.386Z] [Late-Dbg] User 107 Final: LateCount=0, Amt=0, Days=0
[2026-07-29T12:05:55.408Z] [Late-Dbg] User 108 Final: LateCount=0, Amt=0, Days=0
[2026-07-29T12:05:55.429Z] [Late-Dbg] User 109 Final: LateCount=0, Amt=0, Days=0
[2026-07-29T12:05:55.463Z] [Late-Dbg] User 182 Final: LateCount=0, Amt=0, Days=0
[2026-07-29T12:05:55.569Z] [Late-Dbg] User 185 Final: LateCount=0, Amt=0, Days=0
[2026-07-29T12:05:55.799Z] [Late-Dbg] User 186 Final: LateCount=0, Amt=0, Days=0
[2026-07-29T12:05:55.824Z] [Late-Dbg] User 188 Final: LateCount=0, Amt=0, Days=0
[2026-07-29T12:05:55.845Z] [Late-Dbg] User 195 Final: LateCount=0, Amt=0, Days=0
[2026-07-29T12:08:28.407Z] [Late-Dbg] User 57 Final: LateCount=0, Amt=0, Days=0
[2026-07-29T12:08:28.474Z] [Late-Dbg] User 58 Final: LateCount=0, Amt=0, Days=0
[2026-07-29T12:08:28.524Z] [Late-Dbg] User 59 Final: LateCount=0, Amt=0, Days=0
[2026-07-29T12:08:28.557Z] [Late-Dbg] User 61 Final: LateCount=0, Amt=0, Days=0
[2026-07-29T12:08:28.591Z] [Late-Dbg] User 62 Final: LateCount=0, Amt=0, Days=0
[2026-07-29T12:08:28.625Z] [Late-Dbg] User 63 Final: LateCount=0, Amt=0, Days=0
[2026-07-29T12:08:28.658Z] [Late-Dbg] User 64 Final: LateCount=0, Amt=0, Days=0
[2026-07-29T12:08:28.686Z] [Late-Dbg] User 65 Final: LateCount=0, Amt=0, Days=0
[2026-07-29T12:08:28.712Z] [Late-Dbg] User 68 Final: LateCount=0, Amt=0, Days=0
[2026-07-29T12:08:28.773Z] [Late-Dbg] User 69 Final: LateCount=0, Amt=0, Days=0
[2026-07-29T12:08:28.841Z] [Late-Dbg] User 70 Final: LateCount=0, Amt=0, Days=0
[2026-07-29T12:08:28.864Z] [Late-Dbg] User 98 Final: LateCount=0, Amt=0, Days=0
[2026-07-29T12:08:28.889Z] [Late-Dbg] User 103 Final: LateCount=0, Amt=0, Days=0
[2026-07-29T12:08:28.908Z] [Late-Dbg] User 107 Final: LateCount=0, Amt=0, Days=0
[2026-07-29T12:08:28.932Z] [Late-Dbg] User 108 Final: LateCount=0, Amt=0, Days=0
[2026-07-29T12:08:28.954Z] [Late-Dbg] User 109 Final: LateCount=0, Amt=0, Days=0
[2026-07-29T12:08:28.977Z] [Late-Dbg] User 182 Final: LateCount=0, Amt=0, Days=0
[2026-07-29T12:08:29.004Z] [Late-Dbg] User 185 Final: LateCount=0, Amt=0, Days=0
[2026-07-29T12:08:29.025Z] [Late-Dbg] User 186 Final: LateCount=0, Amt=0, Days=0
[2026-07-29T12:08:29.049Z] [Late-Dbg] User 188 Final: LateCount=0, Amt=0, Days=0
[2026-07-29T12:08:29.105Z] [Late-Dbg] User 195 Final: LateCount=0, Amt=0, Days=0
[Admin-Bonus] SUCCESS: User 195, Rule=rule3, Joining=2026-01-01, Tenure=7mo, PaidBefore=0mo, NewPaid=7mo, Bonus=1699.62
[2026-07-29T12:09:41.605Z] [Late-Dbg] User 57 Final: LateCount=0, Amt=0, Days=0
[2026-07-29T12:09:41.668Z] [Late-Dbg] User 58 Final: LateCount=0, Amt=0, Days=0
[2026-07-29T12:09:41.787Z] [Late-Dbg] User 59 Final: LateCount=0, Amt=0, Days=0
[2026-07-29T12:09:41.820Z] [Late-Dbg] User 61 Final: LateCount=0, Amt=0, Days=0
[2026-07-29T12:09:41.856Z] [Late-Dbg] User 62 Final: LateCount=0, Amt=0, Days=0
[2026-07-29T12:09:41.879Z] [Late-Dbg] User 63 Final: LateCount=0, Amt=0, Days=0
[2026-07-29T12:09:41.909Z] [Late-Dbg] User 64 Final: LateCount=0, Amt=0, Days=0
[2026-07-29T12:09:41.936Z] [Late-Dbg] User 65 Final: LateCount=0, Amt=0, Days=0
[2026-07-29T12:09:41.958Z] [Late-Dbg] User 68 Final: LateCount=0, Amt=0, Days=0
[2026-07-29T12:09:42.018Z] [Late-Dbg] User 69 Final: LateCount=0, Amt=0, Days=0
[2026-07-29T12:09:42.090Z] [Late-Dbg] User 70 Final: LateCount=0, Amt=0, Days=0
[2026-07-29T12:09:42.114Z] [Late-Dbg] User 98 Final: LateCount=0, Amt=0, Days=0
[2026-07-29T12:09:42.140Z] [Late-Dbg] User 103 Final: LateCount=0, Amt=0, Days=0
[2026-07-29T12:09:42.167Z] [Late-Dbg] User 107 Final: LateCount=0, Amt=0, Days=0
[2026-07-29T12:09:42.191Z] [Late-Dbg] User 108 Final: LateCount=0, Amt=0, Days=0
[2026-07-29T12:09:42.215Z] [Late-Dbg] User 109 Final: LateCount=0, Amt=0, Days=0
[2026-07-29T12:09:42.240Z] [Late-Dbg] User 182 Final: LateCount=0, Amt=0, Days=0
[2026-07-29T12:09:42.266Z] [Late-Dbg] User 185 Final: LateCount=0, Amt=0, Days=0
[2026-07-29T12:09:42.290Z] [Late-Dbg] User 186 Final: LateCount=0, Amt=0, Days=0
[2026-07-29T12:09:42.312Z] [Late-Dbg] User 188 Final: LateCount=0, Amt=0, Days=0
[2026-07-29T12:09:42.368Z] [Late-Dbg] User 195 Final: LateCount=0, Amt=0, Days=0
[Admin-Bonus] SUCCESS: User 195, Rule=rule3, Joining=2026-01-01, Tenure=7mo, PaidBefore=0mo, NewPaid=7mo, Bonus=1714.79
[2026-07-29T12:15:24.651Z] [Late-Dbg] User 57 Final: LateCount=0, Amt=0, Days=0
[2026-07-29T12:15:24.712Z] [Late-Dbg] User 58 Final: LateCount=0, Amt=0, Days=0
[2026-07-29T12:15:24.748Z] [Late-Dbg] User 59 Final: LateCount=0, Amt=0, Days=0
[2026-07-29T12:15:24.783Z] [Late-Dbg] User 61 Final: LateCount=0, Amt=0, Days=0
[2026-07-29T12:15:24.815Z] [Late-Dbg] User 62 Final: LateCount=0, Amt=0, Days=0
[2026-07-29T12:15:24.842Z] [Late-Dbg] User 63 Final: LateCount=0, Amt=0, Days=0
[2026-07-29T12:15:24.869Z] [Late-Dbg] User 64 Final: LateCount=0, Amt=0, Days=0
[2026-07-29T12:15:24.898Z] [Late-Dbg] User 65 Final: LateCount=0, Amt=0, Days=0
[2026-07-29T12:15:24.935Z] [Late-Dbg] User 68 Final: LateCount=0, Amt=0, Days=0
[2026-07-29T12:15:25.018Z] [Late-Dbg] User 69 Final: LateCount=0, Amt=0, Days=0
[2026-07-29T12:15:25.118Z] [Late-Dbg] User 70 Final: LateCount=0, Amt=0, Days=0
[2026-07-29T12:15:25.144Z] [Late-Dbg] User 98 Final: LateCount=0, Amt=0, Days=0
[2026-07-29T12:15:25.167Z] [Late-Dbg] User 103 Final: LateCount=0, Amt=0, Days=0
[2026-07-29T12:15:25.192Z] [Late-Dbg] User 107 Final: LateCount=0, Amt=0, Days=0
[2026-07-29T12:15:25.214Z] [Late-Dbg] User 108 Final: LateCount=0, Amt=0, Days=0
[2026-07-29T12:15:25.236Z] [Late-Dbg] User 109 Final: LateCount=0, Amt=0, Days=0
[2026-07-29T12:15:25.265Z] [Late-Dbg] User 182 Final: LateCount=0, Amt=0, Days=0
[2026-07-29T12:15:25.293Z] [Late-Dbg] User 185 Final: LateCount=0, Amt=0, Days=0
[2026-07-29T12:15:25.315Z] [Late-Dbg] User 186 Final: LateCount=0, Amt=0, Days=0
[2026-07-29T12:15:25.336Z] [Late-Dbg] User 188 Final: LateCount=0, Amt=0, Days=0
[2026-07-29T12:15:25.415Z] [Late-Dbg] User 195 Final: LateCount=0, Amt=0, Days=0
[Admin-Bonus] SUCCESS: User 195, Rule=rule3, Joining=2026-01-01, Tenure=7mo, PaidBefore=0mo, NewPaid=7mo, Bonus=2686
[2026-07-29T12:18:38.479Z] [Late-Dbg] User 57 Final: LateCount=0, Amt=0, Days=0
[2026-07-29T12:18:38.550Z] [Late-Dbg] User 58 Final: LateCount=0, Amt=0, Days=0
[2026-07-29T12:18:38.595Z] [Late-Dbg] User 59 Final: LateCount=0, Amt=0, Days=0
[2026-07-29T12:18:38.632Z] [Late-Dbg] User 61 Final: LateCount=0, Amt=0, Days=0
[2026-07-29T12:18:38.670Z] [Late-Dbg] User 62 Final: LateCount=0, Amt=0, Days=0
[2026-07-29T12:18:38.703Z] [Late-Dbg] User 63 Final: LateCount=0, Amt=0, Days=0
[2026-07-29T12:18:38.743Z] [Late-Dbg] User 64 Final: LateCount=0, Amt=0, Days=0
[2026-07-29T12:18:38.771Z] [Late-Dbg] User 65 Final: LateCount=0, Amt=0, Days=0
[2026-07-29T12:18:38.796Z] [Late-Dbg] User 68 Final: LateCount=0, Amt=0, Days=0
[2026-07-29T12:18:38.879Z] [Late-Dbg] User 69 Final: LateCount=0, Amt=0, Days=0
[2026-07-29T12:18:39.046Z] [Late-Dbg] User 70 Final: LateCount=0, Amt=0, Days=0
[2026-07-29T12:18:39.073Z] [Late-Dbg] User 98 Final: LateCount=0, Amt=0, Days=0
[2026-07-29T12:18:39.094Z] [Late-Dbg] User 103 Final: LateCount=0, Amt=0, Days=0
[2026-07-29T12:18:39.114Z] [Late-Dbg] User 107 Final: LateCount=0, Amt=0, Days=0
[2026-07-29T12:18:39.142Z] [Late-Dbg] User 108 Final: LateCount=0, Amt=0, Days=0
[2026-07-29T12:18:39.163Z] [Late-Dbg] User 109 Final: LateCount=0, Amt=0, Days=0
[2026-07-29T12:18:39.193Z] [Late-Dbg] User 182 Final: LateCount=0, Amt=0, Days=0
[2026-07-29T12:18:39.216Z] [Late-Dbg] User 185 Final: LateCount=0, Amt=0, Days=0
[2026-07-29T12:18:39.242Z] [Late-Dbg] User 186 Final: LateCount=0, Amt=0, Days=0
[2026-07-29T12:18:39.262Z] [Late-Dbg] User 188 Final: LateCount=0, Amt=0, Days=0
[2026-07-29T12:18:39.339Z] [Late-Dbg] User 195 Final: LateCount=0, Amt=0, Days=0
[Admin-Bonus] SUCCESS: User 195, Rule=rule3, Joining=2026-01-01, Tenure=7mo, PaidBefore=0mo, NewPaid=7mo, Bonus=2928.3
[2026-07-29T12:19:52.426Z] [Late-Dbg] User 57 Final: LateCount=0, Amt=0, Days=0
[2026-07-29T12:19:52.488Z] [Late-Dbg] User 58 Final: LateCount=0, Amt=0, Days=0
[2026-07-29T12:19:52.527Z] [Late-Dbg] User 59 Final: LateCount=0, Amt=0, Days=0
[2026-07-29T12:19:52.562Z] [Late-Dbg] User 61 Final: LateCount=0, Amt=0, Days=0
[2026-07-29T12:19:52.596Z] [Late-Dbg] User 62 Final: LateCount=0, Amt=0, Days=0
[2026-07-29T12:19:52.643Z] [Late-Dbg] User 63 Final: LateCount=0, Amt=0, Days=0
[2026-07-29T12:19:52.678Z] [Late-Dbg] User 64 Final: LateCount=0, Amt=0, Days=0
[2026-07-29T12:19:52.707Z] [Late-Dbg] User 65 Final: LateCount=0, Amt=0, Days=0
[2026-07-29T12:19:52.730Z] [Late-Dbg] User 68 Final: LateCount=0, Amt=0, Days=0
[2026-07-29T12:19:52.804Z] [Late-Dbg] User 69 Final: LateCount=0, Amt=0, Days=0
[2026-07-29T12:19:52.911Z] [Late-Dbg] User 70 Final: LateCount=0, Amt=0, Days=0
[2026-07-29T12:19:52.940Z] [Late-Dbg] User 98 Final: LateCount=0, Amt=0, Days=0
[2026-07-29T12:19:52.967Z] [Late-Dbg] User 103 Final: LateCount=0, Amt=0, Days=0
[2026-07-29T12:19:52.994Z] [Late-Dbg] User 107 Final: LateCount=0, Amt=0, Days=0
[2026-07-29T12:19:53.024Z] [Late-Dbg] User 108 Final: LateCount=0, Amt=0, Days=0
[2026-07-29T12:19:53.052Z] [Late-Dbg] User 109 Final: LateCount=0, Amt=0, Days=0
[2026-07-29T12:19:53.077Z] [Late-Dbg] User 182 Final: LateCount=0, Amt=0, Days=0
[2026-07-29T12:19:53.108Z] [Late-Dbg] User 185 Final: LateCount=0, Amt=0, Days=0
[2026-07-29T12:19:53.137Z] [Late-Dbg] User 186 Final: LateCount=0, Amt=0, Days=0
[2026-07-29T12:19:53.161Z] [Late-Dbg] User 188 Final: LateCount=0, Amt=0, Days=0
[2026-07-29T12:19:53.244Z] [Late-Dbg] User 195 Final: LateCount=0, Amt=0, Days=0
[Admin-Bonus] SUCCESS: User 195, Rule=rule3, Joining=2026-01-01, Tenure=7mo, PaidBefore=0mo, NewPaid=7mo, Bonus=2928.3
[2026-07-29T12:24:56.977Z] [Late-Dbg] User 57 Final: LateCount=0, Amt=0, Days=0
[2026-07-29T12:24:57.053Z] [Late-Dbg] User 58 Final: LateCount=0, Amt=0, Days=0
[2026-07-29T12:24:57.098Z] [Late-Dbg] User 59 Final: LateCount=0, Amt=0, Days=0
[2026-07-29T12:24:57.147Z] [Late-Dbg] User 61 Final: LateCount=0, Amt=0, Days=0
[2026-07-29T12:24:57.184Z] [Late-Dbg] User 62 Final: LateCount=0, Amt=0, Days=0
[2026-07-29T12:24:57.214Z] [Late-Dbg] User 63 Final: LateCount=0, Amt=0, Days=0
[2026-07-29T12:24:57.246Z] [Late-Dbg] User 64 Final: LateCount=0, Amt=0, Days=0
[2026-07-29T12:24:57.279Z] [Late-Dbg] User 65 Final: LateCount=0, Amt=0, Days=0
[2026-07-29T12:24:57.312Z] [Late-Dbg] User 68 Final: LateCount=0, Amt=0, Days=0
[2026-07-29T12:24:57.411Z] [Late-Dbg] User 69 Final: LateCount=0, Amt=0, Days=0
[2026-07-29T12:24:57.558Z] [Late-Dbg] User 70 Final: LateCount=0, Amt=0, Days=0
[2026-07-29T12:24:57.590Z] [Late-Dbg] User 98 Final: LateCount=0, Amt=0, Days=0
[2026-07-29T12:24:57.619Z] [Late-Dbg] User 103 Final: LateCount=0, Amt=0, Days=0
[2026-07-29T12:24:57.645Z] [Late-Dbg] User 107 Final: LateCount=0, Amt=0, Days=0
[2026-07-29T12:24:57.673Z] [Late-Dbg] User 108 Final: LateCount=0, Amt=0, Days=0
[2026-07-29T12:24:57.699Z] [Late-Dbg] User 109 Final: LateCount=0, Amt=0, Days=0
[2026-07-29T12:24:57.745Z] [Late-Dbg] User 182 Final: LateCount=0, Amt=0, Days=0
[2026-07-29T12:24:57.779Z] [Late-Dbg] User 185 Final: LateCount=0, Amt=0, Days=0
[2026-07-29T12:24:57.812Z] [Late-Dbg] User 186 Final: LateCount=0, Amt=0, Days=0
[2026-07-29T12:24:57.844Z] [Late-Dbg] User 188 Final: LateCount=0, Amt=0, Days=0
[2026-07-29T12:24:57.939Z] [Late-Dbg] User 195 Final: LateCount=0, Amt=0, Days=0
[Admin-Bonus] SUCCESS: User 195, Rule=rule3, Joining=2026-01-01, Tenure=7mo, PaidBefore=0mo, NewPaid=7mo, Bonus=2928.55
[2026-07-29T12:39:12.525Z] [Late-Dbg] User 57 Final: LateCount=0, Amt=0, Days=0
[2026-07-29T12:39:12.606Z] [Late-Dbg] User 58 Final: LateCount=0, Amt=0, Days=0
[2026-07-29T12:39:12.643Z] [Late-Dbg] User 59 Final: LateCount=0, Amt=0, Days=0
[2026-07-29T12:39:12.688Z] [Late-Dbg] User 61 Final: LateCount=0, Amt=0, Days=0
[2026-07-29T12:39:12.726Z] [Late-Dbg] User 62 Final: LateCount=0, Amt=0, Days=0
[2026-07-29T12:39:12.766Z] [Late-Dbg] User 63 Final: LateCount=0, Amt=0, Days=0
[2026-07-29T12:39:12.798Z] [Late-Dbg] User 64 Final: LateCount=0, Amt=0, Days=0
[2026-07-29T12:39:12.826Z] [Late-Dbg] User 65 Final: LateCount=0, Amt=0, Days=0
[2026-07-29T12:39:12.860Z] [Late-Dbg] User 68 Final: LateCount=0, Amt=0, Days=0
[2026-07-29T12:39:12.942Z] [Late-Dbg] User 69 Final: LateCount=0, Amt=0, Days=0
[2026-07-29T12:39:13.056Z] [Late-Dbg] User 70 Final: LateCount=0, Amt=0, Days=0
[2026-07-29T12:39:13.083Z] [Late-Dbg] User 98 Final: LateCount=0, Amt=0, Days=0
[2026-07-29T12:39:13.162Z] [Late-Dbg] User 103 Final: LateCount=0, Amt=0, Days=0
[2026-07-29T12:39:13.197Z] [Late-Dbg] User 107 Final: LateCount=0, Amt=0, Days=0
[2026-07-29T12:39:13.225Z] [Late-Dbg] User 108 Final: LateCount=0, Amt=0, Days=0
[2026-07-29T12:39:13.255Z] [Late-Dbg] User 109 Final: LateCount=0, Amt=0, Days=0
[2026-07-29T12:39:13.289Z] [Late-Dbg] User 182 Final: LateCount=0, Amt=0, Days=0
[2026-07-29T12:39:13.315Z] [Late-Dbg] User 185 Final: LateCount=0, Amt=0, Days=0
[2026-07-29T12:39:13.340Z] [Late-Dbg] User 186 Final: LateCount=0, Amt=0, Days=0
[2026-07-29T12:39:13.371Z] [Late-Dbg] User 188 Final: LateCount=0, Amt=0, Days=0
[2026-07-29T12:39:13.459Z] [Late-Dbg] User 195 Final: LateCount=0, Amt=0, Days=0
[Admin-Bonus] SUCCESS: User 195, Rule=rule3, Joining=2026-01-01, Tenure=7mo, PaidBefore=0mo, NewPaid=7mo, Bonus=2564.6
[2026-08-04T12:52:30.711Z] [Late-Dbg] User 57 Final: LateCount=0, Amt=0, Days=0
[2026-08-04T12:52:30.895Z] [Late-Dbg] User 58 Final: LateCount=1, Amt=0, Days=0
[2026-08-04T12:52:30.989Z] [Late-Dbg] User 59 Final: LateCount=0, Amt=0, Days=0
[2026-08-04T12:52:31.027Z] [Late-Dbg] User 61 Final: LateCount=0, Amt=0, Days=0
[2026-08-04T12:52:31.062Z] [Late-Dbg] User 62 Final: LateCount=0, Amt=0, Days=0
[2026-08-04T12:52:31.095Z] [Late-Dbg] User 63 Final: LateCount=0, Amt=0, Days=0
[2026-08-04T12:52:31.144Z] [Late-Dbg] User 64 Final: LateCount=0, Amt=0, Days=0
[2026-08-04T12:52:31.180Z] [Late-Dbg] User 65 Final: LateCount=0, Amt=0, Days=0
[2026-08-04T12:52:31.218Z] [Late-Dbg] User 68 Final: LateCount=0, Amt=0, Days=0
[2026-08-04T12:52:31.260Z] [Late-Dbg] User 69 Final: LateCount=0, Amt=0, Days=0
[2026-08-04T12:52:31.297Z] [Late-Dbg] User 70 Final: LateCount=0, Amt=0, Days=0
[2026-08-04T12:52:31.332Z] [Late-Dbg] User 98 Final: LateCount=0, Amt=0, Days=0
[2026-08-04T12:52:31.369Z] [Late-Dbg] User 103 Final: LateCount=0, Amt=0, Days=0
[2026-08-04T12:52:31.406Z] [Late-Dbg] User 107 Final: LateCount=0, Amt=0, Days=0
[2026-08-04T12:52:31.457Z] [Late-Dbg] User 108 Final: LateCount=0, Amt=0, Days=0
[2026-08-04T12:52:31.504Z] [Late-Dbg] User 109 Final: LateCount=0, Amt=0, Days=0
[2026-08-04T12:52:31.546Z] [Late-Dbg] User 182 Final: LateCount=0, Amt=0, Days=0
[2026-08-04T12:52:31.589Z] [Late-Dbg] User 185 Final: LateCount=0, Amt=0, Days=0
[Admin-Bonus] SKIP: User 185, Rule Active=true, RuleMonth=2026-07, TargetMonth=2026-08
[2026-08-04T12:52:31.629Z] [Late-Dbg] User 186 Final: LateCount=0, Amt=0, Days=0
[2026-08-04T12:52:31.671Z] [Late-Dbg] User 188 Final: LateCount=0, Amt=0, Days=0
[2026-08-04T12:52:31.709Z] [Late-Dbg] User 195 Final: LateCount=0, Amt=0, Days=0
[Admin-Bonus] SKIP: User 195, Rule Active=true, RuleMonth=2026-07, TargetMonth=2026-08
[2026-08-04T12:52:31.769Z] [Late-Dbg] User 196 Final: LateCount=0, Amt=0, Days=0
[Admin-Bonus] SKIP: User 196, Rule Active=true, RuleMonth=2026-07, TargetMonth=2026-08
[2026-08-04T12:53:52.477Z] [Late-Dbg] User 57 Final: LateCount=0, Amt=0, Days=0
[2026-08-04T12:53:52.725Z] [Late-Dbg] User 58 Final: LateCount=1, Amt=0, Days=0
[2026-08-04T12:53:52.840Z] [Late-Dbg] User 59 Final: LateCount=0, Amt=0, Days=0
[2026-08-04T12:53:52.886Z] [Late-Dbg] User 61 Final: LateCount=0, Amt=0, Days=0
[2026-08-04T12:53:52.925Z] [Late-Dbg] User 62 Final: LateCount=0, Amt=0, Days=0
[2026-08-04T12:53:52.960Z] [Late-Dbg] User 63 Final: LateCount=0, Amt=0, Days=0
[2026-08-04T12:53:52.994Z] [Late-Dbg] User 64 Final: LateCount=0, Amt=0, Days=0
[2026-08-04T12:53:53.035Z] [Late-Dbg] User 65 Final: LateCount=0, Amt=0, Days=0
[2026-08-04T12:53:53.068Z] [Late-Dbg] User 68 Final: LateCount=0, Amt=0, Days=0
[2026-08-04T12:53:53.101Z] [Late-Dbg] User 69 Final: LateCount=0, Amt=0, Days=0
[2026-08-04T12:53:53.134Z] [Late-Dbg] User 70 Final: LateCount=0, Amt=0, Days=0
[2026-08-04T12:53:53.172Z] [Late-Dbg] User 98 Final: LateCount=0, Amt=0, Days=0
[2026-08-04T12:53:53.207Z] [Late-Dbg] User 103 Final: LateCount=0, Amt=0, Days=0
[2026-08-04T12:53:53.323Z] [Late-Dbg] User 107 Final: LateCount=0, Amt=0, Days=0
[2026-08-04T12:53:53.358Z] [Late-Dbg] User 108 Final: LateCount=0, Amt=0, Days=0
[2026-08-04T12:53:53.400Z] [Late-Dbg] User 109 Final: LateCount=0, Amt=0, Days=0
[2026-08-04T12:53:53.438Z] [Late-Dbg] User 182 Final: LateCount=0, Amt=0, Days=0
[2026-08-04T12:53:53.476Z] [Late-Dbg] User 185 Final: LateCount=0, Amt=0, Days=0
[Admin-Bonus] SKIP: User 185, Rule Active=true, RuleMonth=2026-07, TargetMonth=2026-08
[2026-08-04T12:53:53.517Z] [Late-Dbg] User 186 Final: LateCount=0, Amt=0, Days=0
[2026-08-04T12:53:53.551Z] [Late-Dbg] User 188 Final: LateCount=0, Amt=0, Days=0
[2026-08-04T12:53:53.588Z] [Late-Dbg] User 195 Final: LateCount=0, Amt=0, Days=0
[Admin-Bonus] SKIP: User 195, Rule Active=true, RuleMonth=2026-07, TargetMonth=2026-08
[2026-08-04T12:53:53.650Z] [Late-Dbg] User 196 Final: LateCount=0, Amt=0, Days=0
[Admin-Bonus] SKIP: User 196, Rule Active=true, RuleMonth=2026-07, TargetMonth=2026-08
[2026-08-17T07:16:09.112Z] [Late-Dbg] User 57 Final: LateCount=0, Amt=0, Days=0
[2026-08-17T07:16:09.292Z] [Late-Dbg] User 58 Final: LateCount=1, Amt=0, Days=0
[2026-08-17T07:16:09.457Z] [Late-Dbg] User 59 Final: LateCount=0, Amt=0, Days=0
[2026-08-17T07:16:09.527Z] [Late-Dbg] User 61 Final: LateCount=0, Amt=0, Days=0
[2026-08-17T07:16:09.583Z] [Late-Dbg] User 62 Final: LateCount=0, Amt=0, Days=0
[2026-08-17T07:16:09.642Z] [Late-Dbg] User 63 Final: LateCount=0, Amt=0, Days=0
[2026-08-17T07:16:09.705Z] [Late-Dbg] User 64 Final: LateCount=0, Amt=0, Days=0
[2026-08-17T07:16:09.766Z] [Late-Dbg] User 65 Final: LateCount=0, Amt=0, Days=0
[2026-08-17T07:16:09.827Z] [Late-Dbg] User 68 Final: LateCount=0, Amt=0, Days=0
[2026-08-17T07:16:09.882Z] [Late-Dbg] User 69 Final: LateCount=0, Amt=0, Days=0
[2026-08-17T07:16:09.943Z] [Late-Dbg] User 70 Final: LateCount=0, Amt=0, Days=0
[2026-08-17T07:16:09.997Z] [Late-Dbg] User 98 Final: LateCount=0, Amt=0, Days=0
[2026-08-17T07:16:10.059Z] [Late-Dbg] User 103 Final: LateCount=0, Amt=0, Days=0
[2026-08-17T07:16:10.112Z] [Late-Dbg] User 107 Final: LateCount=0, Amt=0, Days=0
[2026-08-17T07:16:10.176Z] [Late-Dbg] User 108 Final: LateCount=0, Amt=0, Days=0
[2026-08-17T07:16:10.233Z] [Late-Dbg] User 109 Final: LateCount=0, Amt=0, Days=0
[2026-08-17T07:16:10.292Z] [Late-Dbg] User 182 Final: LateCount=0, Amt=0, Days=0
[2026-08-17T07:16:10.357Z] [Late-Dbg] User 185 Final: LateCount=0, Amt=0, Days=0
[Admin-Bonus] SKIP: User 185, Rule Active=true, RuleMonth=2026-07, TargetMonth=2026-08
[2026-08-17T07:16:10.430Z] [Late-Dbg] User 186 Final: LateCount=0, Amt=0, Days=0
[2026-08-17T07:16:10.490Z] [Late-Dbg] User 188 Final: LateCount=0, Amt=0, Days=0
[2026-08-17T07:16:10.639Z] [Late-Dbg] User 195 Final: LateCount=0, Amt=0, Days=0
[Admin-Bonus] SKIP: User 195, Rule Active=true, RuleMonth=2026-07, TargetMonth=2026-08
[2026-08-17T07:16:10.790Z] [Late-Dbg] User 196 Final: LateCount=0, Amt=0, Days=0
[Admin-Bonus] SKIP: User 196, Rule Active=true, RuleMonth=2026-07, TargetMonth=2026-08
[2026-08-17T07:51:01.720Z] [Late-Dbg] User 57 Final: LateCount=0, Amt=0, Days=0
[2026-08-17T07:51:01.921Z] [Late-Dbg] User 58 Final: LateCount=1, Amt=0, Days=0
[2026-08-17T07:51:02.026Z] [Late-Dbg] User 59 Final: LateCount=0, Amt=0, Days=0
[2026-08-17T07:51:02.064Z] [Late-Dbg] User 61 Final: LateCount=0, Amt=0, Days=0
[2026-08-17T07:51:02.100Z] [Late-Dbg] User 62 Final: LateCount=0, Amt=0, Days=0
[2026-08-17T07:51:02.134Z] [Late-Dbg] User 63 Final: LateCount=0, Amt=0, Days=0
[2026-08-17T07:51:02.173Z] [Late-Dbg] User 64 Final: LateCount=0, Amt=0, Days=0
[2026-08-17T07:51:02.208Z] [Late-Dbg] User 65 Final: LateCount=0, Amt=0, Days=0
[2026-08-17T07:51:02.244Z] [Late-Dbg] User 68 Final: LateCount=0, Amt=0, Days=0
[2026-08-17T07:51:02.273Z] [Late-Dbg] User 69 Final: LateCount=0, Amt=0, Days=0
[2026-08-17T07:51:02.302Z] [Late-Dbg] User 70 Final: LateCount=0, Amt=0, Days=0
[2026-08-17T07:51:02.342Z] [Late-Dbg] User 98 Final: LateCount=0, Amt=0, Days=0
[2026-08-17T07:51:02.380Z] [Late-Dbg] User 103 Final: LateCount=0, Amt=0, Days=0
[2026-08-17T07:51:02.415Z] [Late-Dbg] User 107 Final: LateCount=0, Amt=0, Days=0
[2026-08-17T07:51:02.450Z] [Late-Dbg] User 108 Final: LateCount=0, Amt=0, Days=0
[2026-08-17T07:51:02.488Z] [Late-Dbg] User 109 Final: LateCount=0, Amt=0, Days=0
[2026-08-17T07:51:02.531Z] [Late-Dbg] User 182 Final: LateCount=0, Amt=0, Days=0
[2026-08-17T07:51:02.568Z] [Late-Dbg] User 185 Final: LateCount=0, Amt=0, Days=0
[Admin-Bonus] SKIP: User 185, Rule Active=true, RuleMonth=2026-07, TargetMonth=2026-08
[2026-08-17T07:51:02.605Z] [Late-Dbg] User 186 Final: LateCount=0, Amt=0, Days=0
[2026-08-17T07:51:02.637Z] [Late-Dbg] User 188 Final: LateCount=0, Amt=0, Days=0
[2026-08-17T07:51:02.681Z] [Late-Dbg] User 195 Final: LateCount=0, Amt=0, Days=0
[Admin-Bonus] SKIP: User 195, Rule Active=true, RuleMonth=2026-07, TargetMonth=2026-08
[2026-08-17T07:51:02.752Z] [Late-Dbg] User 196 Final: LateCount=0, Amt=0, Days=0
[Admin-Bonus] SKIP: User 196, Rule Active=true, RuleMonth=2026-07, TargetMonth=2026-08
[2026-08-17T07:53:35.793Z] [Late-Dbg] User 57 Final: LateCount=0, Amt=0, Days=0
[2026-08-17T07:53:35.895Z] [Late-Dbg] User 58 Final: LateCount=1, Amt=0, Days=0
[2026-08-17T07:53:35.994Z] [Late-Dbg] User 59 Final: LateCount=0, Amt=0, Days=0
[2026-08-17T07:53:36.043Z] [Late-Dbg] User 61 Final: LateCount=0, Amt=0, Days=0
[2026-08-17T07:53:36.078Z] [Late-Dbg] User 62 Final: LateCount=0, Amt=0, Days=0
[2026-08-17T07:53:36.117Z] [Late-Dbg] User 63 Final: LateCount=0, Amt=0, Days=0
[2026-08-17T07:53:36.156Z] [Late-Dbg] User 64 Final: LateCount=0, Amt=0, Days=0
[2026-08-17T07:53:36.191Z] [Late-Dbg] User 65 Final: LateCount=0, Amt=0, Days=0
[2026-08-17T07:53:36.239Z] [Late-Dbg] User 68 Final: LateCount=0, Amt=0, Days=0
[2026-08-17T07:53:36.306Z] [Late-Dbg] User 69 Final: LateCount=0, Amt=0, Days=0
[2026-08-17T07:53:36.371Z] [Late-Dbg] User 70 Final: LateCount=0, Amt=0, Days=0
[2026-08-17T07:53:36.440Z] [Late-Dbg] User 98 Final: LateCount=0, Amt=0, Days=0
[2026-08-17T07:53:36.507Z] [Late-Dbg] User 103 Final: LateCount=0, Amt=0, Days=0
[2026-08-17T07:53:36.574Z] [Late-Dbg] User 107 Final: LateCount=0, Amt=0, Days=0
[2026-08-17T07:53:36.639Z] [Late-Dbg] User 108 Final: LateCount=0, Amt=0, Days=0
[2026-08-17T07:53:36.708Z] [Late-Dbg] User 109 Final: LateCount=0, Amt=0, Days=0
[2026-08-17T07:53:36.840Z] [Late-Dbg] User 182 Final: LateCount=0, Amt=0, Days=0
[2026-08-17T07:53:36.875Z] [Late-Dbg] User 185 Final: LateCount=0, Amt=0, Days=0
[Admin-Bonus] SKIP: User 185, Rule Active=true, RuleMonth=2026-07, TargetMonth=2026-08
[2026-08-17T07:53:36.910Z] [Late-Dbg] User 186 Final: LateCount=0, Amt=0, Days=0
[2026-08-17T07:53:36.939Z] [Late-Dbg] User 188 Final: LateCount=0, Amt=0, Days=0
[2026-08-17T07:53:36.979Z] [Late-Dbg] User 195 Final: LateCount=0, Amt=0, Days=0
[Admin-Bonus] SKIP: User 195, Rule Active=true, RuleMonth=2026-07, TargetMonth=2026-08
[2026-08-17T07:53:37.056Z] [Late-Dbg] User 196 Final: LateCount=0, Amt=0, Days=0
[Admin-Bonus] SKIP: User 196, Rule Active=true, RuleMonth=2026-07, TargetMonth=2026-08
[2026-08-17T10:21:36.413Z] [Late-Dbg] User 57 Final: LateCount=0, Amt=0, Days=0
[2026-08-17T10:21:36.528Z] [Late-Dbg] User 58 Final: LateCount=1, Amt=0, Days=0
[2026-08-17T10:21:36.636Z] [Late-Dbg] User 59 Final: LateCount=0, Amt=0, Days=0
[2026-08-17T10:21:36.670Z] [Late-Dbg] User 61 Final: LateCount=0, Amt=0, Days=0
[2026-08-17T10:21:36.701Z] [Late-Dbg] User 62 Final: LateCount=0, Amt=0, Days=0
[2026-08-17T10:21:36.732Z] [Late-Dbg] User 63 Final: LateCount=0, Amt=0, Days=0
[2026-08-17T10:21:36.765Z] [Late-Dbg] User 64 Final: LateCount=0, Amt=0, Days=0
[2026-08-17T10:21:36.795Z] [Late-Dbg] User 65 Final: LateCount=0, Amt=0, Days=0
[2026-08-17T10:21:36.825Z] [Late-Dbg] User 68 Final: LateCount=0, Amt=0, Days=0
[2026-08-17T10:21:36.855Z] [Late-Dbg] User 69 Final: LateCount=0, Amt=0, Days=0
[2026-08-17T10:21:36.887Z] [Late-Dbg] User 70 Final: LateCount=0, Amt=0, Days=0
[2026-08-17T10:21:36.921Z] [Late-Dbg] User 98 Final: LateCount=0, Amt=0, Days=0
[2026-08-17T10:21:36.950Z] [Late-Dbg] User 103 Final: LateCount=0, Amt=0, Days=0
[2026-08-17T10:21:36.981Z] [Late-Dbg] User 107 Final: LateCount=0, Amt=0, Days=0
[2026-08-17T10:21:37.013Z] [Late-Dbg] User 108 Final: LateCount=0, Amt=0, Days=0
[2026-08-17T10:21:37.046Z] [Late-Dbg] User 109 Final: LateCount=0, Amt=0, Days=0
[2026-08-17T10:21:37.077Z] [Late-Dbg] User 182 Final: LateCount=0, Amt=0, Days=0
[2026-08-17T10:21:37.104Z] [Late-Dbg] User 185 Final: LateCount=0, Amt=0, Days=0
[Admin-Bonus] SKIP: User 185, Rule Active=true, RuleMonth=2026-07, TargetMonth=2026-08
[2026-08-17T10:21:37.136Z] [Late-Dbg] User 186 Final: LateCount=0, Amt=0, Days=0
[2026-08-17T10:21:37.165Z] [Late-Dbg] User 188 Final: LateCount=0, Amt=0, Days=0
[2026-08-17T10:21:37.237Z] [Late-Dbg] User 195 Final: LateCount=0, Amt=0, Days=0
[Admin-Bonus] SKIP: User 195, Rule Active=true, RuleMonth=2026-07, TargetMonth=2026-08
[2026-08-17T10:21:37.339Z] [Late-Dbg] User 196 Final: LateCount=0, Amt=0, Days=0
[Admin-Bonus] SKIP: User 196, Rule Active=true, RuleMonth=2026-07, TargetMonth=2026-08
[2026-08-17T10:21:39.956Z] [Late-Dbg] User 57 Final: LateCount=0, Amt=0, Days=0
[2026-08-17T10:21:40.017Z] [Late-Dbg] User 58 Final: LateCount=1, Amt=0, Days=0
[2026-08-17T10:21:40.101Z] [Late-Dbg] User 59 Final: LateCount=0, Amt=0, Days=0
[2026-08-17T10:21:40.141Z] [Late-Dbg] User 61 Final: LateCount=0, Amt=0, Days=0
[2026-08-17T10:21:40.180Z] [Late-Dbg] User 62 Final: LateCount=0, Amt=0, Days=0
[2026-08-17T10:21:40.217Z] [Late-Dbg] User 63 Final: LateCount=0, Amt=0, Days=0
[2026-08-17T10:21:40.252Z] [Late-Dbg] User 64 Final: LateCount=0, Amt=0, Days=0
[2026-08-17T10:21:40.284Z] [Late-Dbg] User 65 Final: LateCount=0, Amt=0, Days=0
[2026-08-17T10:21:40.317Z] [Late-Dbg] User 68 Final: LateCount=0, Amt=0, Days=0
[2026-08-17T10:21:40.347Z] [Late-Dbg] User 69 Final: LateCount=0, Amt=0, Days=0
[2026-08-17T10:21:40.378Z] [Late-Dbg] User 70 Final: LateCount=0, Amt=0, Days=0
[2026-08-17T10:21:40.403Z] [Late-Dbg] User 98 Final: LateCount=0, Amt=0, Days=0
[2026-08-17T10:21:40.430Z] [Late-Dbg] User 103 Final: LateCount=0, Amt=0, Days=0
[2026-08-17T10:21:40.458Z] [Late-Dbg] User 107 Final: LateCount=0, Amt=0, Days=0
[2026-08-17T10:21:40.484Z] [Late-Dbg] User 108 Final: LateCount=0, Amt=0, Days=0
[2026-08-17T10:21:40.513Z] [Late-Dbg] User 109 Final: LateCount=0, Amt=0, Days=0
[2026-08-17T10:21:40.544Z] [Late-Dbg] User 182 Final: LateCount=0, Amt=0, Days=0
[2026-08-17T10:21:40.571Z] [Late-Dbg] User 185 Final: LateCount=0, Amt=0, Days=0
[Admin-Bonus] SKIP: User 185, Rule Active=true, RuleMonth=2026-07, TargetMonth=2026-08
[2026-08-17T10:21:40.602Z] [Late-Dbg] User 186 Final: LateCount=0, Amt=0, Days=0
[2026-08-17T10:21:40.637Z] [Late-Dbg] User 188 Final: LateCount=0, Amt=0, Days=0
[2026-08-17T10:21:40.701Z] [Late-Dbg] User 195 Final: LateCount=0, Amt=0, Days=0
[Admin-Bonus] SKIP: User 195, Rule Active=true, RuleMonth=2026-07, TargetMonth=2026-08
[2026-08-17T10:21:40.783Z] [Late-Dbg] User 196 Final: LateCount=0, Amt=0, Days=0
[Admin-Bonus] SKIP: User 196, Rule Active=true, RuleMonth=2026-07, TargetMonth=2026-08
[2026-08-17T10:25:03.279Z] [Late-Dbg] User 57 Final: LateCount=0, Amt=0, Days=0
[2026-08-17T10:25:03.376Z] [Late-Dbg] User 58 Final: LateCount=1, Amt=0, Days=0
[2026-08-17T10:25:03.472Z] [Late-Dbg] User 59 Final: LateCount=0, Amt=0, Days=0
[2026-08-17T10:25:03.508Z] [Late-Dbg] User 61 Final: LateCount=0, Amt=0, Days=0
[2026-08-17T10:25:03.542Z] [Late-Dbg] User 62 Final: LateCount=0, Amt=0, Days=0
[2026-08-17T10:25:03.570Z] [Late-Dbg] User 63 Final: LateCount=0, Amt=0, Days=0
[2026-08-17T10:25:03.597Z] [Late-Dbg] User 64 Final: LateCount=0, Amt=0, Days=0
[2026-08-17T10:25:03.621Z] [Late-Dbg] User 65 Final: LateCount=0, Amt=0, Days=0
[2026-08-17T10:25:03.645Z] [Late-Dbg] User 68 Final: LateCount=0, Amt=0, Days=0
[2026-08-17T10:25:03.671Z] [Late-Dbg] User 69 Final: LateCount=0, Amt=0, Days=0
[2026-08-17T10:25:03.701Z] [Late-Dbg] User 70 Final: LateCount=0, Amt=0, Days=0
[2026-08-17T10:25:03.729Z] [Late-Dbg] User 98 Final: LateCount=0, Amt=0, Days=0
[2026-08-17T10:25:03.759Z] [Late-Dbg] User 103 Final: LateCount=0, Amt=0, Days=0
[2026-08-17T10:25:03.788Z] [Late-Dbg] User 107 Final: LateCount=0, Amt=0, Days=0
[2026-08-17T10:25:03.814Z] [Late-Dbg] User 108 Final: LateCount=0, Amt=0, Days=0
[2026-08-17T10:25:03.841Z] [Late-Dbg] User 109 Final: LateCount=0, Amt=0, Days=0
[2026-08-17T10:25:03.872Z] [Late-Dbg] User 182 Final: LateCount=0, Amt=0, Days=0
[2026-08-17T10:25:03.902Z] [Late-Dbg] User 185 Final: LateCount=0, Amt=0, Days=0
[Admin-Bonus] SKIP: User 185, Rule Active=true, RuleMonth=2026-07, TargetMonth=2026-08
[2026-08-17T10:25:03.930Z] [Late-Dbg] User 186 Final: LateCount=0, Amt=0, Days=0
[2026-08-17T10:25:03.958Z] [Late-Dbg] User 188 Final: LateCount=0, Amt=0, Days=0
[2026-08-17T10:25:04.046Z] [Late-Dbg] User 195 Final: LateCount=0, Amt=0, Days=0
[Admin-Bonus] SKIP: User 195, Rule Active=true, RuleMonth=2026-07, TargetMonth=2026-08
[2026-08-17T10:25:04.121Z] [Late-Dbg] User 196 Final: LateCount=0, Amt=0, Days=0
[Admin-Bonus] SKIP: User 196, Rule Active=true, RuleMonth=2026-07, TargetMonth=2026-08
[2026-08-17T10:25:45.858Z] [Late-Dbg] User 57 Final: LateCount=0, Amt=0, Days=0
[2026-08-17T10:25:45.922Z] [Late-Dbg] User 58 Final: LateCount=1, Amt=0, Days=0
[2026-08-17T10:25:45.993Z] [Late-Dbg] User 59 Final: LateCount=0, Amt=0, Days=0
[2026-08-17T10:25:46.026Z] [Late-Dbg] User 61 Final: LateCount=0, Amt=0, Days=0
[2026-08-17T10:25:46.069Z] [Late-Dbg] User 62 Final: LateCount=0, Amt=0, Days=0
[2026-08-17T10:25:46.105Z] [Late-Dbg] User 63 Final: LateCount=0, Amt=0, Days=0
[2026-08-17T10:25:46.128Z] [Late-Dbg] User 64 Final: LateCount=0, Amt=0, Days=0
[2026-08-17T10:25:46.154Z] [Late-Dbg] User 65 Final: LateCount=0, Amt=0, Days=0
[2026-08-17T10:25:46.173Z] [Late-Dbg] User 68 Final: LateCount=0, Amt=0, Days=0
[2026-08-17T10:25:46.199Z] [Late-Dbg] User 69 Final: LateCount=0, Amt=0, Days=0
[2026-08-17T10:25:46.222Z] [Late-Dbg] User 70 Final: LateCount=0, Amt=0, Days=0
[2026-08-17T10:25:46.243Z] [Late-Dbg] User 98 Final: LateCount=0, Amt=0, Days=0
[2026-08-17T10:25:46.268Z] [Late-Dbg] User 103 Final: LateCount=0, Amt=0, Days=0
[2026-08-17T10:25:46.288Z] [Late-Dbg] User 107 Final: LateCount=0, Amt=0, Days=0
[2026-08-17T10:25:46.307Z] [Late-Dbg] User 108 Final: LateCount=0, Amt=0, Days=0
[2026-08-17T10:25:46.329Z] [Late-Dbg] User 109 Final: LateCount=0, Amt=0, Days=0
[2026-08-17T10:25:46.353Z] [Late-Dbg] User 182 Final: LateCount=0, Amt=0, Days=0
[2026-08-17T10:25:46.375Z] [Late-Dbg] User 185 Final: LateCount=0, Amt=0, Days=0
[Admin-Bonus] SKIP: User 185, Rule Active=true, RuleMonth=2026-07, TargetMonth=2026-08
[2026-08-17T10:25:46.407Z] [Late-Dbg] User 186 Final: LateCount=0, Amt=0, Days=0
[2026-08-17T10:25:46.427Z] [Late-Dbg] User 188 Final: LateCount=0, Amt=0, Days=0
[2026-08-17T10:25:46.459Z] [Late-Dbg] User 195 Final: LateCount=0, Amt=0, Days=0
[Admin-Bonus] SKIP: User 195, Rule Active=true, RuleMonth=2026-07, TargetMonth=2026-08
[2026-08-17T10:25:46.572Z] [Late-Dbg] User 196 Final: LateCount=0, Amt=0, Days=0
[Admin-Bonus] SKIP: User 196, Rule Active=true, RuleMonth=2026-07, TargetMonth=2026-08
[2026-08-17T10:26:45.405Z] [Late-Dbg] User 57 Final: LateCount=0, Amt=0, Days=0
[2026-08-17T10:26:45.461Z] [Late-Dbg] User 58 Final: LateCount=0, Amt=0, Days=0
[2026-08-17T10:26:45.498Z] [Late-Dbg] User 59 Final: LateCount=0, Amt=0, Days=0
[2026-08-17T10:26:45.528Z] [Late-Dbg] User 61 Final: LateCount=0, Amt=0, Days=0
[2026-08-17T10:26:45.561Z] [Late-Dbg] User 62 Final: LateCount=0, Amt=0, Days=0
[2026-08-17T10:26:45.593Z] [Late-Dbg] User 63 Final: LateCount=0, Amt=0, Days=0
[2026-08-17T10:26:45.633Z] [Late-Dbg] User 64 Final: LateCount=0, Amt=0, Days=0
[2026-08-17T10:26:45.657Z] [Late-Dbg] User 65 Final: LateCount=0, Amt=0, Days=0
[2026-08-17T10:26:45.727Z] [Late-Dbg] User 68 Final: LateCount=0, Amt=0, Days=0
[2026-08-17T10:26:45.810Z] [Late-Dbg] User 69 Final: LateCount=0, Amt=0, Days=0
[2026-08-17T10:26:45.901Z] [Late-Dbg] User 70 Final: LateCount=0, Amt=0, Days=0
[2026-08-17T10:26:45.938Z] [Late-Dbg] User 98 Final: LateCount=0, Amt=0, Days=0
[2026-08-17T10:26:45.960Z] [Late-Dbg] User 103 Final: LateCount=0, Amt=0, Days=0
[2026-08-17T10:26:45.984Z] [Late-Dbg] User 107 Final: LateCount=0, Amt=0, Days=0
[2026-08-17T10:26:46.005Z] [Late-Dbg] User 108 Final: LateCount=0, Amt=0, Days=0
[2026-08-17T10:26:46.027Z] [Late-Dbg] User 109 Final: LateCount=0, Amt=0, Days=0
[2026-08-17T10:26:46.055Z] [Late-Dbg] User 182 Final: LateCount=0, Amt=0, Days=0
[2026-08-17T10:26:46.080Z] [Late-Dbg] User 185 Final: LateCount=0, Amt=0, Days=0
[2026-08-17T10:26:46.104Z] [Late-Dbg] User 186 Final: LateCount=0, Amt=0, Days=0
[2026-08-17T10:26:46.126Z] [Late-Dbg] User 188 Final: LateCount=0, Amt=0, Days=0
[2026-08-17T10:26:46.200Z] [Late-Dbg] User 195 Final: LateCount=0, Amt=0, Days=0
[Admin-Bonus] SUCCESS: User 195, Rule=rule3, Joining=2026-01-01, Tenure=7mo, PaidBefore=0mo, NewPaid=7mo, Bonus=2928.81
[2026-08-17T10:26:46.370Z] [Late-Dbg] User 196 Final: LateCount=0, Amt=0, Days=0
[2026-08-17T10:27:07.634Z] [Late-Dbg] User 57 Final: LateCount=0, Amt=0, Days=0
[2026-08-17T10:27:07.712Z] [Late-Dbg] User 58 Final: LateCount=1, Amt=0, Days=0
[2026-08-17T10:27:07.794Z] [Late-Dbg] User 59 Final: LateCount=0, Amt=0, Days=0
[2026-08-17T10:27:07.831Z] [Late-Dbg] User 61 Final: LateCount=0, Amt=0, Days=0
[2026-08-17T10:27:07.871Z] [Late-Dbg] User 62 Final: LateCount=0, Amt=0, Days=0
[2026-08-17T10:27:07.893Z] [Late-Dbg] User 63 Final: LateCount=0, Amt=0, Days=0
[2026-08-17T10:27:07.922Z] [Late-Dbg] User 64 Final: LateCount=0, Amt=0, Days=0
[2026-08-17T10:27:07.943Z] [Late-Dbg] User 65 Final: LateCount=0, Amt=0, Days=0
[2026-08-17T10:27:07.970Z] [Late-Dbg] User 68 Final: LateCount=0, Amt=0, Days=0
[2026-08-17T10:27:07.992Z] [Late-Dbg] User 69 Final: LateCount=0, Amt=0, Days=0
[2026-08-17T10:27:08.018Z] [Late-Dbg] User 70 Final: LateCount=0, Amt=0, Days=0
[2026-08-17T10:27:08.041Z] [Late-Dbg] User 98 Final: LateCount=0, Amt=0, Days=0
[2026-08-17T10:27:08.061Z] [Late-Dbg] User 103 Final: LateCount=0, Amt=0, Days=0
[2026-08-17T10:27:08.085Z] [Late-Dbg] User 107 Final: LateCount=0, Amt=0, Days=0
[2026-08-17T10:27:08.106Z] [Late-Dbg] User 108 Final: LateCount=0, Amt=0, Days=0
[2026-08-17T10:27:08.127Z] [Late-Dbg] User 109 Final: LateCount=0, Amt=0, Days=0
[2026-08-17T10:27:08.153Z] [Late-Dbg] User 182 Final: LateCount=0, Amt=0, Days=0
[2026-08-17T10:27:08.174Z] [Late-Dbg] User 185 Final: LateCount=0, Amt=0, Days=0
[Admin-Bonus] SKIP: User 185, Rule Active=true, RuleMonth=2026-07, TargetMonth=2026-08
[2026-08-17T10:27:08.196Z] [Late-Dbg] User 186 Final: LateCount=0, Amt=0, Days=0
[2026-08-17T10:27:08.220Z] [Late-Dbg] User 188 Final: LateCount=0, Amt=0, Days=0
[2026-08-17T10:27:08.252Z] [Late-Dbg] User 195 Final: LateCount=0, Amt=0, Days=0
[Admin-Bonus] SKIP: User 195, Rule Active=true, RuleMonth=2026-07, TargetMonth=2026-08
[2026-08-17T10:27:08.312Z] [Late-Dbg] User 196 Final: LateCount=0, Amt=0, Days=0
[Admin-Bonus] SKIP: User 196, Rule Active=true, RuleMonth=2026-07, TargetMonth=2026-08
[2026-08-17T10:36:03.164Z] [Late-Dbg] User 57 Final: LateCount=0, Amt=0, Days=0
[2026-08-17T10:36:03.310Z] [Late-Dbg] User 58 Final: LateCount=1, Amt=0, Days=0
[2026-08-17T10:36:03.483Z] [Late-Dbg] User 59 Final: LateCount=0, Amt=0, Days=0
[2026-08-17T10:36:03.544Z] [Late-Dbg] User 61 Final: LateCount=0, Amt=0, Days=0
[2026-08-17T10:36:03.575Z] [Late-Dbg] User 62 Final: LateCount=0, Amt=0, Days=0
[2026-08-17T10:36:03.604Z] [Late-Dbg] User 63 Final: LateCount=0, Amt=0, Days=0
[2026-08-17T10:36:03.637Z] [Late-Dbg] User 64 Final: LateCount=0, Amt=0, Days=0
[2026-08-17T10:36:03.668Z] [Late-Dbg] User 65 Final: LateCount=0, Amt=0, Days=0
[2026-08-17T10:36:03.704Z] [Late-Dbg] User 68 Final: LateCount=0, Amt=0, Days=0
[2026-08-17T10:36:03.737Z] [Late-Dbg] User 69 Final: LateCount=0, Amt=0, Days=0
[2026-08-17T10:36:03.767Z] [Late-Dbg] User 70 Final: LateCount=0, Amt=0, Days=0
[2026-08-17T10:36:03.806Z] [Late-Dbg] User 98 Final: LateCount=0, Amt=0, Days=0
[2026-08-17T10:36:03.844Z] [Late-Dbg] User 103 Final: LateCount=0, Amt=0, Days=0
[2026-08-17T10:36:03.878Z] [Late-Dbg] User 107 Final: LateCount=0, Amt=0, Days=0
[2026-08-17T10:36:03.912Z] [Late-Dbg] User 108 Final: LateCount=0, Amt=0, Days=0
[2026-08-17T10:36:03.947Z] [Late-Dbg] User 109 Final: LateCount=0, Amt=0, Days=0
[2026-08-17T10:36:03.991Z] [Late-Dbg] User 182 Final: LateCount=0, Amt=0, Days=0
[2026-08-17T10:36:04.032Z] [Late-Dbg] User 185 Final: LateCount=0, Amt=0, Days=0
[Admin-Bonus] SKIP: User 185, Rule Active=true, RuleMonth=2026-07, TargetMonth=2026-08
[2026-08-17T10:36:04.081Z] [Late-Dbg] User 186 Final: LateCount=0, Amt=0, Days=0
[2026-08-17T10:36:04.117Z] [Late-Dbg] User 188 Final: LateCount=0, Amt=0, Days=0
[2026-08-17T10:36:04.176Z] [Late-Dbg] User 195 Final: LateCount=0, Amt=0, Days=0
[Admin-Bonus] SKIP: User 195, Rule Active=true, RuleMonth=2026-07, TargetMonth=2026-08
[2026-08-17T10:36:04.270Z] [Late-Dbg] User 196 Final: LateCount=0, Amt=0, Days=0
[Admin-Bonus] SKIP: User 196, Rule Active=true, RuleMonth=2026-07, TargetMonth=2026-08
[2026-08-17T10:36:28.834Z] [Late-Dbg] User 57 Final: LateCount=0, Amt=0, Days=0
[2026-08-17T10:36:28.951Z] [Late-Dbg] User 58 Final: LateCount=1, Amt=0, Days=0
[2026-08-17T10:36:29.032Z] [Late-Dbg] User 59 Final: LateCount=0, Amt=0, Days=0
[2026-08-17T10:36:29.066Z] [Late-Dbg] User 61 Final: LateCount=0, Amt=0, Days=0
[2026-08-17T10:36:29.101Z] [Late-Dbg] User 62 Final: LateCount=0, Amt=0, Days=0
[2026-08-17T10:36:29.129Z] [Late-Dbg] User 63 Final: LateCount=0, Amt=0, Days=0
[2026-08-17T10:36:29.158Z] [Late-Dbg] User 64 Final: LateCount=0, Amt=0, Days=0
[2026-08-17T10:36:29.183Z] [Late-Dbg] User 65 Final: LateCount=0, Amt=0, Days=0
[2026-08-17T10:36:29.214Z] [Late-Dbg] User 68 Final: LateCount=0, Amt=0, Days=0
[2026-08-17T10:36:29.246Z] [Late-Dbg] User 69 Final: LateCount=0, Amt=0, Days=0
[2026-08-17T10:36:29.274Z] [Late-Dbg] User 70 Final: LateCount=0, Amt=0, Days=0
[2026-08-17T10:36:29.299Z] [Late-Dbg] User 98 Final: LateCount=0, Amt=0, Days=0
[2026-08-17T10:36:29.327Z] [Late-Dbg] User 103 Final: LateCount=0, Amt=0, Days=0
[2026-08-17T10:36:29.351Z] [Late-Dbg] User 107 Final: LateCount=0, Amt=0, Days=0
[2026-08-17T10:36:29.378Z] [Late-Dbg] User 108 Final: LateCount=0, Amt=0, Days=0
[2026-08-17T10:36:29.405Z] [Late-Dbg] User 109 Final: LateCount=0, Amt=0, Days=0
[2026-08-17T10:36:29.432Z] [Late-Dbg] User 182 Final: LateCount=0, Amt=0, Days=0
[2026-08-17T10:36:29.461Z] [Late-Dbg] User 185 Final: LateCount=0, Amt=0, Days=0
[Admin-Bonus] SKIP: User 185, Rule Active=true, RuleMonth=2026-07, TargetMonth=2026-08
[2026-08-17T10:36:29.485Z] [Late-Dbg] User 186 Final: LateCount=0, Amt=0, Days=0
[2026-08-17T10:36:29.514Z] [Late-Dbg] User 188 Final: LateCount=0, Amt=0, Days=0
[2026-08-17T10:36:29.549Z] [Late-Dbg] User 195 Final: LateCount=0, Amt=0, Days=0
[Admin-Bonus] SKIP: User 195, Rule Active=true, RuleMonth=2026-07, TargetMonth=2026-08
[2026-08-17T10:36:29.612Z] [Late-Dbg] User 196 Final: LateCount=0, Amt=0, Days=0
[Admin-Bonus] SKIP: User 196, Rule Active=true, RuleMonth=2026-07, TargetMonth=2026-08
[2026-08-17T11:08:14.984Z] [Late-Dbg] User 57 Final: LateCount=0, Amt=0, Days=0
[2026-08-17T11:08:15.119Z] [Late-Dbg] User 58 Final: LateCount=0, Amt=0, Days=0
[2026-08-17T11:08:15.200Z] [Late-Dbg] User 59 Final: LateCount=0, Amt=0, Days=0
[2026-08-17T11:08:15.264Z] [Late-Dbg] User 61 Final: LateCount=0, Amt=0, Days=0
[2026-08-17T11:08:15.330Z] [Late-Dbg] User 62 Final: LateCount=0, Amt=0, Days=0
[2026-08-17T11:08:15.387Z] [Late-Dbg] User 63 Final: LateCount=0, Amt=0, Days=0
[2026-08-17T11:08:15.460Z] [Late-Dbg] User 64 Final: LateCount=0, Amt=0, Days=0
[2026-08-17T11:08:15.518Z] [Late-Dbg] User 65 Final: LateCount=0, Amt=0, Days=0
[2026-08-17T11:08:15.584Z] [Late-Dbg] User 68 Final: LateCount=0, Amt=0, Days=0
[2026-08-17T11:08:15.768Z] [Late-Dbg] User 69 Final: LateCount=0, Amt=0, Days=0
[2026-08-17T11:08:15.930Z] [Late-Dbg] User 70 Final: LateCount=0, Amt=0, Days=0
[2026-08-17T11:08:15.967Z] [Late-Dbg] User 98 Final: LateCount=0, Amt=0, Days=0
[2026-08-17T11:08:16.015Z] [Late-Dbg] User 103 Final: LateCount=0, Amt=0, Days=0
[2026-08-17T11:08:16.068Z] [Late-Dbg] User 107 Final: LateCount=0, Amt=0, Days=0
[2026-08-17T11:08:16.125Z] [Late-Dbg] User 108 Final: LateCount=0, Amt=0, Days=0
[2026-08-17T11:08:16.182Z] [Late-Dbg] User 109 Final: LateCount=0, Amt=0, Days=0
[2026-08-17T11:08:16.314Z] [Late-Dbg] User 182 Final: LateCount=0, Amt=0, Days=0
[2026-08-17T11:08:16.377Z] [Late-Dbg] User 185 Final: LateCount=0, Amt=0, Days=0
[2026-08-17T11:08:16.423Z] [Late-Dbg] User 186 Final: LateCount=0, Amt=0, Days=0
[2026-08-17T11:08:16.484Z] [Late-Dbg] User 188 Final: LateCount=0, Amt=0, Days=0
[2026-08-17T11:08:16.706Z] [Late-Dbg] User 195 Final: LateCount=0, Amt=0, Days=0
[Admin-Bonus] SUCCESS: User 195, Rule=rule3, Joining=2026-01-01, Tenure=7mo, PaidBefore=0mo, NewPaid=7mo, Bonus=2928.81
[2026-08-17T11:08:17.130Z] [Late-Dbg] User 196 Final: LateCount=0, Amt=0, Days=0
[2026-08-17T11:19:46.783Z] [Late-Dbg] User 57 Final: LateCount=0, Amt=0, Days=0
[2026-08-17T11:19:46.935Z] [Late-Dbg] User 58 Final: LateCount=0, Amt=0, Days=0
[2026-08-17T11:19:47.009Z] [Late-Dbg] User 59 Final: LateCount=0, Amt=0, Days=0
[2026-08-17T11:19:47.080Z] [Late-Dbg] User 61 Final: LateCount=0, Amt=0, Days=0
[2026-08-17T11:19:47.149Z] [Late-Dbg] User 62 Final: LateCount=0, Amt=0, Days=0
[2026-08-17T11:19:47.211Z] [Late-Dbg] User 63 Final: LateCount=0, Amt=0, Days=0
[2026-08-17T11:19:47.302Z] [Late-Dbg] User 64 Final: LateCount=0, Amt=0, Days=0
[2026-08-17T11:19:47.367Z] [Late-Dbg] User 65 Final: LateCount=0, Amt=0, Days=0
[2026-08-17T11:19:47.442Z] [Late-Dbg] User 68 Final: LateCount=0, Amt=0, Days=0
[2026-08-17T11:19:47.704Z] [Late-Dbg] User 69 Final: LateCount=0, Amt=0, Days=0
[2026-08-17T11:19:48.032Z] [Late-Dbg] User 70 Final: LateCount=0, Amt=0, Days=0
[2026-08-17T11:19:48.092Z] [Late-Dbg] User 98 Final: LateCount=0, Amt=0, Days=0
[2026-08-17T11:19:48.182Z] [Late-Dbg] User 103 Final: LateCount=0, Amt=0, Days=0
[2026-08-17T11:19:48.285Z] [Late-Dbg] User 107 Final: LateCount=0, Amt=0, Days=0
[2026-08-17T11:19:48.332Z] [Late-Dbg] User 108 Final: LateCount=0, Amt=0, Days=0
[2026-08-17T11:19:48.391Z] [Late-Dbg] User 109 Final: LateCount=0, Amt=0, Days=0
[2026-08-17T11:19:48.456Z] [Late-Dbg] User 182 Final: LateCount=0, Amt=0, Days=0
[2026-08-17T11:19:48.519Z] [Late-Dbg] User 185 Final: LateCount=0, Amt=0, Days=0
[2026-08-17T11:19:48.577Z] [Late-Dbg] User 186 Final: LateCount=0, Amt=0, Days=0
[2026-08-17T11:19:48.632Z] [Late-Dbg] User 188 Final: LateCount=0, Amt=0, Days=0
[2026-08-17T11:19:48.825Z] [Late-Dbg] User 195 Final: LateCount=0, Amt=0, Days=0
[Admin-Bonus] SUCCESS: User 195, Rule=rule3, Joining=2026-01-01, Tenure=7mo, PaidBefore=0mo, NewPaid=7mo, Bonus=2928.81
[2026-08-17T11:19:49.216Z] [Late-Dbg] User 196 Final: LateCount=0, Amt=0, Days=0
[2026-08-17T11:33:15.860Z] [Late-Dbg] User 57 Final: LateCount=0, Amt=0, Days=0
[2026-08-17T11:33:16.002Z] [Late-Dbg] User 58 Final: LateCount=1, Amt=0, Days=0
[2026-08-17T11:33:16.137Z] [Late-Dbg] User 59 Final: LateCount=0, Amt=0, Days=0
[2026-08-17T11:33:16.185Z] [Late-Dbg] User 61 Final: LateCount=0, Amt=0, Days=0
[2026-08-17T11:33:16.230Z] [Late-Dbg] User 62 Final: LateCount=0, Amt=0, Days=0
[2026-08-17T11:33:16.273Z] [Late-Dbg] User 63 Final: LateCount=0, Amt=0, Days=0
[2026-08-17T11:33:16.357Z] [Late-Dbg] User 64 Final: LateCount=0, Amt=0, Days=0
[2026-08-17T11:33:16.443Z] [Late-Dbg] User 65 Final: LateCount=0, Amt=0, Days=0
[2026-08-17T11:33:16.532Z] [Late-Dbg] User 68 Final: LateCount=0, Amt=0, Days=0
[2026-08-17T11:33:16.621Z] [Late-Dbg] User 69 Final: LateCount=0, Amt=0, Days=0
[2026-08-17T11:33:16.712Z] [Late-Dbg] User 70 Final: LateCount=0, Amt=0, Days=0
[2026-08-17T11:33:16.810Z] [Late-Dbg] User 98 Final: LateCount=0, Amt=0, Days=0
[2026-08-17T11:33:16.896Z] [Late-Dbg] User 103 Final: LateCount=0, Amt=0, Days=0
[2026-08-17T11:33:16.979Z] [Late-Dbg] User 107 Final: LateCount=0, Amt=0, Days=0
[2026-08-17T11:33:17.060Z] [Late-Dbg] User 108 Final: LateCount=0, Amt=0, Days=0
[2026-08-17T11:33:17.155Z] [Late-Dbg] User 109 Final: LateCount=0, Amt=0, Days=0
[2026-08-17T11:33:17.262Z] [Late-Dbg] User 182 Final: LateCount=0, Amt=0, Days=0
[2026-08-17T11:33:17.342Z] [Late-Dbg] User 185 Final: LateCount=0, Amt=0, Days=0
[Admin-Bonus] SKIP: User 185, Rule Active=true, RuleMonth=2026-07, TargetMonth=2026-08
[2026-08-17T11:33:17.408Z] [Late-Dbg] User 186 Final: LateCount=0, Amt=0, Days=0
[2026-08-17T11:33:17.462Z] [Late-Dbg] User 188 Final: LateCount=0, Amt=0, Days=0
[2026-08-17T11:33:17.525Z] [Late-Dbg] User 195 Final: LateCount=0, Amt=0, Days=0
[Admin-Bonus] SKIP: User 195, Rule Active=true, RuleMonth=2026-07, TargetMonth=2026-08
[2026-08-17T11:33:17.624Z] [Late-Dbg] User 196 Final: LateCount=0, Amt=0, Days=0
[Admin-Bonus] SKIP: User 196, Rule Active=true, RuleMonth=2026-07, TargetMonth=2026-08
[2026-08-17T11:33:30.488Z] [Late-Dbg] User 57 Final: LateCount=0, Amt=0, Days=0
[2026-08-17T11:33:30.556Z] [Late-Dbg] User 58 Final: LateCount=0, Amt=0, Days=0
[2026-08-17T11:33:30.595Z] [Late-Dbg] User 59 Final: LateCount=0, Amt=0, Days=0
[2026-08-17T11:33:30.635Z] [Late-Dbg] User 61 Final: LateCount=0, Amt=0, Days=0
[2026-08-17T11:33:30.673Z] [Late-Dbg] User 62 Final: LateCount=0, Amt=0, Days=0
[2026-08-17T11:33:30.710Z] [Late-Dbg] User 63 Final: LateCount=0, Amt=0, Days=0
[2026-08-17T11:33:30.746Z] [Late-Dbg] User 64 Final: LateCount=0, Amt=0, Days=0
[2026-08-17T11:33:30.788Z] [Late-Dbg] User 65 Final: LateCount=0, Amt=0, Days=0
[2026-08-17T11:33:30.869Z] [Late-Dbg] User 68 Final: LateCount=0, Amt=0, Days=0
[2026-08-17T11:33:31.076Z] [Late-Dbg] User 69 Final: LateCount=0, Amt=0, Days=0
[2026-08-17T11:33:31.344Z] [Late-Dbg] User 70 Final: LateCount=0, Amt=0, Days=0
[2026-08-17T11:33:31.413Z] [Late-Dbg] User 98 Final: LateCount=0, Amt=0, Days=0
[2026-08-17T11:33:31.488Z] [Late-Dbg] User 103 Final: LateCount=0, Amt=0, Days=0
[2026-08-17T11:33:31.557Z] [Late-Dbg] User 107 Final: LateCount=0, Amt=0, Days=0
[2026-08-17T11:33:31.625Z] [Late-Dbg] User 108 Final: LateCount=0, Amt=0, Days=0
[2026-08-17T11:33:31.701Z] [Late-Dbg] User 109 Final: LateCount=0, Amt=0, Days=0
[2026-08-17T11:33:31.772Z] [Late-Dbg] User 182 Final: LateCount=0, Amt=0, Days=0
[2026-08-17T11:33:31.839Z] [Late-Dbg] User 185 Final: LateCount=0, Amt=0, Days=0
[2026-08-17T11:33:31.926Z] [Late-Dbg] User 186 Final: LateCount=0, Amt=0, Days=0
[2026-08-17T11:33:31.991Z] [Late-Dbg] User 188 Final: LateCount=0, Amt=0, Days=0
[2026-08-17T11:33:32.278Z] [Late-Dbg] User 195 Final: LateCount=0, Amt=0, Days=0
[Admin-Bonus] SUCCESS: User 195, Rule=rule3, Joining=2026-01-01, Tenure=7mo, PaidBefore=0mo, NewPaid=7mo, Bonus=2928.81
[2026-08-17T11:33:32.689Z] [Late-Dbg] User 196 Final: LateCount=0, Amt=0, Days=0
[2026-08-17T11:36:31.989Z] [Late-Dbg] User 57 Final: LateCount=0, Amt=0, Days=0
[2026-08-17T11:36:32.095Z] [Late-Dbg] User 58 Final: LateCount=1, Amt=0, Days=0
[2026-08-17T11:36:32.201Z] [Late-Dbg] User 59 Final: LateCount=0, Amt=0, Days=0
[2026-08-17T11:36:32.242Z] [Late-Dbg] User 61 Final: LateCount=0, Amt=0, Days=0
[2026-08-17T11:36:32.276Z] [Late-Dbg] User 62 Final: LateCount=0, Amt=0, Days=0
[2026-08-17T11:36:32.311Z] [Late-Dbg] User 63 Final: LateCount=0, Amt=0, Days=0
[2026-08-17T11:36:32.345Z] [Late-Dbg] User 64 Final: LateCount=0, Amt=0, Days=0
[2026-08-17T11:36:32.382Z] [Late-Dbg] User 65 Final: LateCount=0, Amt=0, Days=0
[2026-08-17T11:36:32.414Z] [Late-Dbg] User 68 Final: LateCount=0, Amt=0, Days=0
[2026-08-17T11:36:32.468Z] [Late-Dbg] User 69 Final: LateCount=0, Amt=0, Days=0
[2026-08-17T11:36:32.544Z] [Late-Dbg] User 70 Final: LateCount=0, Amt=0, Days=0
[2026-08-17T11:36:32.621Z] [Late-Dbg] User 98 Final: LateCount=0, Amt=0, Days=0
[2026-08-17T11:36:32.698Z] [Late-Dbg] User 103 Final: LateCount=0, Amt=0, Days=0
[2026-08-17T11:36:32.776Z] [Late-Dbg] User 107 Final: LateCount=0, Amt=0, Days=0
[2026-08-17T11:36:32.856Z] [Late-Dbg] User 108 Final: LateCount=0, Amt=0, Days=0
[2026-08-17T11:36:32.944Z] [Late-Dbg] User 109 Final: LateCount=0, Amt=0, Days=0
[2026-08-17T11:36:33.041Z] [Late-Dbg] User 182 Final: LateCount=0, Amt=0, Days=0
[2026-08-17T11:36:33.123Z] [Late-Dbg] User 185 Final: LateCount=0, Amt=0, Days=0
[Admin-Bonus] SKIP: User 185, Rule Active=true, RuleMonth=2026-07, TargetMonth=2026-08
[2026-08-17T11:36:33.214Z] [Late-Dbg] User 186 Final: LateCount=0, Amt=0, Days=0
[2026-08-17T11:36:33.266Z] [Late-Dbg] User 188 Final: LateCount=0, Amt=0, Days=0
[2026-08-17T11:36:33.337Z] [Late-Dbg] User 195 Final: LateCount=0, Amt=0, Days=0
[Admin-Bonus] SKIP: User 195, Rule Active=true, RuleMonth=2026-07, TargetMonth=2026-08
[2026-08-17T11:36:33.462Z] [Late-Dbg] User 196 Final: LateCount=0, Amt=0, Days=0
[Admin-Bonus] SKIP: User 196, Rule Active=true, RuleMonth=2026-07, TargetMonth=2026-08
[2026-08-17T12:07:38.253Z] [Late-Dbg] User 57 Final: LateCount=0, Amt=0, Days=0
[2026-08-17T12:07:38.386Z] [Late-Dbg] User 58 Final: LateCount=1, Amt=0, Days=0
[2026-08-17T12:07:38.530Z] [Late-Dbg] User 59 Final: LateCount=0, Amt=0, Days=0
[2026-08-17T12:07:38.574Z] [Late-Dbg] User 61 Final: LateCount=0, Amt=0, Days=0
[2026-08-17T12:07:38.643Z] [Late-Dbg] User 62 Final: LateCount=0, Amt=0, Days=0
[2026-08-17T12:07:38.735Z] [Late-Dbg] User 63 Final: LateCount=0, Amt=0, Days=0
[2026-08-17T12:07:38.825Z] [Late-Dbg] User 64 Final: LateCount=0, Amt=0, Days=0
[2026-08-17T12:07:38.929Z] [Late-Dbg] User 65 Final: LateCount=0, Amt=0, Days=0
[2026-08-17T12:07:39.037Z] [Late-Dbg] User 68 Final: LateCount=0, Amt=0, Days=0
[2026-08-17T12:07:39.146Z] [Late-Dbg] User 69 Final: LateCount=0, Amt=0, Days=0
[2026-08-17T12:07:39.263Z] [Late-Dbg] User 70 Final: LateCount=0, Amt=0, Days=0
[2026-08-17T12:07:39.372Z] [Late-Dbg] User 98 Final: LateCount=0, Amt=0, Days=0
[2026-08-17T12:07:39.476Z] [Late-Dbg] User 103 Final: LateCount=0, Amt=0, Days=0
[2026-08-17T12:07:39.580Z] [Late-Dbg] User 107 Final: LateCount=0, Amt=0, Days=0
[2026-08-17T12:07:39.684Z] [Late-Dbg] User 108 Final: LateCount=0, Amt=0, Days=0
[2026-08-17T12:07:39.770Z] [Late-Dbg] User 109 Final: LateCount=0, Amt=0, Days=0
[2026-08-17T12:07:39.837Z] [Late-Dbg] User 182 Final: LateCount=0, Amt=0, Days=0
[2026-08-17T12:07:39.901Z] [Late-Dbg] User 185 Final: LateCount=0, Amt=0, Days=0
[Admin-Bonus] SKIP: User 185, Rule Active=true, RuleMonth=2026-07, TargetMonth=2026-08
[2026-08-17T12:07:39.975Z] [Late-Dbg] User 186 Final: LateCount=0, Amt=0, Days=0
[2026-08-17T12:07:40.037Z] [Late-Dbg] User 188 Final: LateCount=0, Amt=0, Days=0
[2026-08-17T12:07:40.112Z] [Late-Dbg] User 195 Final: LateCount=0, Amt=0, Days=0
[Admin-Bonus] SKIP: User 195, Rule Active=true, RuleMonth=2026-07, TargetMonth=2026-08
[2026-08-17T12:07:40.211Z] [Late-Dbg] User 196 Final: LateCount=0, Amt=0, Days=0
[Admin-Bonus] SKIP: User 196, Rule Active=true, RuleMonth=2026-07, TargetMonth=2026-08
[2026-08-17T12:07:54.778Z] [Late-Dbg] User 57 Final: LateCount=0, Amt=0, Days=0
[2026-08-17T12:07:54.824Z] [Late-Dbg] User 58 Final: LateCount=0, Amt=0, Days=0
[2026-08-17T12:07:54.865Z] [Late-Dbg] User 59 Final: LateCount=0, Amt=0, Days=0
[2026-08-17T12:07:54.903Z] [Late-Dbg] User 61 Final: LateCount=0, Amt=0, Days=0
[2026-08-17T12:07:54.941Z] [Late-Dbg] User 62 Final: LateCount=0, Amt=0, Days=0
[2026-08-17T12:07:54.977Z] [Late-Dbg] User 63 Final: LateCount=0, Amt=0, Days=0
[2026-08-17T12:07:55.012Z] [Late-Dbg] User 64 Final: LateCount=0, Amt=0, Days=0
[2026-08-17T12:07:55.050Z] [Late-Dbg] User 65 Final: LateCount=0, Amt=0, Days=0
[2026-08-17T12:07:55.085Z] [Late-Dbg] User 68 Final: LateCount=0, Amt=0, Days=0
[2026-08-17T12:07:55.203Z] [Late-Dbg] User 69 Final: LateCount=0, Amt=0, Days=0
[2026-08-17T12:07:55.424Z] [Late-Dbg] User 70 Final: LateCount=0, Amt=0, Days=0
[2026-08-17T12:07:55.478Z] [Late-Dbg] User 98 Final: LateCount=0, Amt=0, Days=0
[2026-08-17T12:07:55.537Z] [Late-Dbg] User 103 Final: LateCount=0, Amt=0, Days=0
[2026-08-17T12:07:55.597Z] [Late-Dbg] User 107 Final: LateCount=0, Amt=0, Days=0
[2026-08-17T12:07:55.665Z] [Late-Dbg] User 108 Final: LateCount=0, Amt=0, Days=0
[2026-08-17T12:07:55.729Z] [Late-Dbg] User 109 Final: LateCount=0, Amt=0, Days=0
[2026-08-17T12:07:55.790Z] [Late-Dbg] User 182 Final: LateCount=0, Amt=0, Days=0
[2026-08-17T12:07:55.843Z] [Late-Dbg] User 185 Final: LateCount=0, Amt=0, Days=0
[2026-08-17T12:07:55.897Z] [Late-Dbg] User 186 Final: LateCount=0, Amt=0, Days=0
[2026-08-17T12:07:55.974Z] [Late-Dbg] User 188 Final: LateCount=0, Amt=0, Days=0
[2026-08-17T12:07:56.192Z] [Late-Dbg] User 195 Final: LateCount=0, Amt=0, Days=0
[Admin-Bonus] SUCCESS: User 195, Rule=rule3, Joining=2026-01-01, Tenure=7mo, PaidBefore=0mo, NewPaid=7mo, Bonus=2928.81
[2026-08-17T12:07:56.585Z] [Late-Dbg] User 196 Final: LateCount=0, Amt=0, Days=0
[2026-08-17T12:08:15.619Z] [Late-Dbg] User 57 Final: LateCount=0, Amt=0, Days=0
[2026-08-17T12:08:15.666Z] [Late-Dbg] User 58 Final: LateCount=0, Amt=0, Days=0
[2026-08-17T12:08:15.714Z] [Late-Dbg] User 59 Final: LateCount=0, Amt=0, Days=0
[2026-08-17T12:08:15.761Z] [Late-Dbg] User 61 Final: LateCount=0, Amt=0, Days=0
[2026-08-17T12:08:15.801Z] [Late-Dbg] User 62 Final: LateCount=0, Amt=0, Days=0
[2026-08-17T12:08:15.845Z] [Late-Dbg] User 63 Final: LateCount=0, Amt=0, Days=0
[2026-08-17T12:08:15.892Z] [Late-Dbg] User 64 Final: LateCount=0, Amt=0, Days=0
[2026-08-17T12:08:15.929Z] [Late-Dbg] User 65 Final: LateCount=0, Amt=0, Days=0
[2026-08-17T12:08:15.965Z] [Late-Dbg] User 68 Final: LateCount=0, Amt=0, Days=0
[2026-08-17T12:08:16.099Z] [Late-Dbg] User 69 Final: LateCount=0, Amt=0, Days=0
[2026-08-17T12:08:16.365Z] [Late-Dbg] User 70 Final: LateCount=0, Amt=0, Days=0
[2026-08-17T12:08:16.429Z] [Late-Dbg] User 98 Final: LateCount=0, Amt=0, Days=0
[2026-08-17T12:08:16.493Z] [Late-Dbg] User 103 Final: LateCount=0, Amt=0, Days=0
[2026-08-17T12:08:16.556Z] [Late-Dbg] User 107 Final: LateCount=0, Amt=0, Days=0
[2026-08-17T12:08:16.621Z] [Late-Dbg] User 108 Final: LateCount=0, Amt=0, Days=0
[2026-08-17T12:08:16.687Z] [Late-Dbg] User 109 Final: LateCount=0, Amt=0, Days=0
[2026-08-17T12:08:16.766Z] [Late-Dbg] User 182 Final: LateCount=0, Amt=0, Days=0
[2026-08-17T12:08:16.801Z] [Late-Dbg] User 185 Final: LateCount=0, Amt=0, Days=0
[2026-08-17T12:08:16.879Z] [Late-Dbg] User 186 Final: LateCount=0, Amt=0, Days=0
[2026-08-17T12:08:16.984Z] [Late-Dbg] User 188 Final: LateCount=0, Amt=0, Days=0
[2026-08-17T12:08:17.125Z] [Late-Dbg] User 195 Final: LateCount=0, Amt=0, Days=0
[Admin-Bonus] SUCCESS: User 195, Rule=rule3, Joining=2026-01-01, Tenure=7mo, PaidBefore=0mo, NewPaid=7mo, Bonus=2928.81
[2026-08-17T12:08:17.523Z] [Late-Dbg] User 196 Final: LateCount=0, Amt=0, Days=0
[2026-08-17T12:12:42.767Z] [Late-Dbg] User 57 Final: LateCount=0, Amt=0, Days=0
[2026-08-17T12:12:42.826Z] [Late-Dbg] User 58 Final: LateCount=0, Amt=0, Days=0
[2026-08-17T12:12:42.873Z] [Late-Dbg] User 59 Final: LateCount=0, Amt=0, Days=0
[2026-08-17T12:12:42.915Z] [Late-Dbg] User 61 Final: LateCount=0, Amt=0, Days=0
[2026-08-17T12:12:42.957Z] [Late-Dbg] User 62 Final: LateCount=0, Amt=0, Days=0
[2026-08-17T12:12:43.026Z] [Late-Dbg] User 63 Final: LateCount=0, Amt=0, Days=0
[2026-08-17T12:12:43.066Z] [Late-Dbg] User 64 Final: LateCount=0, Amt=0, Days=0
[2026-08-17T12:12:43.100Z] [Late-Dbg] User 65 Final: LateCount=0, Amt=0, Days=0
[2026-08-17T12:12:43.138Z] [Late-Dbg] User 68 Final: LateCount=0, Amt=0, Days=0
[2026-08-17T12:12:43.244Z] [Late-Dbg] User 69 Final: LateCount=0, Amt=0, Days=0
[2026-08-17T12:12:43.381Z] [Late-Dbg] User 70 Final: LateCount=0, Amt=0, Days=0
[2026-08-17T12:12:43.420Z] [Late-Dbg] User 98 Final: LateCount=0, Amt=0, Days=0
[2026-08-17T12:12:43.456Z] [Late-Dbg] User 103 Final: LateCount=0, Amt=0, Days=0
[2026-08-17T12:12:43.494Z] [Late-Dbg] User 107 Final: LateCount=0, Amt=0, Days=0
[2026-08-17T12:12:43.532Z] [Late-Dbg] User 108 Final: LateCount=0, Amt=0, Days=0
[2026-08-17T12:12:43.566Z] [Late-Dbg] User 109 Final: LateCount=0, Amt=0, Days=0
[2026-08-17T12:12:43.601Z] [Late-Dbg] User 182 Final: LateCount=0, Amt=0, Days=0
[2026-08-17T12:12:43.636Z] [Late-Dbg] User 185 Final: LateCount=0, Amt=0, Days=0
[2026-08-17T12:12:43.671Z] [Late-Dbg] User 186 Final: LateCount=0, Amt=0, Days=0
[2026-08-17T12:12:43.707Z] [Late-Dbg] User 188 Final: LateCount=0, Amt=0, Days=0
[2026-08-17T12:12:43.811Z] [Late-Dbg] User 195 Final: LateCount=0, Amt=0, Days=0
[Admin-Bonus] SUCCESS: User 195, Rule=rule3, Joining=2026-01-01, Tenure=7mo, PaidBefore=0mo, NewPaid=7mo, Bonus=2928.81
[2026-08-17T12:12:44.034Z] [Late-Dbg] User 196 Final: LateCount=0, Amt=0, Days=0
[2026-08-17T12:43:01.843Z] [Late-Dbg] User 57 Final: LateCount=0, Amt=0, Days=0
[2026-08-17T12:43:02.034Z] [Late-Dbg] User 58 Final: LateCount=1, Amt=0, Days=0
[2026-08-17T12:43:02.186Z] [Late-Dbg] User 59 Final: LateCount=0, Amt=0, Days=0
[2026-08-17T12:43:02.248Z] [Late-Dbg] User 61 Final: LateCount=0, Amt=0, Days=0
[2026-08-17T12:43:02.300Z] [Late-Dbg] User 62 Final: LateCount=0, Amt=0, Days=0
[2026-08-17T12:43:02.368Z] [Late-Dbg] User 63 Final: LateCount=0, Amt=0, Days=0
[2026-08-17T12:43:02.435Z] [Late-Dbg] User 64 Final: LateCount=0, Amt=0, Days=0
[2026-08-17T12:43:02.494Z] [Late-Dbg] User 65 Final: LateCount=0, Amt=0, Days=0
[2026-08-17T12:43:02.554Z] [Late-Dbg] User 68 Final: LateCount=0, Amt=0, Days=0
[2026-08-17T12:43:02.606Z] [Late-Dbg] User 69 Final: LateCount=0, Amt=0, Days=0
[2026-08-17T12:43:02.661Z] [Late-Dbg] User 70 Final: LateCount=0, Amt=0, Days=0
[2026-08-17T12:43:02.706Z] [Late-Dbg] User 98 Final: LateCount=0, Amt=0, Days=0
[2026-08-17T12:43:02.755Z] [Late-Dbg] User 103 Final: LateCount=0, Amt=0, Days=0
[2026-08-17T12:43:02.805Z] [Late-Dbg] User 107 Final: LateCount=0, Amt=0, Days=0
[2026-08-17T12:43:02.851Z] [Late-Dbg] User 108 Final: LateCount=0, Amt=0, Days=0
[2026-08-17T12:43:02.902Z] [Late-Dbg] User 109 Final: LateCount=0, Amt=0, Days=0
[2026-08-17T12:43:02.951Z] [Late-Dbg] User 182 Final: LateCount=0, Amt=0, Days=0
[2026-08-17T12:43:03.000Z] [Late-Dbg] User 185 Final: LateCount=0, Amt=0, Days=0
[Admin-Bonus] SKIP: User 185, Rule Active=true, RuleMonth=2026-07, TargetMonth=2026-08
[2026-08-17T12:43:03.052Z] [Late-Dbg] User 186 Final: LateCount=0, Amt=0, Days=0
[2026-08-17T12:43:03.098Z] [Late-Dbg] User 188 Final: LateCount=0, Amt=0, Days=0
[2026-08-17T12:43:03.176Z] [Late-Dbg] User 195 Final: LateCount=0, Amt=0, Days=0
[Admin-Bonus] SKIP: User 195, Rule Active=true, RuleMonth=2026-07, TargetMonth=2026-08
[2026-08-17T12:43:03.303Z] [Late-Dbg] User 196 Final: LateCount=0, Amt=0, Days=0
[Admin-Bonus] SKIP: User 196, Rule Active=true, RuleMonth=2026-07, TargetMonth=2026-08
[2026-08-17T12:43:06.310Z] [Late-Dbg] User 57 Final: LateCount=0, Amt=0, Days=0
[2026-08-17T12:43:06.423Z] [Late-Dbg] User 58 Final: LateCount=0, Amt=0, Days=0
[2026-08-17T12:43:06.510Z] [Late-Dbg] User 59 Final: LateCount=0, Amt=0, Days=0
[2026-08-17T12:43:06.581Z] [Late-Dbg] User 61 Final: LateCount=0, Amt=0, Days=0
[2026-08-17T12:43:06.630Z] [Late-Dbg] User 62 Final: LateCount=0, Amt=0, Days=0
[2026-08-17T12:43:06.676Z] [Late-Dbg] User 63 Final: LateCount=0, Amt=0, Days=0
[2026-08-17T12:43:06.718Z] [Late-Dbg] User 64 Final: LateCount=0, Amt=0, Days=0
[2026-08-17T12:43:06.764Z] [Late-Dbg] User 65 Final: LateCount=0, Amt=0, Days=0
[2026-08-17T12:43:06.825Z] [Late-Dbg] User 68 Final: LateCount=0, Amt=0, Days=0
[2026-08-17T12:43:07.023Z] [Late-Dbg] User 69 Final: LateCount=0, Amt=0, Days=0
[2026-08-17T12:43:07.247Z] [Late-Dbg] User 70 Final: LateCount=0, Amt=0, Days=0
[2026-08-17T12:43:07.308Z] [Late-Dbg] User 98 Final: LateCount=0, Amt=0, Days=0
[2026-08-17T12:43:07.389Z] [Late-Dbg] User 103 Final: LateCount=0, Amt=0, Days=0
[2026-08-17T12:43:07.442Z] [Late-Dbg] User 107 Final: LateCount=0, Amt=0, Days=0
[2026-08-17T12:43:07.491Z] [Late-Dbg] User 108 Final: LateCount=0, Amt=0, Days=0
[2026-08-17T12:43:07.578Z] [Late-Dbg] User 109 Final: LateCount=0, Amt=0, Days=0
[2026-08-17T12:43:07.639Z] [Late-Dbg] User 182 Final: LateCount=0, Amt=0, Days=0
[2026-08-17T12:43:07.692Z] [Late-Dbg] User 185 Final: LateCount=0, Amt=0, Days=0
[2026-08-17T12:43:07.745Z] [Late-Dbg] User 186 Final: LateCount=0, Amt=0, Days=0
[2026-08-17T12:43:07.792Z] [Late-Dbg] User 188 Final: LateCount=0, Amt=0, Days=0
[2026-08-17T12:43:07.968Z] [Late-Dbg] User 195 Final: LateCount=0, Amt=0, Days=0
[Admin-Bonus] SUCCESS: User 195, Rule=rule3, Joining=2026-01-01, Tenure=7mo, PaidBefore=0mo, NewPaid=7mo, Bonus=2928.81
[2026-08-17T12:43:08.363Z] [Late-Dbg] User 196 Final: LateCount=0, Amt=0, Days=0
[2026-08-17T12:45:10.100Z] [Late-Dbg] User 57 Final: LateCount=0, Amt=0, Days=0
[2026-08-17T12:45:10.355Z] [Late-Dbg] User 58 Final: LateCount=1, Amt=0, Days=0
[2026-08-17T12:45:10.477Z] [Late-Dbg] User 59 Final: LateCount=0, Amt=0, Days=0
[2026-08-17T12:45:10.525Z] [Late-Dbg] User 61 Final: LateCount=0, Amt=0, Days=0
[2026-08-17T12:45:10.580Z] [Late-Dbg] User 62 Final: LateCount=0, Amt=0, Days=0
[2026-08-17T12:45:10.621Z] [Late-Dbg] User 63 Final: LateCount=0, Amt=0, Days=0
[2026-08-17T12:45:10.665Z] [Late-Dbg] User 64 Final: LateCount=0, Amt=0, Days=0
[2026-08-17T12:45:10.708Z] [Late-Dbg] User 65 Final: LateCount=0, Amt=0, Days=0
[2026-08-17T12:45:10.748Z] [Late-Dbg] User 68 Final: LateCount=0, Amt=0, Days=0
[2026-08-17T12:45:10.787Z] [Late-Dbg] User 69 Final: LateCount=0, Amt=0, Days=0
[2026-08-17T12:45:10.826Z] [Late-Dbg] User 70 Final: LateCount=0, Amt=0, Days=0
[2026-08-17T12:45:10.870Z] [Late-Dbg] User 98 Final: LateCount=0, Amt=0, Days=0
[2026-08-17T12:45:10.914Z] [Late-Dbg] User 103 Final: LateCount=0, Amt=0, Days=0
[2026-08-17T12:45:10.961Z] [Late-Dbg] User 107 Final: LateCount=0, Amt=0, Days=0
[2026-08-17T12:45:11.005Z] [Late-Dbg] User 108 Final: LateCount=0, Amt=0, Days=0
[2026-08-17T12:45:11.050Z] [Late-Dbg] User 109 Final: LateCount=0, Amt=0, Days=0
[2026-08-17T12:45:11.105Z] [Late-Dbg] User 182 Final: LateCount=0, Amt=0, Days=0
[2026-08-17T12:45:11.149Z] [Late-Dbg] User 185 Final: LateCount=0, Amt=0, Days=0
[Admin-Bonus] SKIP: User 185, Rule Active=true, RuleMonth=2026-07, TargetMonth=2026-08
[2026-08-17T12:45:11.202Z] [Late-Dbg] User 186 Final: LateCount=0, Amt=0, Days=0
[2026-08-17T12:45:11.243Z] [Late-Dbg] User 188 Final: LateCount=0, Amt=0, Days=0
[2026-08-17T12:45:11.305Z] [Late-Dbg] User 195 Final: LateCount=0, Amt=0, Days=0
[Admin-Bonus] SKIP: User 195, Rule Active=true, RuleMonth=2026-07, TargetMonth=2026-08
[2026-08-17T12:45:11.409Z] [Late-Dbg] User 196 Final: LateCount=0, Amt=0, Days=0
[Admin-Bonus] SKIP: User 196, Rule Active=true, RuleMonth=2026-07, TargetMonth=2026-08
[2026-08-17T12:45:14.473Z] [Late-Dbg] User 57 Final: LateCount=0, Amt=0, Days=0
[2026-08-17T12:45:14.568Z] [Late-Dbg] User 58 Final: LateCount=0, Amt=0, Days=0
[2026-08-17T12:45:14.730Z] [Late-Dbg] User 59 Final: LateCount=0, Amt=0, Days=0
[2026-08-17T12:45:14.771Z] [Late-Dbg] User 61 Final: LateCount=0, Amt=0, Days=0
[2026-08-17T12:45:14.820Z] [Late-Dbg] User 62 Final: LateCount=0, Amt=0, Days=0
[2026-08-17T12:45:14.870Z] [Late-Dbg] User 63 Final: LateCount=0, Amt=0, Days=0
[2026-08-17T12:45:14.938Z] [Late-Dbg] User 64 Final: LateCount=0, Amt=0, Days=0
[2026-08-17T12:45:15.000Z] [Late-Dbg] User 65 Final: LateCount=0, Amt=0, Days=0
[2026-08-17T12:45:15.069Z] [Late-Dbg] User 68 Final: LateCount=0, Amt=0, Days=0
[2026-08-17T12:45:15.255Z] [Late-Dbg] User 69 Final: LateCount=0, Amt=0, Days=0
[2026-08-17T12:45:15.453Z] [Late-Dbg] User 70 Final: LateCount=0, Amt=0, Days=0
[2026-08-17T12:45:15.502Z] [Late-Dbg] User 98 Final: LateCount=0, Amt=0, Days=0
[2026-08-17T12:45:15.553Z] [Late-Dbg] User 103 Final: LateCount=0, Amt=0, Days=0
[2026-08-17T12:45:15.602Z] [Late-Dbg] User 107 Final: LateCount=0, Amt=0, Days=0
[2026-08-17T12:45:15.654Z] [Late-Dbg] User 108 Final: LateCount=0, Amt=0, Days=0
[2026-08-17T12:45:15.761Z] [Late-Dbg] User 109 Final: LateCount=0, Amt=0, Days=0
[2026-08-17T12:45:15.812Z] [Late-Dbg] User 182 Final: LateCount=0, Amt=0, Days=0
[2026-08-17T12:45:15.862Z] [Late-Dbg] User 185 Final: LateCount=0, Amt=0, Days=0
[2026-08-17T12:45:15.913Z] [Late-Dbg] User 186 Final: LateCount=0, Amt=0, Days=0
[2026-08-17T12:45:15.958Z] [Late-Dbg] User 188 Final: LateCount=0, Amt=0, Days=0
[2026-08-17T12:45:16.133Z] [Late-Dbg] User 195 Final: LateCount=0, Amt=0, Days=0
[Admin-Bonus] SUCCESS: User 195, Rule=rule3, Joining=2026-01-01, Tenure=7mo, PaidBefore=0mo, NewPaid=7mo, Bonus=2928.81
[2026-08-17T12:45:16.512Z] [Late-Dbg] User 196 Final: LateCount=0, Amt=0, Days=0
[2026-08-17T12:46:29.052Z] [Late-Dbg] User 57 Final: LateCount=0, Amt=0, Days=0
[2026-08-17T12:46:29.220Z] [Late-Dbg] User 58 Final: LateCount=1, Amt=0, Days=0
[2026-08-17T12:46:29.357Z] [Late-Dbg] User 59 Final: LateCount=0, Amt=0, Days=0
[2026-08-17T12:46:29.403Z] [Late-Dbg] User 61 Final: LateCount=0, Amt=0, Days=0
[2026-08-17T12:46:29.454Z] [Late-Dbg] User 62 Final: LateCount=0, Amt=0, Days=0
[2026-08-17T12:46:29.495Z] [Late-Dbg] User 63 Final: LateCount=0, Amt=0, Days=0
[2026-08-17T12:46:29.540Z] [Late-Dbg] User 64 Final: LateCount=0, Amt=0, Days=0
[2026-08-17T12:46:29.582Z] [Late-Dbg] User 65 Final: LateCount=0, Amt=0, Days=0
[2026-08-17T12:46:29.627Z] [Late-Dbg] User 68 Final: LateCount=0, Amt=0, Days=0
[2026-08-17T12:46:29.669Z] [Late-Dbg] User 69 Final: LateCount=0, Amt=0, Days=0
[2026-08-17T12:46:29.711Z] [Late-Dbg] User 70 Final: LateCount=0, Amt=0, Days=0
[2026-08-17T12:46:29.752Z] [Late-Dbg] User 98 Final: LateCount=0, Amt=0, Days=0
[2026-08-17T12:46:29.800Z] [Late-Dbg] User 103 Final: LateCount=0, Amt=0, Days=0
[2026-08-17T12:46:29.843Z] [Late-Dbg] User 107 Final: LateCount=0, Amt=0, Days=0
[2026-08-17T12:46:29.885Z] [Late-Dbg] User 108 Final: LateCount=0, Amt=0, Days=0
[2026-08-17T12:46:29.931Z] [Late-Dbg] User 109 Final: LateCount=0, Amt=0, Days=0
[2026-08-17T12:46:29.986Z] [Late-Dbg] User 182 Final: LateCount=0, Amt=0, Days=0
[2026-08-17T12:46:30.028Z] [Late-Dbg] User 185 Final: LateCount=0, Amt=0, Days=0
[Admin-Bonus] SKIP: User 185, Rule Active=true, RuleMonth=2026-07, TargetMonth=2026-08
[2026-08-17T12:46:30.079Z] [Late-Dbg] User 186 Final: LateCount=0, Amt=0, Days=0
[2026-08-17T12:46:30.126Z] [Late-Dbg] User 188 Final: LateCount=0, Amt=0, Days=0
[2026-08-17T12:46:30.195Z] [Late-Dbg] User 195 Final: LateCount=0, Amt=0, Days=0
[Admin-Bonus] SKIP: User 195, Rule Active=true, RuleMonth=2026-07, TargetMonth=2026-08
[2026-08-17T12:46:30.303Z] [Late-Dbg] User 196 Final: LateCount=0, Amt=0, Days=0
[Admin-Bonus] SKIP: User 196, Rule Active=true, RuleMonth=2026-07, TargetMonth=2026-08
[2026-08-17T12:47:07.746Z] [Late-Dbg] User 57 Final: LateCount=0, Amt=0, Days=0
[2026-08-17T12:47:07.891Z] [Late-Dbg] User 58 Final: LateCount=1, Amt=0, Days=0
[2026-08-17T12:47:07.987Z] [Late-Dbg] User 59 Final: LateCount=0, Amt=0, Days=0
[2026-08-17T12:47:08.041Z] [Late-Dbg] User 61 Final: LateCount=0, Amt=0, Days=0
[2026-08-17T12:47:08.080Z] [Late-Dbg] User 62 Final: LateCount=0, Amt=0, Days=0
[2026-08-17T12:47:08.125Z] [Late-Dbg] User 63 Final: LateCount=0, Amt=0, Days=0
[2026-08-17T12:47:08.170Z] [Late-Dbg] User 64 Final: LateCount=0, Amt=0, Days=0
[2026-08-17T12:47:08.212Z] [Late-Dbg] User 65 Final: LateCount=0, Amt=0, Days=0
[2026-08-17T12:47:08.255Z] [Late-Dbg] User 68 Final: LateCount=0, Amt=0, Days=0
[2026-08-17T12:47:08.295Z] [Late-Dbg] User 69 Final: LateCount=0, Amt=0, Days=0
[2026-08-17T12:47:08.335Z] [Late-Dbg] User 70 Final: LateCount=0, Amt=0, Days=0
[2026-08-17T12:47:08.380Z] [Late-Dbg] User 98 Final: LateCount=0, Amt=0, Days=0
[2026-08-17T12:47:08.422Z] [Late-Dbg] User 103 Final: LateCount=0, Amt=0, Days=0
[2026-08-17T12:47:08.462Z] [Late-Dbg] User 107 Final: LateCount=0, Amt=0, Days=0
[2026-08-17T12:47:08.504Z] [Late-Dbg] User 108 Final: LateCount=0, Amt=0, Days=0
[2026-08-17T12:47:08.548Z] [Late-Dbg] User 109 Final: LateCount=0, Amt=0, Days=0
[2026-08-17T12:47:08.593Z] [Late-Dbg] User 182 Final: LateCount=0, Amt=0, Days=0
[2026-08-17T12:47:08.634Z] [Late-Dbg] User 185 Final: LateCount=0, Amt=0, Days=0
[Admin-Bonus] SKIP: User 185, Rule Active=true, RuleMonth=2026-07, TargetMonth=2026-08
[2026-08-17T12:47:08.682Z] [Late-Dbg] User 186 Final: LateCount=0, Amt=0, Days=0
[2026-08-17T12:47:08.726Z] [Late-Dbg] User 188 Final: LateCount=0, Amt=0, Days=0
[2026-08-17T12:47:08.782Z] [Late-Dbg] User 195 Final: LateCount=0, Amt=0, Days=0
[Admin-Bonus] SKIP: User 195, Rule Active=true, RuleMonth=2026-07, TargetMonth=2026-08
[2026-08-17T12:47:08.901Z] [Late-Dbg] User 196 Final: LateCount=0, Amt=0, Days=0
[Admin-Bonus] SKIP: User 196, Rule Active=true, RuleMonth=2026-07, TargetMonth=2026-08
[2026-08-17T12:50:48.228Z] [Late-Dbg] User 57 Final: LateCount=0, Amt=0, Days=0
[2026-08-17T12:50:48.413Z] [Late-Dbg] User 58 Final: LateCount=1, Amt=0, Days=0
[2026-08-17T12:50:48.529Z] [Late-Dbg] User 59 Final: LateCount=0, Amt=0, Days=0
[2026-08-17T12:50:48.576Z] [Late-Dbg] User 61 Final: LateCount=0, Amt=0, Days=0
[2026-08-17T12:50:48.619Z] [Late-Dbg] User 62 Final: LateCount=0, Amt=0, Days=0
[2026-08-17T12:50:48.664Z] [Late-Dbg] User 63 Final: LateCount=0, Amt=0, Days=0
[2026-08-17T12:50:48.723Z] [Late-Dbg] User 64 Final: LateCount=0, Amt=0, Days=0
[2026-08-17T12:50:48.766Z] [Late-Dbg] User 65 Final: LateCount=0, Amt=0, Days=0
[2026-08-17T12:50:48.811Z] [Late-Dbg] User 68 Final: LateCount=0, Amt=0, Days=0
[2026-08-17T12:50:48.857Z] [Late-Dbg] User 69 Final: LateCount=0, Amt=0, Days=0
[2026-08-17T12:50:48.898Z] [Late-Dbg] User 70 Final: LateCount=0, Amt=0, Days=0
[2026-08-17T12:50:48.938Z] [Late-Dbg] User 98 Final: LateCount=0, Amt=0, Days=0
[2026-08-17T12:50:48.980Z] [Late-Dbg] User 103 Final: LateCount=0, Amt=0, Days=0
[2026-08-17T12:50:49.030Z] [Late-Dbg] User 107 Final: LateCount=0, Amt=0, Days=0
[2026-08-17T12:50:49.072Z] [Late-Dbg] User 108 Final: LateCount=0, Amt=0, Days=0
[2026-08-17T12:50:49.117Z] [Late-Dbg] User 109 Final: LateCount=0, Amt=0, Days=0
[2026-08-17T12:50:49.170Z] [Late-Dbg] User 182 Final: LateCount=0, Amt=0, Days=0
[2026-08-17T12:50:49.219Z] [Late-Dbg] User 185 Final: LateCount=0, Amt=0, Days=0
[Admin-Bonus] SKIP: User 185, Rule Active=true, RuleMonth=2026-07, TargetMonth=2026-08
[2026-08-17T12:50:49.270Z] [Late-Dbg] User 186 Final: LateCount=0, Amt=0, Days=0
[2026-08-17T12:50:49.313Z] [Late-Dbg] User 188 Final: LateCount=0, Amt=0, Days=0
[2026-08-17T12:50:49.376Z] [Late-Dbg] User 195 Final: LateCount=0, Amt=0, Days=0
[Admin-Bonus] SKIP: User 195, Rule Active=true, RuleMonth=2026-07, TargetMonth=2026-08
[2026-08-17T12:50:49.482Z] [Late-Dbg] User 196 Final: LateCount=0, Amt=0, Days=0
[Admin-Bonus] SKIP: User 196, Rule Active=true, RuleMonth=2026-07, TargetMonth=2026-08
[2026-08-17T12:51:04.337Z] [Late-Dbg] User 57 Final: LateCount=0, Amt=0, Days=0
[2026-08-17T12:51:04.398Z] [Late-Dbg] User 58 Final: LateCount=0, Amt=0, Days=0
[2026-08-17T12:51:04.460Z] [Late-Dbg] User 59 Final: LateCount=0, Amt=0, Days=0
[2026-08-17T12:51:04.529Z] [Late-Dbg] User 61 Final: LateCount=0, Amt=0, Days=0
[2026-08-17T12:51:04.611Z] [Late-Dbg] User 62 Final: LateCount=0, Amt=0, Days=0
[2026-08-17T12:51:04.678Z] [Late-Dbg] User 63 Final: LateCount=0, Amt=0, Days=0
[2026-08-17T12:51:04.799Z] [Late-Dbg] User 64 Final: LateCount=0, Amt=0, Days=0
[2026-08-17T12:51:04.879Z] [Late-Dbg] User 65 Final: LateCount=0, Amt=0, Days=0
[2026-08-17T12:51:04.944Z] [Late-Dbg] User 68 Final: LateCount=0, Amt=0, Days=0
[2026-08-17T12:51:05.111Z] [Late-Dbg] User 69 Final: LateCount=0, Amt=0, Days=0
[2026-08-17T12:51:05.292Z] [Late-Dbg] User 70 Final: LateCount=0, Amt=0, Days=0
[2026-08-17T12:51:05.335Z] [Late-Dbg] User 98 Final: LateCount=0, Amt=0, Days=0
[2026-08-17T12:51:05.380Z] [Late-Dbg] User 103 Final: LateCount=0, Amt=0, Days=0
[2026-08-17T12:51:05.423Z] [Late-Dbg] User 107 Final: LateCount=0, Amt=0, Days=0
[2026-08-17T12:51:05.467Z] [Late-Dbg] User 108 Final: LateCount=0, Amt=0, Days=0
[2026-08-17T12:51:05.514Z] [Late-Dbg] User 109 Final: LateCount=0, Amt=0, Days=0
[2026-08-17T12:51:05.560Z] [Late-Dbg] User 182 Final: LateCount=0, Amt=0, Days=0
[2026-08-17T12:51:05.603Z] [Late-Dbg] User 185 Final: LateCount=0, Amt=0, Days=0
[2026-08-17T12:51:05.651Z] [Late-Dbg] User 186 Final: LateCount=0, Amt=0, Days=0
[2026-08-17T12:51:05.697Z] [Late-Dbg] User 188 Final: LateCount=0, Amt=0, Days=0
[2026-08-17T12:51:05.846Z] [Late-Dbg] User 195 Final: LateCount=0, Amt=0, Days=0
[Admin-Bonus] SUCCESS: User 195, Rule=rule3, Joining=2026-01-01, Tenure=7mo, PaidBefore=0mo, NewPaid=7mo, Bonus=2928.81
[2026-08-17T12:51:06.175Z] [Late-Dbg] User 196 Final: LateCount=0, Amt=0, Days=0
[2026-08-17T12:51:24.211Z] [Late-Dbg] User 57 Final: LateCount=0, Amt=0, Days=0
[2026-08-17T12:51:24.265Z] [Late-Dbg] User 58 Final: LateCount=0, Amt=0, Days=0
[2026-08-17T12:51:24.328Z] [Late-Dbg] User 59 Final: LateCount=0, Amt=0, Days=0
[2026-08-17T12:51:24.382Z] [Late-Dbg] User 61 Final: LateCount=0, Amt=0, Days=0
[2026-08-17T12:51:24.433Z] [Late-Dbg] User 62 Final: LateCount=0, Amt=0, Days=0
[2026-08-17T12:51:24.483Z] [Late-Dbg] User 63 Final: LateCount=0, Amt=0, Days=0
[2026-08-17T12:51:24.530Z] [Late-Dbg] User 64 Final: LateCount=0, Amt=0, Days=0
[2026-08-17T12:51:24.578Z] [Late-Dbg] User 65 Final: LateCount=0, Amt=0, Days=0
[2026-08-17T12:51:24.628Z] [Late-Dbg] User 68 Final: LateCount=0, Amt=0, Days=0
[2026-08-17T12:51:24.763Z] [Late-Dbg] User 69 Final: LateCount=0, Amt=0, Days=0
[2026-08-17T12:51:24.929Z] [Late-Dbg] User 70 Final: LateCount=0, Amt=0, Days=0
[2026-08-17T12:51:24.968Z] [Late-Dbg] User 98 Final: LateCount=0, Amt=0, Days=0
[2026-08-17T12:51:25.006Z] [Late-Dbg] User 103 Final: LateCount=0, Amt=0, Days=0
[2026-08-17T12:51:25.047Z] [Late-Dbg] User 107 Final: LateCount=0, Amt=0, Days=0
[2026-08-17T12:51:25.086Z] [Late-Dbg] User 108 Final: LateCount=0, Amt=0, Days=0
[2026-08-17T12:51:25.127Z] [Late-Dbg] User 109 Final: LateCount=0, Amt=0, Days=0
[2026-08-17T12:51:25.174Z] [Late-Dbg] User 182 Final: LateCount=0, Amt=0, Days=0
[2026-08-17T12:51:25.217Z] [Late-Dbg] User 185 Final: LateCount=0, Amt=0, Days=0
[2026-08-17T12:51:25.258Z] [Late-Dbg] User 186 Final: LateCount=0, Amt=0, Days=0
[2026-08-17T12:51:25.295Z] [Late-Dbg] User 188 Final: LateCount=0, Amt=0, Days=0
[2026-08-17T12:51:25.424Z] [Late-Dbg] User 195 Final: LateCount=0, Amt=0, Days=0
[Admin-Bonus] SUCCESS: User 195, Rule=rule3, Joining=2026-01-01, Tenure=7mo, PaidBefore=0mo, NewPaid=7mo, Bonus=2928.81
[2026-08-17T12:51:25.715Z] [Late-Dbg] User 196 Final: LateCount=0, Amt=0, Days=0
[2026-08-17T12:55:13.897Z] [Late-Dbg] User 57 Final: LateCount=0, Amt=0, Days=0
[2026-08-17T12:55:14.020Z] [Late-Dbg] User 58 Final: LateCount=1, Amt=0, Days=0
[2026-08-17T12:55:14.134Z] [Late-Dbg] User 59 Final: LateCount=0, Amt=0, Days=0
[2026-08-17T12:55:14.180Z] [Late-Dbg] User 61 Final: LateCount=0, Amt=0, Days=0
[2026-08-17T12:55:14.233Z] [Late-Dbg] User 62 Final: LateCount=0, Amt=0, Days=0
[2026-08-17T12:55:14.287Z] [Late-Dbg] User 63 Final: LateCount=0, Amt=0, Days=0
[2026-08-17T12:55:14.343Z] [Late-Dbg] User 64 Final: LateCount=0, Amt=0, Days=0
[2026-08-17T12:55:14.394Z] [Late-Dbg] User 65 Final: LateCount=0, Amt=0, Days=0
[2026-08-17T12:55:14.445Z] [Late-Dbg] User 68 Final: LateCount=0, Amt=0, Days=0
[2026-08-17T12:55:14.496Z] [Late-Dbg] User 69 Final: LateCount=0, Amt=0, Days=0
[2026-08-17T12:55:14.543Z] [Late-Dbg] User 70 Final: LateCount=0, Amt=0, Days=0
[2026-08-17T12:55:14.595Z] [Late-Dbg] User 98 Final: LateCount=0, Amt=0, Days=0
[2026-08-17T12:55:14.644Z] [Late-Dbg] User 103 Final: LateCount=0, Amt=0, Days=0
[2026-08-17T12:55:14.686Z] [Late-Dbg] User 107 Final: LateCount=0, Amt=0, Days=0
[2026-08-17T12:55:14.735Z] [Late-Dbg] User 108 Final: LateCount=0, Amt=0, Days=0
[2026-08-17T12:55:14.784Z] [Late-Dbg] User 109 Final: LateCount=0, Amt=0, Days=0
[2026-08-17T12:55:14.819Z] [Late-Dbg] User 182 Final: LateCount=0, Amt=0, Days=0
[2026-08-17T12:55:14.862Z] [Late-Dbg] User 185 Final: LateCount=0, Amt=0, Days=0
[Admin-Bonus] SKIP: User 185, Rule Active=true, RuleMonth=2026-07, TargetMonth=2026-08
[2026-08-17T12:55:14.905Z] [Late-Dbg] User 186 Final: LateCount=0, Amt=0, Days=0
[2026-08-17T12:55:14.955Z] [Late-Dbg] User 188 Final: LateCount=0, Amt=0, Days=0
[2026-08-17T12:55:15.028Z] [Late-Dbg] User 195 Final: LateCount=0, Amt=0, Days=0
[Admin-Bonus] SKIP: User 195, Rule Active=true, RuleMonth=2026-07, TargetMonth=2026-08
[2026-08-17T12:55:15.214Z] [Late-Dbg] User 196 Final: LateCount=0, Amt=0, Days=0
[Admin-Bonus] SKIP: User 196, Rule Active=true, RuleMonth=2026-07, TargetMonth=2026-08
[2026-08-17T12:55:38.186Z] [Late-Dbg] User 57 Final: LateCount=0, Amt=0, Days=0
[2026-08-17T12:55:38.225Z] [Late-Dbg] User 58 Final: LateCount=0, Amt=0, Days=0
[2026-08-17T12:55:38.262Z] [Late-Dbg] User 59 Final: LateCount=0, Amt=0, Days=0
[2026-08-17T12:55:38.298Z] [Late-Dbg] User 61 Final: LateCount=0, Amt=0, Days=0
[2026-08-17T12:55:38.331Z] [Late-Dbg] User 62 Final: LateCount=0, Amt=0, Days=0
[2026-08-17T12:55:38.363Z] [Late-Dbg] User 63 Final: LateCount=0, Amt=0, Days=0
[2026-08-17T12:55:38.404Z] [Late-Dbg] User 64 Final: LateCount=0, Amt=0, Days=0
[2026-08-17T12:55:38.470Z] [Late-Dbg] User 65 Final: LateCount=0, Amt=0, Days=0
[2026-08-17T12:55:38.529Z] [Late-Dbg] User 68 Final: LateCount=0, Amt=0, Days=0
[2026-08-17T12:55:38.693Z] [Late-Dbg] User 69 Final: LateCount=0, Amt=0, Days=0
[2026-08-17T12:55:38.997Z] [Late-Dbg] User 70 Final: LateCount=0, Amt=0, Days=0
[2026-08-17T12:55:39.094Z] [Late-Dbg] User 98 Final: LateCount=0, Amt=0, Days=0
[2026-08-17T12:55:39.179Z] [Late-Dbg] User 103 Final: LateCount=0, Amt=0, Days=0
[2026-08-17T12:55:39.254Z] [Late-Dbg] User 107 Final: LateCount=0, Amt=0, Days=0
[2026-08-17T12:55:39.349Z] [Late-Dbg] User 108 Final: LateCount=0, Amt=0, Days=0
[2026-08-17T12:55:39.444Z] [Late-Dbg] User 109 Final: LateCount=0, Amt=0, Days=0
[2026-08-17T12:55:39.541Z] [Late-Dbg] User 182 Final: LateCount=0, Amt=0, Days=0
[2026-08-17T12:55:39.644Z] [Late-Dbg] User 185 Final: LateCount=0, Amt=0, Days=0
[2026-08-17T12:55:39.739Z] [Late-Dbg] User 186 Final: LateCount=0, Amt=0, Days=0
[2026-08-17T12:55:39.834Z] [Late-Dbg] User 188 Final: LateCount=0, Amt=0, Days=0
[2026-08-17T12:55:40.150Z] [Late-Dbg] User 195 Final: LateCount=0, Amt=0, Days=0
[Admin-Bonus] SUCCESS: User 195, Rule=rule3, Joining=2026-01-01, Tenure=7mo, PaidBefore=0mo, NewPaid=7mo, Bonus=2928.81
[2026-08-17T12:55:40.839Z] [Late-Dbg] User 196 Final: LateCount=0, Amt=0, Days=0
[2026-08-17T12:56:04.490Z] [Late-Dbg] User 57 Final: LateCount=0, Amt=0, Days=0
[2026-08-17T12:56:04.523Z] [Late-Dbg] User 58 Final: LateCount=0, Amt=0, Days=0
[2026-08-17T12:56:04.557Z] [Late-Dbg] User 59 Final: LateCount=0, Amt=0, Days=0
[2026-08-17T12:56:04.592Z] [Late-Dbg] User 61 Final: LateCount=0, Amt=0, Days=0
[2026-08-17T12:56:04.627Z] [Late-Dbg] User 62 Final: LateCount=0, Amt=0, Days=0
[2026-08-17T12:56:04.663Z] [Late-Dbg] User 63 Final: LateCount=0, Amt=0, Days=0
[2026-08-17T12:56:04.700Z] [Late-Dbg] User 64 Final: LateCount=0, Amt=0, Days=0
[2026-08-17T12:56:04.736Z] [Late-Dbg] User 65 Final: LateCount=0, Amt=0, Days=0
[2026-08-17T12:56:04.772Z] [Late-Dbg] User 68 Final: LateCount=0, Amt=0, Days=0
[2026-08-17T12:56:04.868Z] [Late-Dbg] User 69 Final: LateCount=0, Amt=0, Days=0
[2026-08-17T12:56:04.977Z] [Late-Dbg] User 70 Final: LateCount=0, Amt=0, Days=0
[2026-08-17T12:56:05.006Z] [Late-Dbg] User 98 Final: LateCount=0, Amt=0, Days=0
[2026-08-17T12:56:05.037Z] [Late-Dbg] User 103 Final: LateCount=0, Amt=0, Days=0
[2026-08-17T12:56:05.068Z] [Late-Dbg] User 107 Final: LateCount=0, Amt=0, Days=0
[2026-08-17T12:56:05.095Z] [Late-Dbg] User 108 Final: LateCount=0, Amt=0, Days=0
[2026-08-17T12:56:05.140Z] [Late-Dbg] User 109 Final: LateCount=0, Amt=0, Days=0
[2026-08-17T12:56:05.174Z] [Late-Dbg] User 182 Final: LateCount=0, Amt=0, Days=0
[2026-08-17T12:56:05.207Z] [Late-Dbg] User 185 Final: LateCount=0, Amt=0, Days=0
[2026-08-17T12:56:05.238Z] [Late-Dbg] User 186 Final: LateCount=0, Amt=0, Days=0
[2026-08-17T12:56:05.268Z] [Late-Dbg] User 188 Final: LateCount=0, Amt=0, Days=0
[2026-08-17T12:56:05.372Z] [Late-Dbg] User 195 Final: LateCount=0, Amt=0, Days=0
[Admin-Bonus] SUCCESS: User 195, Rule=rule3, Joining=2026-01-01, Tenure=7mo, PaidBefore=0mo, NewPaid=7mo, Bonus=2928.81
[2026-08-17T12:56:05.574Z] [Late-Dbg] User 196 Final: LateCount=0, Amt=0, Days=0
[2026-08-17T12:56:15.501Z] [Late-Dbg] User 57 Final: LateCount=0, Amt=0, Days=0
[2026-08-17T12:56:15.568Z] [Late-Dbg] User 58 Final: LateCount=1, Amt=0, Days=0
[2026-08-17T12:56:15.706Z] [Late-Dbg] User 59 Final: LateCount=0, Amt=0, Days=0
[2026-08-17T12:56:15.766Z] [Late-Dbg] User 61 Final: LateCount=0, Amt=0, Days=0
[2026-08-17T12:56:15.818Z] [Late-Dbg] User 62 Final: LateCount=0, Amt=0, Days=0
[2026-08-17T12:56:15.870Z] [Late-Dbg] User 63 Final: LateCount=0, Amt=0, Days=0
[2026-08-17T12:56:15.926Z] [Late-Dbg] User 64 Final: LateCount=0, Amt=0, Days=0
[2026-08-17T12:56:15.974Z] [Late-Dbg] User 65 Final: LateCount=0, Amt=0, Days=0
[2026-08-17T12:56:16.023Z] [Late-Dbg] User 68 Final: LateCount=0, Amt=0, Days=0
[2026-08-17T12:56:16.077Z] [Late-Dbg] User 69 Final: LateCount=0, Amt=0, Days=0
[2026-08-17T12:56:16.124Z] [Late-Dbg] User 70 Final: LateCount=0, Amt=0, Days=0
[2026-08-17T12:56:16.173Z] [Late-Dbg] User 98 Final: LateCount=0, Amt=0, Days=0
[2026-08-17T12:56:16.222Z] [Late-Dbg] User 103 Final: LateCount=0, Amt=0, Days=0
[2026-08-17T12:56:16.273Z] [Late-Dbg] User 107 Final: LateCount=0, Amt=0, Days=0
[2026-08-17T12:56:16.321Z] [Late-Dbg] User 108 Final: LateCount=0, Amt=0, Days=0
[2026-08-17T12:56:16.371Z] [Late-Dbg] User 109 Final: LateCount=0, Amt=0, Days=0
[2026-08-17T12:56:16.425Z] [Late-Dbg] User 182 Final: LateCount=0, Amt=0, Days=0
[2026-08-17T12:56:16.487Z] [Late-Dbg] User 185 Final: LateCount=0, Amt=0, Days=0
[Admin-Bonus] SKIP: User 185, Rule Active=true, RuleMonth=2026-07, TargetMonth=2026-08
[2026-08-17T12:56:16.548Z] [Late-Dbg] User 186 Final: LateCount=0, Amt=0, Days=0
[2026-08-17T12:56:16.601Z] [Late-Dbg] User 188 Final: LateCount=0, Amt=0, Days=0
[2026-08-17T12:56:16.680Z] [Late-Dbg] User 195 Final: LateCount=0, Amt=0, Days=0
[Admin-Bonus] SKIP: User 195, Rule Active=true, RuleMonth=2026-07, TargetMonth=2026-08
[2026-08-17T12:56:16.884Z] [Late-Dbg] User 196 Final: LateCount=0, Amt=0, Days=0
[Admin-Bonus] SKIP: User 196, Rule Active=true, RuleMonth=2026-07, TargetMonth=2026-08
[2026-08-17T12:57:23.752Z] [Late-Dbg] User 57 Final: LateCount=0, Amt=0, Days=0
[2026-08-17T12:57:23.815Z] [Late-Dbg] User 58 Final: LateCount=0, Amt=0, Days=0
[2026-08-17T12:57:23.853Z] [Late-Dbg] User 59 Final: LateCount=0, Amt=0, Days=0
[2026-08-17T12:57:23.897Z] [Late-Dbg] User 61 Final: LateCount=0, Amt=0, Days=0
[2026-08-17T12:57:23.932Z] [Late-Dbg] User 62 Final: LateCount=0, Amt=0, Days=0
[2026-08-17T12:57:23.966Z] [Late-Dbg] User 63 Final: LateCount=0, Amt=0, Days=0
[2026-08-17T12:57:24.002Z] [Late-Dbg] User 64 Final: LateCount=0, Amt=0, Days=0
[2026-08-17T12:57:24.029Z] [Late-Dbg] User 65 Final: LateCount=0, Amt=0, Days=0
[2026-08-17T12:57:24.052Z] [Late-Dbg] User 68 Final: LateCount=0, Amt=0, Days=0
[2026-08-17T12:57:24.134Z] [Late-Dbg] User 69 Final: LateCount=0, Amt=0, Days=0
[2026-08-17T12:57:24.235Z] [Late-Dbg] User 70 Final: LateCount=0, Amt=0, Days=0
[2026-08-17T12:57:24.270Z] [Late-Dbg] User 98 Final: LateCount=0, Amt=0, Days=0
[2026-08-17T12:57:24.298Z] [Late-Dbg] User 103 Final: LateCount=0, Amt=0, Days=0
[2026-08-17T12:57:24.331Z] [Late-Dbg] User 107 Final: LateCount=0, Amt=0, Days=0
[2026-08-17T12:57:24.361Z] [Late-Dbg] User 108 Final: LateCount=0, Amt=0, Days=0
[2026-08-17T12:57:24.387Z] [Late-Dbg] User 109 Final: LateCount=0, Amt=0, Days=0
[2026-08-17T12:57:24.419Z] [Late-Dbg] User 182 Final: LateCount=0, Amt=0, Days=0
[2026-08-17T12:57:24.451Z] [Late-Dbg] User 185 Final: LateCount=0, Amt=0, Days=0
[2026-08-17T12:57:24.482Z] [Late-Dbg] User 186 Final: LateCount=0, Amt=0, Days=0
[2026-08-17T12:57:24.505Z] [Late-Dbg] User 188 Final: LateCount=0, Amt=0, Days=0
[2026-08-17T12:57:24.585Z] [Late-Dbg] User 195 Final: LateCount=0, Amt=0, Days=0
[Admin-Bonus] SUCCESS: User 195, Rule=rule3, Joining=2026-01-01, Tenure=7mo, PaidBefore=0mo, NewPaid=7mo, Bonus=2928.81
[2026-08-17T12:57:24.753Z] [Late-Dbg] User 196 Final: LateCount=0, Amt=0, Days=0
[2026-08-17T12:59:05.931Z] [Late-Dbg] User 57 Final: LateCount=0, Amt=0, Days=0
[2026-08-17T12:59:05.967Z] [Late-Dbg] User 58 Final: LateCount=0, Amt=0, Days=0
[2026-08-17T12:59:06.003Z] [Late-Dbg] User 59 Final: LateCount=0, Amt=0, Days=0
[2026-08-17T12:59:06.048Z] [Late-Dbg] User 61 Final: LateCount=0, Amt=0, Days=0
[2026-08-17T12:59:06.083Z] [Late-Dbg] User 62 Final: LateCount=0, Amt=0, Days=0
[2026-08-17T12:59:06.116Z] [Late-Dbg] User 63 Final: LateCount=0, Amt=0, Days=0
[2026-08-17T12:59:06.153Z] [Late-Dbg] User 64 Final: LateCount=0, Amt=0, Days=0
[2026-08-17T12:59:06.186Z] [Late-Dbg] User 65 Final: LateCount=0, Amt=0, Days=0
[2026-08-17T12:59:06.223Z] [Late-Dbg] User 68 Final: LateCount=0, Amt=0, Days=0
[2026-08-17T12:59:06.303Z] [Late-Dbg] User 69 Final: LateCount=0, Amt=0, Days=0
[2026-08-17T12:59:06.472Z] [Late-Dbg] User 70 Final: LateCount=0, Amt=0, Days=0
[2026-08-17T12:59:06.509Z] [Late-Dbg] User 98 Final: LateCount=0, Amt=0, Days=0
[2026-08-17T12:59:06.542Z] [Late-Dbg] User 103 Final: LateCount=0, Amt=0, Days=0
[2026-08-17T12:59:06.575Z] [Late-Dbg] User 107 Final: LateCount=0, Amt=0, Days=0
[2026-08-17T12:59:06.606Z] [Late-Dbg] User 108 Final: LateCount=0, Amt=0, Days=0
[2026-08-17T12:59:06.637Z] [Late-Dbg] User 109 Final: LateCount=0, Amt=0, Days=0
[2026-08-17T12:59:06.673Z] [Late-Dbg] User 182 Final: LateCount=0, Amt=0, Days=0
[2026-08-17T12:59:06.703Z] [Late-Dbg] User 185 Final: LateCount=0, Amt=0, Days=0
[2026-08-17T12:59:06.734Z] [Late-Dbg] User 186 Final: LateCount=0, Amt=0, Days=0
[2026-08-17T12:59:06.766Z] [Late-Dbg] User 188 Final: LateCount=0, Amt=0, Days=0
[2026-08-17T12:59:06.865Z] [Late-Dbg] User 195 Final: LateCount=0, Amt=0, Days=0
[Admin-Bonus] SUCCESS: User 195, Rule=rule3, Joining=2026-01-01, Tenure=7mo, PaidBefore=0mo, NewPaid=7mo, Bonus=2928.81
[2026-08-17T12:59:07.078Z] [Late-Dbg] User 196 Final: LateCount=0, Amt=0, Days=0
[2026-08-17T12:59:57.726Z] [Late-Dbg] User 57 Final: LateCount=0, Amt=0, Days=0
[2026-08-17T12:59:57.768Z] [Late-Dbg] User 58 Final: LateCount=0, Amt=0, Days=0
[2026-08-17T12:59:57.793Z] [Late-Dbg] User 59 Final: LateCount=0, Amt=0, Days=0
[2026-08-17T12:59:57.814Z] [Late-Dbg] User 61 Final: LateCount=0, Amt=0, Days=0
[2026-08-17T12:59:57.833Z] [Late-Dbg] User 62 Final: LateCount=0, Amt=0, Days=0
[2026-08-17T12:59:57.853Z] [Late-Dbg] User 63 Final: LateCount=0, Amt=0, Days=0
[2026-08-17T12:59:57.877Z] [Late-Dbg] User 64 Final: LateCount=0, Amt=0, Days=0
[2026-08-17T12:59:57.897Z] [Late-Dbg] User 65 Final: LateCount=0, Amt=0, Days=0
[2026-08-17T12:59:57.917Z] [Late-Dbg] User 68 Final: LateCount=0, Amt=0, Days=0
[2026-08-17T12:59:57.980Z] [Late-Dbg] User 69 Final: LateCount=0, Amt=0, Days=0
[2026-08-17T12:59:58.060Z] [Late-Dbg] User 70 Final: LateCount=0, Amt=0, Days=0
[2026-08-17T12:59:58.082Z] [Late-Dbg] User 98 Final: LateCount=0, Amt=0, Days=0
[2026-08-17T12:59:58.107Z] [Late-Dbg] User 103 Final: LateCount=0, Amt=0, Days=0
[2026-08-17T12:59:58.129Z] [Late-Dbg] User 107 Final: LateCount=0, Amt=0, Days=0
[2026-08-17T12:59:58.149Z] [Late-Dbg] User 108 Final: LateCount=0, Amt=0, Days=0
[2026-08-17T12:59:58.173Z] [Late-Dbg] User 109 Final: LateCount=0, Amt=0, Days=0
[2026-08-17T12:59:58.194Z] [Late-Dbg] User 182 Final: LateCount=0, Amt=0, Days=0
[2026-08-17T12:59:58.214Z] [Late-Dbg] User 185 Final: LateCount=0, Amt=0, Days=0
[2026-08-17T12:59:58.234Z] [Late-Dbg] User 186 Final: LateCount=0, Amt=0, Days=0
[2026-08-17T12:59:58.255Z] [Late-Dbg] User 188 Final: LateCount=0, Amt=0, Days=0
[2026-08-17T12:59:58.376Z] [Late-Dbg] User 195 Final: LateCount=0, Amt=0, Days=0
[Admin-Bonus] SUCCESS: User 195, Rule=rule3, Joining=2026-01-01, Tenure=7mo, PaidBefore=0mo, NewPaid=7mo, Bonus=2928.81
[2026-08-17T12:59:58.519Z] [Late-Dbg] User 196 Final: LateCount=0, Amt=0, Days=0
[2026-08-17T13:00:46.229Z] [Late-Dbg] User 57 Final: LateCount=0, Amt=0, Days=0
[2026-08-17T13:00:46.282Z] [Late-Dbg] User 58 Final: LateCount=0, Amt=0, Days=0
[2026-08-17T13:00:46.315Z] [Late-Dbg] User 59 Final: LateCount=0, Amt=0, Days=0
[2026-08-17T13:00:46.348Z] [Late-Dbg] User 61 Final: LateCount=0, Amt=0, Days=0
[2026-08-17T13:00:46.379Z] [Late-Dbg] User 62 Final: LateCount=0, Amt=0, Days=0
[2026-08-17T13:00:46.409Z] [Late-Dbg] User 63 Final: LateCount=0, Amt=0, Days=0
[2026-08-17T13:00:46.441Z] [Late-Dbg] User 64 Final: LateCount=0, Amt=0, Days=0
[2026-08-17T13:00:46.476Z] [Late-Dbg] User 65 Final: LateCount=0, Amt=0, Days=0
[2026-08-17T13:00:46.498Z] [Late-Dbg] User 68 Final: LateCount=0, Amt=0, Days=0
[2026-08-17T13:00:46.631Z] [Late-Dbg] User 69 Final: LateCount=0, Amt=0, Days=0
[2026-08-17T13:00:46.724Z] [Late-Dbg] User 70 Final: LateCount=0, Amt=0, Days=0
[2026-08-17T13:00:46.745Z] [Late-Dbg] User 98 Final: LateCount=0, Amt=0, Days=0
[2026-08-17T13:00:46.765Z] [Late-Dbg] User 103 Final: LateCount=0, Amt=0, Days=0
[2026-08-17T13:00:46.795Z] [Late-Dbg] User 107 Final: LateCount=0, Amt=0, Days=0
[2026-08-17T13:00:46.815Z] [Late-Dbg] User 108 Final: LateCount=0, Amt=0, Days=0
[2026-08-17T13:00:46.837Z] [Late-Dbg] User 109 Final: LateCount=0, Amt=0, Days=0
[2026-08-17T13:00:46.861Z] [Late-Dbg] User 182 Final: LateCount=0, Amt=0, Days=0
[2026-08-17T13:00:46.884Z] [Late-Dbg] User 185 Final: LateCount=0, Amt=0, Days=0
[2026-08-17T13:00:46.908Z] [Late-Dbg] User 186 Final: LateCount=0, Amt=0, Days=0
[2026-08-17T13:00:46.928Z] [Late-Dbg] User 188 Final: LateCount=0, Amt=0, Days=0
[2026-08-17T13:00:46.995Z] [Late-Dbg] User 195 Final: LateCount=0, Amt=0, Days=0
[Admin-Bonus] SUCCESS: User 195, Rule=rule3, Joining=2026-01-01, Tenure=7mo, PaidBefore=0mo, NewPaid=7mo, Bonus=2928.81
[2026-08-17T13:00:47.145Z] [Late-Dbg] User 196 Final: LateCount=0, Amt=0, Days=0
[2026-08-17T13:01:49.676Z] [Late-Dbg] User 57 Final: LateCount=0, Amt=0, Days=0
[2026-08-17T13:01:49.743Z] [Late-Dbg] User 58 Final: LateCount=1, Amt=0, Days=0
[2026-08-17T13:01:49.810Z] [Late-Dbg] User 59 Final: LateCount=0, Amt=0, Days=0
[2026-08-17T13:01:49.844Z] [Late-Dbg] User 61 Final: LateCount=0, Amt=0, Days=0
[2026-08-17T13:01:49.873Z] [Late-Dbg] User 62 Final: LateCount=0, Amt=0, Days=0
[2026-08-17T13:01:49.895Z] [Late-Dbg] User 63 Final: LateCount=0, Amt=0, Days=0
[2026-08-17T13:01:49.917Z] [Late-Dbg] User 64 Final: LateCount=0, Amt=0, Days=0
[2026-08-17T13:01:49.942Z] [Late-Dbg] User 65 Final: LateCount=0, Amt=0, Days=0
[2026-08-17T13:01:49.964Z] [Late-Dbg] User 68 Final: LateCount=0, Amt=0, Days=0
[2026-08-17T13:01:49.989Z] [Late-Dbg] User 69 Final: LateCount=0, Amt=0, Days=0
[2026-08-17T13:01:50.010Z] [Late-Dbg] User 70 Final: LateCount=0, Amt=0, Days=0
[2026-08-17T13:01:50.032Z] [Late-Dbg] User 98 Final: LateCount=0, Amt=0, Days=0
[2026-08-17T13:01:50.058Z] [Late-Dbg] User 103 Final: LateCount=0, Amt=0, Days=0
[2026-08-17T13:01:50.078Z] [Late-Dbg] User 107 Final: LateCount=0, Amt=0, Days=0
[2026-08-17T13:01:50.099Z] [Late-Dbg] User 108 Final: LateCount=0, Amt=0, Days=0
[2026-08-17T13:01:50.125Z] [Late-Dbg] User 109 Final: LateCount=0, Amt=0, Days=0
[2026-08-17T13:01:50.147Z] [Late-Dbg] User 182 Final: LateCount=0, Amt=0, Days=0
[2026-08-17T13:01:50.170Z] [Late-Dbg] User 185 Final: LateCount=0, Amt=0, Days=0
[Admin-Bonus] SKIP: User 185, Rule Active=true, RuleMonth=2026-07, TargetMonth=2026-08
[2026-08-17T13:01:50.197Z] [Late-Dbg] User 186 Final: LateCount=0, Amt=0, Days=0
[2026-08-17T13:01:50.219Z] [Late-Dbg] User 188 Final: LateCount=0, Amt=0, Days=0
[2026-08-17T13:01:50.247Z] [Late-Dbg] User 195 Final: LateCount=0, Amt=0, Days=0
[Admin-Bonus] SKIP: User 195, Rule Active=true, RuleMonth=2026-07, TargetMonth=2026-08
[2026-08-17T13:01:50.304Z] [Late-Dbg] User 196 Final: LateCount=0, Amt=0, Days=0
[Admin-Bonus] SKIP: User 196, Rule Active=true, RuleMonth=2026-07, TargetMonth=2026-08
[2026-08-17T13:02:02.492Z] [Late-Dbg] User 57 Final: LateCount=0, Amt=0, Days=0
[2026-08-17T13:02:02.525Z] [Late-Dbg] User 58 Final: LateCount=0, Amt=0, Days=0
[2026-08-17T13:02:02.549Z] [Late-Dbg] User 59 Final: LateCount=0, Amt=0, Days=0
[2026-08-17T13:02:02.610Z] [Late-Dbg] User 61 Final: LateCount=0, Amt=0, Days=0
[2026-08-17T13:02:02.633Z] [Late-Dbg] User 62 Final: LateCount=0, Amt=0, Days=0
[2026-08-17T13:02:02.662Z] [Late-Dbg] User 63 Final: LateCount=0, Amt=0, Days=0
[2026-08-17T13:02:02.689Z] [Late-Dbg] User 64 Final: LateCount=0, Amt=0, Days=0
[2026-08-17T13:02:02.714Z] [Late-Dbg] User 65 Final: LateCount=0, Amt=0, Days=0
[2026-08-17T13:02:02.742Z] [Late-Dbg] User 68 Final: LateCount=0, Amt=0, Days=0
[2026-08-17T13:02:02.811Z] [Late-Dbg] User 69 Final: LateCount=0, Amt=0, Days=0
[2026-08-17T13:02:02.893Z] [Late-Dbg] User 70 Final: LateCount=0, Amt=0, Days=0
[2026-08-17T13:02:02.912Z] [Late-Dbg] User 98 Final: LateCount=0, Amt=0, Days=0
[2026-08-17T13:02:02.931Z] [Late-Dbg] User 103 Final: LateCount=0, Amt=0, Days=0
[2026-08-17T13:02:02.950Z] [Late-Dbg] User 107 Final: LateCount=0, Amt=0, Days=0
[2026-08-17T13:02:02.972Z] [Late-Dbg] User 108 Final: LateCount=0, Amt=0, Days=0
[2026-08-17T13:02:02.991Z] [Late-Dbg] User 109 Final: LateCount=0, Amt=0, Days=0
[2026-08-17T13:02:03.009Z] [Late-Dbg] User 182 Final: LateCount=0, Amt=0, Days=0
[2026-08-17T13:02:03.028Z] [Late-Dbg] User 185 Final: LateCount=0, Amt=0, Days=0
[2026-08-17T13:02:03.048Z] [Late-Dbg] User 186 Final: LateCount=0, Amt=0, Days=0
[2026-08-17T13:02:03.067Z] [Late-Dbg] User 188 Final: LateCount=0, Amt=0, Days=0
[2026-08-17T13:02:03.131Z] [Late-Dbg] User 195 Final: LateCount=0, Amt=0, Days=0
[Admin-Bonus] SUCCESS: User 195, Rule=rule3, Joining=2026-01-01, Tenure=7mo, PaidBefore=0mo, NewPaid=7mo, Bonus=2928.81
[2026-08-17T13:02:03.325Z] [Late-Dbg] User 196 Final: LateCount=0, Amt=0, Days=0
[2026-08-17T13:04:32.986Z] [Late-Dbg] User 57 Final: LateCount=0, Amt=0, Days=0
[2026-08-17T13:04:33.037Z] [Late-Dbg] User 58 Final: LateCount=0, Amt=0, Days=0
[2026-08-17T13:04:33.062Z] [Late-Dbg] User 59 Final: LateCount=0, Amt=0, Days=0
[2026-08-17T13:04:33.090Z] [Late-Dbg] User 61 Final: LateCount=0, Amt=0, Days=0
[2026-08-17T13:04:33.114Z] [Late-Dbg] User 62 Final: LateCount=0, Amt=0, Days=0
[2026-08-17T13:04:33.140Z] [Late-Dbg] User 63 Final: LateCount=0, Amt=0, Days=0
[2026-08-17T13:04:33.166Z] [Late-Dbg] User 64 Final: LateCount=0, Amt=0, Days=0
[2026-08-17T13:04:33.191Z] [Late-Dbg] User 65 Final: LateCount=0, Amt=0, Days=0
[2026-08-17T13:04:33.217Z] [Late-Dbg] User 68 Final: LateCount=0, Amt=0, Days=0
[2026-08-17T13:04:33.291Z] [Late-Dbg] User 69 Final: LateCount=0, Amt=0, Days=0
[2026-08-17T13:04:33.381Z] [Late-Dbg] User 70 Final: LateCount=0, Amt=0, Days=0
[2026-08-17T13:04:33.404Z] [Late-Dbg] User 98 Final: LateCount=0, Amt=0, Days=0
[2026-08-17T13:04:33.429Z] [Late-Dbg] User 103 Final: LateCount=0, Amt=0, Days=0
[2026-08-17T13:04:33.452Z] [Late-Dbg] User 107 Final: LateCount=0, Amt=0, Days=0
[2026-08-17T13:04:33.472Z] [Late-Dbg] User 108 Final: LateCount=0, Amt=0, Days=0
[2026-08-17T13:04:33.496Z] [Late-Dbg] User 109 Final: LateCount=0, Amt=0, Days=0
[2026-08-17T13:04:33.521Z] [Late-Dbg] User 182 Final: LateCount=0, Amt=0, Days=0
[2026-08-17T13:04:33.543Z] [Late-Dbg] User 185 Final: LateCount=0, Amt=0, Days=0
[2026-08-17T13:04:33.567Z] [Late-Dbg] User 186 Final: LateCount=0, Amt=0, Days=0
[2026-08-17T13:04:33.588Z] [Late-Dbg] User 188 Final: LateCount=0, Amt=0, Days=0
[2026-08-17T13:04:33.659Z] [Late-Dbg] User 195 Final: LateCount=0, Amt=0, Days=0
[Admin-Bonus] SUCCESS: User 195, Rule=rule3, Joining=2026-01-01, Tenure=7mo, PaidBefore=0mo, NewPaid=7mo, Bonus=2928.81
[2026-08-17T13:04:33.816Z] [Late-Dbg] User 196 Final: LateCount=0, Amt=0, Days=0
[2026-08-17T13:11:43.465Z] [Late-Dbg] User 57 Final: LateCount=0, Amt=0, Days=0
[2026-08-17T13:11:43.624Z] [Late-Dbg] User 58 Final: LateCount=0, Amt=0, Days=0
[2026-08-17T13:11:43.694Z] [Late-Dbg] User 59 Final: LateCount=0, Amt=0, Days=0
[2026-08-17T13:11:43.761Z] [Late-Dbg] User 61 Final: LateCount=0, Amt=0, Days=0
[2026-08-17T13:11:43.837Z] [Late-Dbg] User 62 Final: LateCount=0, Amt=0, Days=0
[2026-08-17T13:11:43.897Z] [Late-Dbg] User 63 Final: LateCount=0, Amt=0, Days=0
[2026-08-17T13:11:43.962Z] [Late-Dbg] User 64 Final: LateCount=0, Amt=0, Days=0
[2026-08-17T13:11:44.023Z] [Late-Dbg] User 65 Final: LateCount=0, Amt=0, Days=0
[2026-08-17T13:11:44.095Z] [Late-Dbg] User 68 Final: LateCount=0, Amt=0, Days=0
[2026-08-17T13:11:44.304Z] [Late-Dbg] User 69 Final: LateCount=0, Amt=0, Days=0
[2026-08-17T13:11:44.630Z] [Late-Dbg] User 70 Final: LateCount=0, Amt=0, Days=0
[2026-08-17T13:11:44.699Z] [Late-Dbg] User 98 Final: LateCount=0, Amt=0, Days=0
[2026-08-17T13:11:44.859Z] [Late-Dbg] User 103 Final: LateCount=0, Amt=0, Days=0
[2026-08-17T13:11:44.909Z] [Late-Dbg] User 107 Final: LateCount=0, Amt=0, Days=0
[2026-08-17T13:11:44.963Z] [Late-Dbg] User 108 Final: LateCount=0, Amt=0, Days=0
[2026-08-17T13:11:45.028Z] [Late-Dbg] User 109 Final: LateCount=0, Amt=0, Days=0
[2026-08-17T13:11:45.093Z] [Late-Dbg] User 182 Final: LateCount=0, Amt=0, Days=0
[2026-08-17T13:11:45.151Z] [Late-Dbg] User 185 Final: LateCount=0, Amt=0, Days=0
[2026-08-17T13:11:45.208Z] [Late-Dbg] User 186 Final: LateCount=0, Amt=0, Days=0
[2026-08-17T13:11:45.265Z] [Late-Dbg] User 188 Final: LateCount=0, Amt=0, Days=0
[2026-08-17T13:11:45.466Z] [Late-Dbg] User 195 Final: LateCount=0, Amt=0, Days=0
[Admin-Bonus] SUCCESS: User 195, Rule=rule3, Joining=2026-01-01, Tenure=7mo, PaidBefore=0mo, NewPaid=7mo, Bonus=2928.81
[2026-08-17T13:11:45.825Z] [Late-Dbg] User 196 Final: LateCount=0, Amt=0, Days=0
[2026-08-17T13:11:58.594Z] [Late-Dbg] User 57 Final: LateCount=0, Amt=0, Days=0
[2026-08-17T13:11:58.701Z] [Late-Dbg] User 58 Final: LateCount=1, Amt=0, Days=0
[2026-08-17T13:11:58.852Z] [Late-Dbg] User 59 Final: LateCount=0, Amt=0, Days=0
[2026-08-17T13:11:58.913Z] [Late-Dbg] User 61 Final: LateCount=0, Amt=0, Days=0
[2026-08-17T13:11:58.991Z] [Late-Dbg] User 62 Final: LateCount=0, Amt=0, Days=0
[2026-08-17T13:11:59.044Z] [Late-Dbg] User 63 Final: LateCount=0, Amt=0, Days=0
[2026-08-17T13:11:59.111Z] [Late-Dbg] User 64 Final: LateCount=0, Amt=0, Days=0
[2026-08-17T13:11:59.168Z] [Late-Dbg] User 65 Final: LateCount=0, Amt=0, Days=0
[2026-08-17T13:11:59.234Z] [Late-Dbg] User 68 Final: LateCount=0, Amt=0, Days=0
[2026-08-17T13:11:59.287Z] [Late-Dbg] User 69 Final: LateCount=0, Amt=0, Days=0
[2026-08-17T13:11:59.324Z] [Late-Dbg] User 70 Final: LateCount=0, Amt=0, Days=0
[2026-08-17T13:11:59.357Z] [Late-Dbg] User 98 Final: LateCount=0, Amt=0, Days=0
[2026-08-17T13:11:59.391Z] [Late-Dbg] User 103 Final: LateCount=0, Amt=0, Days=0
[2026-08-17T13:11:59.438Z] [Late-Dbg] User 107 Final: LateCount=0, Amt=0, Days=0
[2026-08-17T13:11:59.483Z] [Late-Dbg] User 108 Final: LateCount=0, Amt=0, Days=0
[2026-08-17T13:11:59.531Z] [Late-Dbg] User 109 Final: LateCount=0, Amt=0, Days=0
[2026-08-17T13:11:59.576Z] [Late-Dbg] User 182 Final: LateCount=0, Amt=0, Days=0
[2026-08-17T13:11:59.624Z] [Late-Dbg] User 185 Final: LateCount=0, Amt=0, Days=0
[Admin-Bonus] SKIP: User 185, Rule Active=true, RuleMonth=2026-07, TargetMonth=2026-08
[2026-08-17T13:11:59.680Z] [Late-Dbg] User 186 Final: LateCount=0, Amt=0, Days=0
[2026-08-17T13:11:59.776Z] [Late-Dbg] User 188 Final: LateCount=0, Amt=0, Days=0
[2026-08-17T13:11:59.873Z] [Late-Dbg] User 195 Final: LateCount=0, Amt=0, Days=0
[Admin-Bonus] SKIP: User 195, Rule Active=true, RuleMonth=2026-07, TargetMonth=2026-08
[2026-08-17T13:12:00.152Z] [Late-Dbg] User 196 Final: LateCount=0, Amt=0, Days=0
[Admin-Bonus] SKIP: User 196, Rule Active=true, RuleMonth=2026-07, TargetMonth=2026-08
[2026-08-17T13:20:08.990Z] [Late-Dbg] User 57 Final: LateCount=0, Amt=0, Days=0
[2026-08-17T13:20:09.073Z] [Late-Dbg] User 58 Final: LateCount=0, Amt=0, Days=0
[2026-08-17T13:20:09.120Z] [Late-Dbg] User 59 Final: LateCount=0, Amt=0, Days=0
[2026-08-17T13:20:09.158Z] [Late-Dbg] User 61 Final: LateCount=0, Amt=0, Days=0
[2026-08-17T13:20:09.255Z] [Late-Dbg] User 62 Final: LateCount=0, Amt=0, Days=0
[2026-08-17T13:20:09.287Z] [Late-Dbg] User 63 Final: LateCount=0, Amt=0, Days=0
[2026-08-17T13:20:09.323Z] [Late-Dbg] User 64 Final: LateCount=0, Amt=0, Days=0
[2026-08-17T13:20:09.355Z] [Late-Dbg] User 65 Final: LateCount=0, Amt=0, Days=0
[2026-08-17T13:20:09.389Z] [Late-Dbg] User 68 Final: LateCount=0, Amt=0, Days=0
[2026-08-17T13:20:09.498Z] [Late-Dbg] User 69 Final: LateCount=0, Amt=0, Days=0
[2026-08-17T13:20:09.622Z] [Late-Dbg] User 70 Final: LateCount=0, Amt=0, Days=0
[2026-08-17T13:20:09.658Z] [Late-Dbg] User 98 Final: LateCount=0, Amt=0, Days=0
[2026-08-17T13:20:09.691Z] [Late-Dbg] User 103 Final: LateCount=0, Amt=0, Days=0
[2026-08-17T13:20:09.724Z] [Late-Dbg] User 107 Final: LateCount=0, Amt=0, Days=0
[2026-08-17T13:20:09.760Z] [Late-Dbg] User 108 Final: LateCount=0, Amt=0, Days=0
[2026-08-17T13:20:09.792Z] [Late-Dbg] User 109 Final: LateCount=0, Amt=0, Days=0
[2026-08-17T13:20:09.824Z] [Late-Dbg] User 182 Final: LateCount=0, Amt=0, Days=0
[2026-08-17T13:20:09.890Z] [Late-Dbg] User 185 Final: LateCount=0, Amt=0, Days=0
[2026-08-17T13:20:09.921Z] [Late-Dbg] User 186 Final: LateCount=0, Amt=0, Days=0
[2026-08-17T13:20:09.950Z] [Late-Dbg] User 188 Final: LateCount=0, Amt=0, Days=0
[2026-08-17T13:20:10.053Z] [Late-Dbg] User 195 Final: LateCount=0, Amt=0, Days=0
[Admin-Bonus] SUCCESS: User 195, Rule=rule3, Joining=2026-01-01, Tenure=7mo, PaidBefore=0mo, NewPaid=7mo, Bonus=2928.81
[2026-08-17T13:20:10.250Z] [Late-Dbg] User 196 Final: LateCount=0, Amt=0, Days=0
[2026-08-17T13:20:22.406Z] [Late-Dbg] User 57 Final: LateCount=0, Amt=0, Days=0
[2026-08-17T13:20:22.485Z] [Late-Dbg] User 58 Final: LateCount=1, Amt=0, Days=0
[2026-08-17T13:20:22.561Z] [Late-Dbg] User 59 Final: LateCount=0, Amt=0, Days=0
[2026-08-17T13:20:22.592Z] [Late-Dbg] User 61 Final: LateCount=0, Amt=0, Days=0
[2026-08-17T13:20:22.625Z] [Late-Dbg] User 62 Final: LateCount=0, Amt=0, Days=0
[2026-08-17T13:20:22.668Z] [Late-Dbg] User 63 Final: LateCount=0, Amt=0, Days=0
[2026-08-17T13:20:22.693Z] [Late-Dbg] User 64 Final: LateCount=0, Amt=0, Days=0
[2026-08-17T13:20:22.726Z] [Late-Dbg] User 65 Final: LateCount=0, Amt=0, Days=0
[2026-08-17T13:20:22.759Z] [Late-Dbg] User 68 Final: LateCount=0, Amt=0, Days=0
[2026-08-17T13:20:22.789Z] [Late-Dbg] User 69 Final: LateCount=0, Amt=0, Days=0
[2026-08-17T13:20:22.817Z] [Late-Dbg] User 70 Final: LateCount=0, Amt=0, Days=0
[2026-08-17T13:20:22.843Z] [Late-Dbg] User 98 Final: LateCount=0, Amt=0, Days=0
[2026-08-17T13:20:22.872Z] [Late-Dbg] User 103 Final: LateCount=0, Amt=0, Days=0
[2026-08-17T13:20:22.900Z] [Late-Dbg] User 107 Final: LateCount=0, Amt=0, Days=0
[2026-08-17T13:20:22.924Z] [Late-Dbg] User 108 Final: LateCount=0, Amt=0, Days=0
[2026-08-17T13:20:22.952Z] [Late-Dbg] User 109 Final: LateCount=0, Amt=0, Days=0
[2026-08-17T13:20:22.975Z] [Late-Dbg] User 182 Final: LateCount=0, Amt=0, Days=0
[2026-08-17T13:20:23.037Z] [Late-Dbg] User 185 Final: LateCount=0, Amt=0, Days=0
[Admin-Bonus] SKIP: User 185, Rule Active=true, RuleMonth=2026-07, TargetMonth=2026-08
[2026-08-17T13:20:23.065Z] [Late-Dbg] User 186 Final: LateCount=0, Amt=0, Days=0
[2026-08-17T13:20:23.087Z] [Late-Dbg] User 188 Final: LateCount=0, Amt=0, Days=0
[2026-08-17T13:20:23.122Z] [Late-Dbg] User 195 Final: LateCount=0, Amt=0, Days=0
[Admin-Bonus] SKIP: User 195, Rule Active=true, RuleMonth=2026-07, TargetMonth=2026-08
[2026-08-17T13:20:23.185Z] [Late-Dbg] User 196 Final: LateCount=0, Amt=0, Days=0
[Admin-Bonus] SKIP: User 196, Rule Active=true, RuleMonth=2026-07, TargetMonth=2026-08
[2026-08-17T13:22:54.258Z] [Late-Dbg] User 57 Final: LateCount=0, Amt=0, Days=0
[2026-08-17T13:22:54.349Z] [Late-Dbg] User 58 Final: LateCount=1, Amt=0, Days=0
[2026-08-17T13:22:54.440Z] [Late-Dbg] User 59 Final: LateCount=0, Amt=0, Days=0
[2026-08-17T13:22:54.481Z] [Late-Dbg] User 61 Final: LateCount=0, Amt=0, Days=0
[2026-08-17T13:22:54.515Z] [Late-Dbg] User 62 Final: LateCount=0, Amt=0, Days=0
[2026-08-17T13:22:54.548Z] [Late-Dbg] User 63 Final: LateCount=0, Amt=0, Days=0
[2026-08-17T13:22:54.581Z] [Late-Dbg] User 64 Final: LateCount=0, Amt=0, Days=0
[2026-08-17T13:22:54.611Z] [Late-Dbg] User 65 Final: LateCount=0, Amt=0, Days=0
[2026-08-17T13:22:54.642Z] [Late-Dbg] User 68 Final: LateCount=0, Amt=0, Days=0
[2026-08-17T13:22:54.670Z] [Late-Dbg] User 69 Final: LateCount=0, Amt=0, Days=0
[2026-08-17T13:22:54.699Z] [Late-Dbg] User 70 Final: LateCount=0, Amt=0, Days=0
[2026-08-17T13:22:54.730Z] [Late-Dbg] User 98 Final: LateCount=0, Amt=0, Days=0
[2026-08-17T13:22:54.758Z] [Late-Dbg] User 103 Final: LateCount=0, Amt=0, Days=0
[2026-08-17T13:22:54.782Z] [Late-Dbg] User 107 Final: LateCount=0, Amt=0, Days=0
[2026-08-17T13:22:54.811Z] [Late-Dbg] User 108 Final: LateCount=0, Amt=0, Days=0
[2026-08-17T13:22:54.836Z] [Late-Dbg] User 109 Final: LateCount=0, Amt=0, Days=0
[2026-08-17T13:22:54.867Z] [Late-Dbg] User 182 Final: LateCount=0, Amt=0, Days=0
[2026-08-17T13:22:54.898Z] [Late-Dbg] User 185 Final: LateCount=0, Amt=0, Days=0
[Admin-Bonus] SKIP: User 185, Rule Active=true, RuleMonth=2026-07, TargetMonth=2026-08
[2026-08-17T13:22:54.931Z] [Late-Dbg] User 186 Final: LateCount=0, Amt=0, Days=0
[2026-08-17T13:22:54.959Z] [Late-Dbg] User 188 Final: LateCount=0, Amt=0, Days=0
[2026-08-17T13:22:55.062Z] [Late-Dbg] User 195 Final: LateCount=0, Amt=0, Days=0
[Admin-Bonus] SKIP: User 195, Rule Active=true, RuleMonth=2026-07, TargetMonth=2026-08
[2026-08-17T13:22:55.125Z] [Late-Dbg] User 196 Final: LateCount=0, Amt=0, Days=0
[Admin-Bonus] SKIP: User 196, Rule Active=true, RuleMonth=2026-07, TargetMonth=2026-08
[2026-08-17T13:23:54.173Z] [Late-Dbg] User 57 Final: LateCount=0, Amt=0, Days=0
[2026-08-17T13:23:54.215Z] [Late-Dbg] User 58 Final: LateCount=0, Amt=0, Days=0
[2026-08-17T13:23:54.251Z] [Late-Dbg] User 59 Final: LateCount=0, Amt=0, Days=0
[2026-08-17T13:23:54.289Z] [Late-Dbg] User 61 Final: LateCount=0, Amt=0, Days=0
[2026-08-17T13:23:54.317Z] [Late-Dbg] User 62 Final: LateCount=0, Amt=0, Days=0
[2026-08-17T13:23:54.360Z] [Late-Dbg] User 63 Final: LateCount=0, Amt=0, Days=0
[2026-08-17T13:23:54.393Z] [Late-Dbg] User 64 Final: LateCount=0, Amt=0, Days=0
[2026-08-17T13:23:54.427Z] [Late-Dbg] User 65 Final: LateCount=0, Amt=0, Days=0
[2026-08-17T13:23:54.456Z] [Late-Dbg] User 68 Final: LateCount=0, Amt=0, Days=0
[2026-08-17T13:23:54.542Z] [Late-Dbg] User 69 Final: LateCount=0, Amt=0, Days=0
[2026-08-17T13:23:54.663Z] [Late-Dbg] User 70 Final: LateCount=0, Amt=0, Days=0
[2026-08-17T13:23:54.712Z] [Late-Dbg] User 98 Final: LateCount=0, Amt=0, Days=0
[2026-08-17T13:23:54.740Z] [Late-Dbg] User 103 Final: LateCount=0, Amt=0, Days=0
[2026-08-17T13:23:54.770Z] [Late-Dbg] User 107 Final: LateCount=0, Amt=0, Days=0
[2026-08-17T13:23:54.801Z] [Late-Dbg] User 108 Final: LateCount=0, Amt=0, Days=0
[2026-08-17T13:23:54.847Z] [Late-Dbg] User 109 Final: LateCount=0, Amt=0, Days=0
[2026-08-17T13:23:54.877Z] [Late-Dbg] User 182 Final: LateCount=0, Amt=0, Days=0
[2026-08-17T13:23:54.905Z] [Late-Dbg] User 185 Final: LateCount=0, Amt=0, Days=0
[2026-08-17T13:23:54.933Z] [Late-Dbg] User 186 Final: LateCount=0, Amt=0, Days=0
[2026-08-17T13:23:55.017Z] [Late-Dbg] User 188 Final: LateCount=0, Amt=0, Days=0
[2026-08-17T13:23:55.111Z] [Late-Dbg] User 195 Final: LateCount=0, Amt=0, Days=0
[Admin-Bonus] SUCCESS: User 195, Rule=rule3, Joining=2026-01-01, Tenure=7mo, PaidBefore=0mo, NewPaid=7mo, Bonus=2928.81
[2026-08-17T13:23:55.304Z] [Late-Dbg] User 196 Final: LateCount=0, Amt=0, Days=0
[2026-08-17T13:27:34.922Z] [Late-Dbg] User 57 Final: LateCount=0, Amt=0, Days=0
[2026-08-17T13:27:35.028Z] [Late-Dbg] User 58 Final: LateCount=1, Amt=0, Days=0
[2026-08-17T13:27:35.144Z] [Late-Dbg] User 59 Final: LateCount=0, Amt=0, Days=0
[2026-08-17T13:27:35.188Z] [Late-Dbg] User 61 Final: LateCount=0, Amt=0, Days=0
[2026-08-17T13:27:35.237Z] [Late-Dbg] User 62 Final: LateCount=0, Amt=0, Days=0
[2026-08-17T13:27:35.273Z] [Late-Dbg] User 63 Final: LateCount=0, Amt=0, Days=0
[2026-08-17T13:27:35.305Z] [Late-Dbg] User 64 Final: LateCount=0, Amt=0, Days=0
[2026-08-17T13:27:35.335Z] [Late-Dbg] User 65 Final: LateCount=0, Amt=0, Days=0
[2026-08-17T13:27:35.368Z] [Late-Dbg] User 68 Final: LateCount=0, Amt=0, Days=0
[2026-08-17T13:27:35.395Z] [Late-Dbg] User 69 Final: LateCount=0, Amt=0, Days=0
[2026-08-17T13:27:35.425Z] [Late-Dbg] User 70 Final: LateCount=0, Amt=0, Days=0
[2026-08-17T13:27:35.466Z] [Late-Dbg] User 98 Final: LateCount=0, Amt=0, Days=0
[2026-08-17T13:27:35.495Z] [Late-Dbg] User 103 Final: LateCount=0, Amt=0, Days=0
[2026-08-17T13:27:35.525Z] [Late-Dbg] User 107 Final: LateCount=0, Amt=0, Days=0
[2026-08-17T13:27:35.556Z] [Late-Dbg] User 108 Final: LateCount=0, Amt=0, Days=0
[2026-08-17T13:27:35.586Z] [Late-Dbg] User 109 Final: LateCount=0, Amt=0, Days=0
[2026-08-17T13:27:35.615Z] [Late-Dbg] User 182 Final: LateCount=0, Amt=0, Days=0
[2026-08-17T13:27:35.724Z] [Late-Dbg] User 185 Final: LateCount=0, Amt=0, Days=0
[Admin-Bonus] SKIP: User 185, Rule Active=true, RuleMonth=2026-07, TargetMonth=2026-08
[2026-08-17T13:27:35.759Z] [Late-Dbg] User 186 Final: LateCount=0, Amt=0, Days=0
[2026-08-17T13:27:35.792Z] [Late-Dbg] User 188 Final: LateCount=0, Amt=0, Days=0
[2026-08-17T13:27:35.830Z] [Late-Dbg] User 195 Final: LateCount=0, Amt=0, Days=0
[Admin-Bonus] SKIP: User 195, Rule Active=true, RuleMonth=2026-07, TargetMonth=2026-08
[2026-08-17T13:27:35.906Z] [Late-Dbg] User 196 Final: LateCount=0, Amt=0, Days=0
[Admin-Bonus] SKIP: User 196, Rule Active=true, RuleMonth=2026-07, TargetMonth=2026-08
[2026-08-17T13:27:43.676Z] [Late-Dbg] User 57 Final: LateCount=0, Amt=0, Days=0
[2026-08-17T13:27:43.712Z] [Late-Dbg] User 58 Final: LateCount=0, Amt=0, Days=0
[2026-08-17T13:27:43.751Z] [Late-Dbg] User 59 Final: LateCount=0, Amt=0, Days=0
[2026-08-17T13:27:43.796Z] [Late-Dbg] User 61 Final: LateCount=0, Amt=0, Days=0
[2026-08-17T13:27:43.853Z] [Late-Dbg] User 62 Final: LateCount=0, Amt=0, Days=0
[2026-08-17T13:27:43.890Z] [Late-Dbg] User 63 Final: LateCount=0, Amt=0, Days=0
[2026-08-17T13:27:43.922Z] [Late-Dbg] User 64 Final: LateCount=0, Amt=0, Days=0
[2026-08-17T13:27:43.953Z] [Late-Dbg] User 65 Final: LateCount=0, Amt=0, Days=0
[2026-08-17T13:27:43.979Z] [Late-Dbg] User 68 Final: LateCount=0, Amt=0, Days=0
[2026-08-17T13:27:44.060Z] [Late-Dbg] User 69 Final: LateCount=0, Amt=0, Days=0
[2026-08-17T13:27:44.156Z] [Late-Dbg] User 70 Final: LateCount=0, Amt=0, Days=0
[2026-08-17T13:27:44.185Z] [Late-Dbg] User 98 Final: LateCount=0, Amt=0, Days=0
[2026-08-17T13:27:44.210Z] [Late-Dbg] User 103 Final: LateCount=0, Amt=0, Days=0
[2026-08-17T13:27:44.236Z] [Late-Dbg] User 107 Final: LateCount=0, Amt=0, Days=0
[2026-08-17T13:27:44.259Z] [Late-Dbg] User 108 Final: LateCount=0, Amt=0, Days=0
[2026-08-17T13:27:44.286Z] [Late-Dbg] User 109 Final: LateCount=0, Amt=0, Days=0
[2026-08-17T13:27:44.309Z] [Late-Dbg] User 182 Final: LateCount=0, Amt=0, Days=0
[2026-08-17T13:27:44.336Z] [Late-Dbg] User 185 Final: LateCount=0, Amt=0, Days=0
[2026-08-17T13:27:44.359Z] [Late-Dbg] User 186 Final: LateCount=0, Amt=0, Days=0
[2026-08-17T13:27:44.386Z] [Late-Dbg] User 188 Final: LateCount=0, Amt=0, Days=0
[2026-08-17T13:27:44.517Z] [Late-Dbg] User 195 Final: LateCount=0, Amt=0, Days=0
[Admin-Bonus] SUCCESS: User 195, Rule=rule3, Joining=2026-01-01, Tenure=7mo, PaidBefore=0mo, NewPaid=7mo, Bonus=2928.81
[2026-08-17T13:27:44.715Z] [Late-Dbg] User 196 Final: LateCount=0, Amt=0, Days=0
[2026-08-20T11:20:20.120Z] [Late-Dbg] User 57 Final: LateCount=0, Amt=0, Days=0
[2026-08-20T11:20:20.586Z] [Late-Dbg] User 58 Final: LateCount=0, Amt=0, Days=0
[2026-08-20T11:20:20.734Z] [Late-Dbg] User 59 Final: LateCount=2, Amt=0, Days=0
[2026-08-20T11:20:20.981Z] [Late-Dbg] User 61 Final: LateCount=0, Amt=0, Days=0
[2026-08-20T11:20:21.046Z] [Late-Dbg] User 62 Final: LateCount=0, Amt=0, Days=0
[2026-08-20T11:20:21.117Z] [Late-Dbg] User 63 Final: LateCount=1, Amt=40, Days=0.04
[2026-08-20T11:20:21.195Z] [Late-Dbg] User 64 Final: LateCount=0, Amt=0, Days=0
[2026-08-20T11:20:21.254Z] [Late-Dbg] User 65 Final: LateCount=0, Amt=0, Days=0
[2026-08-20T11:20:21.359Z] [Late-Dbg] User 68 Final: LateCount=0, Amt=0, Days=0
[2026-08-20T11:20:21.568Z] [Late-Dbg] User 69 Final: LateCount=0, Amt=0, Days=0
[2026-08-20T11:20:22.069Z] [Late-Dbg] User 70 Final: LateCount=0, Amt=0, Days=0
[2026-08-20T11:20:22.096Z] [Late-Dbg] User 98 Final: LateCount=0, Amt=0, Days=0
[2026-08-20T11:20:22.121Z] [Late-Dbg] User 103 Final: LateCount=0, Amt=0, Days=0
[2026-08-20T11:20:22.157Z] [Late-Dbg] User 107 Final: LateCount=0, Amt=0, Days=0
[2026-08-20T11:20:22.209Z] [Late-Dbg] User 108 Final: LateCount=0, Amt=0, Days=0
[2026-08-20T11:20:22.325Z] [Late-Dbg] User 109 Final: LateCount=1, Amt=0, Days=0
[2026-08-20T11:20:22.591Z] [Late-Dbg] User 182 Final: LateCount=1, Amt=30, Days=0.03
[2026-08-20T11:20:22.993Z] [Late-Dbg] User 185 Final: LateCount=0, Amt=0, Days=0
[2026-08-20T11:20:23.678Z] [Late-Dbg] User 186 Final: LateCount=0, Amt=0, Days=0
[2026-08-20T11:20:23.706Z] [Late-Dbg] User 188 Final: LateCount=0, Amt=0, Days=0
[2026-08-20T11:20:23.731Z] [Late-Dbg] User 195 Final: LateCount=0, Amt=0, Days=0
[2026-08-20T11:20:23.756Z] [Late-Dbg] User 196 Final: LateCount=0, Amt=0, Days=0
[2026-08-20T11:30:48.444Z] [User 195] calculateSalary (Existing): lpResult: {"latePunchInMinutes":0,"latePunchInPenalty":0,"latePenaltyDays":0,"lateCount":0,"lateDetails":[]}
[2026-08-20T11:30:48.629Z] [User 195] calculateSalary (Existing): lpResult: {"latePunchInMinutes":0,"latePunchInPenalty":0,"latePenaltyDays":0,"lateCount":0,"lateDetails":[]}
[2026-08-20T11:30:48.697Z] [User 195] calculateSalary (Existing): lpResult: {"latePunchInMinutes":0,"latePunchInPenalty":0,"latePenaltyDays":0,"lateCount":0,"lateDetails":[]}
[2026-08-20T11:32:23.404Z] [User 195] calculateSalary (Existing): lpResult: {"latePunchInMinutes":0,"latePunchInPenalty":0,"latePenaltyDays":0,"lateCount":0,"lateDetails":[]}
[2026-08-20T11:32:23.560Z] [User 195] calculateSalary (Existing): lpResult: {"latePunchInMinutes":0,"latePunchInPenalty":0,"latePenaltyDays":0,"lateCount":0,"lateDetails":[]}
[2026-08-20T11:32:23.636Z] [User 195] calculateSalary (Existing): lpResult: {"latePunchInMinutes":0,"latePunchInPenalty":0,"latePenaltyDays":0,"lateCount":0,"lateDetails":[]}
[2026-08-20T11:34:13.281Z] [User 195] calculateSalary (Live): lpResult: {"latePunchInMinutes":0,"latePunchInPenalty":0,"latePenaltyDays":0,"lateCount":0,"lateDetails":[]}
[2026-08-20T11:34:13.666Z] [User 195] calculateSalary (Live): lpResult: {"latePunchInMinutes":0,"latePunchInPenalty":0,"latePenaltyDays":0,"lateCount":0,"lateDetails":[]}
[Bonus] User 195: Rule=rule3, Tenure=7mo, PaidBefore=0mo, NewPaid=7mo, Bonus=2548.79
[2026-08-20T11:34:13.788Z] [User 195] calculateSalary (Live): lpResult: {"latePunchInMinutes":0,"latePunchInPenalty":0,"latePenaltyDays":0,"lateCount":0,"lateDetails":[]}
[2026-08-20T11:34:46.778Z] [User 195] calculateSalary (Live): lpResult: {"latePunchInMinutes":0,"latePunchInPenalty":0,"latePenaltyDays":0,"lateCount":0,"lateDetails":[]}
[2026-08-20T11:34:46.943Z] [User 195] calculateSalary (Live): lpResult: {"latePunchInMinutes":0,"latePunchInPenalty":0,"latePenaltyDays":0,"lateCount":0,"lateDetails":[]}
[Bonus] User 195: Rule=rule3, Tenure=7mo, PaidBefore=0mo, NewPaid=7mo, Bonus=2548.79
[2026-08-20T11:34:47.038Z] [User 195] calculateSalary (Live): lpResult: {"latePunchInMinutes":0,"latePunchInPenalty":0,"latePenaltyDays":0,"lateCount":0,"lateDetails":[]}
[2026-08-20T11:36:56.134Z] [Late-Dbg] User 57 Final: LateCount=0, Amt=0, Days=0
[2026-08-20T11:36:57.126Z] [Late-Dbg] User 58 Final: LateCount=0, Amt=0, Days=0
[2026-08-20T11:36:57.477Z] [Late-Dbg] User 59 Final: LateCount=2, Amt=0, Days=0
[2026-08-20T11:36:58.115Z] [Late-Dbg] User 61 Final: LateCount=0, Amt=0, Days=0
[2026-08-20T11:36:58.225Z] [Late-Dbg] User 62 Final: LateCount=0, Amt=0, Days=0
[2026-08-20T11:36:58.354Z] [Late-Dbg] User 63 Final: LateCount=1, Amt=40, Days=0.04
[2026-08-20T11:36:58.495Z] [Late-Dbg] User 64 Final: LateCount=0, Amt=0, Days=0
[2026-08-20T11:36:58.600Z] [Late-Dbg] User 65 Final: LateCount=0, Amt=0, Days=0
[2026-08-20T11:36:58.784Z] [Late-Dbg] User 68 Final: LateCount=0, Amt=0, Days=0
[2026-08-20T11:36:59.187Z] [Late-Dbg] User 69 Final: LateCount=0, Amt=0, Days=0
[2026-08-20T11:37:00.278Z] [Late-Dbg] User 70 Final: LateCount=0, Amt=0, Days=0
[2026-08-20T11:37:00.331Z] [Late-Dbg] User 98 Final: LateCount=0, Amt=0, Days=0
[2026-08-20T11:37:00.376Z] [Late-Dbg] User 103 Final: LateCount=0, Amt=0, Days=0
[2026-08-20T11:37:00.450Z] [Late-Dbg] User 107 Final: LateCount=0, Amt=0, Days=0
[2026-08-20T11:37:00.544Z] [Late-Dbg] User 108 Final: LateCount=0, Amt=0, Days=0
[2026-08-20T11:37:00.836Z] [Late-Dbg] User 109 Final: LateCount=1, Amt=0, Days=0
[2026-08-20T11:37:01.354Z] [Late-Dbg] User 182 Final: LateCount=1, Amt=30, Days=0.03
[2026-08-20T11:37:02.225Z] [Late-Dbg] User 185 Final: LateCount=0, Amt=0, Days=0
[2026-08-20T11:37:03.578Z] [Late-Dbg] User 186 Final: LateCount=0, Amt=0, Days=0
[2026-08-20T11:37:03.620Z] [Late-Dbg] User 188 Final: LateCount=0, Amt=0, Days=0
[2026-08-20T11:37:03.671Z] [Late-Dbg] User 195 Final: LateCount=0, Amt=0, Days=0
[2026-08-20T11:37:03.709Z] [Late-Dbg] User 196 Final: LateCount=0, Amt=0, Days=0
[2026-08-20T11:40:31.632Z] [Late-Dbg] User 57 Final: LateCount=0, Amt=0, Days=0
[2026-08-20T11:40:31.848Z] [Late-Dbg] User 58 Final: LateCount=1, Amt=0, Days=0
[2026-08-20T11:40:32.069Z] [Late-Dbg] User 59 Final: LateCount=2, Amt=583.33, Days=0.5
[2026-08-20T11:40:32.425Z] [Late-Dbg] User 61 Final: LateCount=0, Amt=0, Days=0
[2026-08-20T11:40:32.554Z] [Late-Dbg] User 62 Final: LateCount=0, Amt=0, Days=0
[2026-08-20T11:40:32.614Z] [Late-Dbg] User 63 Final: LateCount=0, Amt=0, Days=0
[2026-08-20T11:40:32.683Z] [Late-Dbg] User 64 Final: LateCount=0, Amt=0, Days=0
[2026-08-20T11:40:32.836Z] [Late-Dbg] User 65 Final: LateCount=1, Amt=1133.33, Days=1
[2026-08-20T11:40:33.026Z] [Late-Dbg] User 68 Final: LateCount=0, Amt=0, Days=0
[2026-08-20T11:40:33.441Z] [Late-Dbg] User 69 Final: LateCount=0, Amt=0, Days=0
[2026-08-20T11:40:34.296Z] [Late-Dbg] User 70 Final: LateCount=0, Amt=0, Days=0
[2026-08-20T11:40:34.331Z] [Late-Dbg] User 98 Final: LateCount=0, Amt=0, Days=0
[2026-08-20T11:40:34.369Z] [Late-Dbg] User 103 Final: LateCount=0, Amt=0, Days=0
[2026-08-20T11:40:34.407Z] [Late-Dbg] User 107 Final: LateCount=0, Amt=0, Days=0
[2026-08-20T11:40:34.447Z] [Late-Dbg] User 108 Final: LateCount=0, Amt=0, Days=0
[2026-08-20T11:40:34.498Z] [Late-Dbg] User 109 Final: LateCount=0, Amt=0, Days=0
[2026-08-20T11:40:34.579Z] [Late-Dbg] User 182 Final: LateCount=0, Amt=0, Days=0
[2026-08-20T11:40:34.809Z] [Late-Dbg] User 185 Final: LateCount=0, Amt=0, Days=0
[2026-08-20T11:40:35.347Z] [Late-Dbg] User 186 Final: LateCount=0, Amt=0, Days=0
[2026-08-20T11:40:35.434Z] [Late-Dbg] User 188 Final: LateCount=0, Amt=0, Days=0
[2026-08-20T11:40:35.522Z] [Late-Dbg] User 195 Final: LateCount=0, Amt=0, Days=0
[2026-08-20T11:40:35.601Z] [Late-Dbg] User 196 Final: LateCount=0, Amt=0, Days=0
[2026-08-20T11:42:04.107Z] [Late-Dbg] User 57 Final: LateCount=0, Amt=0, Days=0
[2026-08-20T11:42:04.313Z] [Late-Dbg] User 58 Final: LateCount=1, Amt=0, Days=0
[2026-08-20T11:42:04.596Z] [Late-Dbg] User 59 Final: LateCount=2, Amt=583.33, Days=0.5
[2026-08-20T11:42:04.958Z] [Late-Dbg] User 61 Final: LateCount=0, Amt=0, Days=0
[2026-08-20T11:42:05.018Z] [Late-Dbg] User 62 Final: LateCount=0, Amt=0, Days=0
[2026-08-20T11:42:05.074Z] [Late-Dbg] User 63 Final: LateCount=0, Amt=0, Days=0
[2026-08-20T11:42:05.161Z] [Late-Dbg] User 64 Final: LateCount=0, Amt=0, Days=0
[2026-08-20T11:42:05.312Z] [Late-Dbg] User 65 Final: LateCount=1, Amt=1133.33, Days=1
[2026-08-20T11:42:05.429Z] [Late-Dbg] User 68 Final: LateCount=0, Amt=0, Days=0
[2026-08-20T11:42:05.879Z] [Late-Dbg] User 69 Final: LateCount=0, Amt=0, Days=0
[2026-08-20T11:42:06.876Z] [Late-Dbg] User 70 Final: LateCount=0, Amt=0, Days=0
[2026-08-20T11:42:06.924Z] [Late-Dbg] User 98 Final: LateCount=0, Amt=0, Days=0
[2026-08-20T11:42:06.982Z] [Late-Dbg] User 103 Final: LateCount=0, Amt=0, Days=0
[2026-08-20T11:42:07.079Z] [Late-Dbg] User 107 Final: LateCount=0, Amt=0, Days=0
[2026-08-20T11:42:07.130Z] [Late-Dbg] User 108 Final: LateCount=0, Amt=0, Days=0
[2026-08-20T11:42:07.174Z] [Late-Dbg] User 109 Final: LateCount=0, Amt=0, Days=0
[2026-08-20T11:42:07.260Z] [Late-Dbg] User 182 Final: LateCount=0, Amt=0, Days=0
[2026-08-20T11:42:07.512Z] [Late-Dbg] User 185 Final: LateCount=0, Amt=0, Days=0
[2026-08-20T11:42:07.999Z] [Late-Dbg] User 186 Final: LateCount=0, Amt=0, Days=0
[2026-08-20T11:42:08.057Z] [Late-Dbg] User 188 Final: LateCount=0, Amt=0, Days=0
[2026-08-20T11:42:08.111Z] [Late-Dbg] User 195 Final: LateCount=0, Amt=0, Days=0
[2026-08-20T11:42:08.157Z] [Late-Dbg] User 196 Final: LateCount=0, Amt=0, Days=0
[2026-08-20T11:46:23.186Z] [Late-Dbg] User 57 Final: LateCount=0, Amt=0, Days=0
[2026-08-20T11:46:23.443Z] [Late-Dbg] User 58 Final: LateCount=1, Amt=0, Days=0
[2026-08-20T11:46:23.711Z] [Late-Dbg] User 59 Final: LateCount=2, Amt=583.33, Days=0.5
[2026-08-20T11:46:24.012Z] [Late-Dbg] User 61 Final: LateCount=0, Amt=0, Days=0
[2026-08-20T11:46:24.080Z] [Late-Dbg] User 62 Final: LateCount=0, Amt=0, Days=0
[2026-08-20T11:46:24.141Z] [Late-Dbg] User 63 Final: LateCount=0, Amt=0, Days=0
[2026-08-20T11:46:24.240Z] [Late-Dbg] User 64 Final: LateCount=0, Amt=0, Days=0
[2026-08-20T11:46:24.466Z] [Late-Dbg] User 65 Final: LateCount=1, Amt=1133.33, Days=1
[2026-08-20T11:46:24.570Z] [Late-Dbg] User 68 Final: LateCount=0, Amt=0, Days=0
[2026-08-20T11:46:24.884Z] [Late-Dbg] User 69 Final: LateCount=0, Amt=0, Days=0
[2026-08-20T11:46:25.750Z] [Late-Dbg] User 70 Final: LateCount=0, Amt=0, Days=0
[2026-08-20T11:46:25.803Z] [Late-Dbg] User 98 Final: LateCount=0, Amt=0, Days=0
[2026-08-20T11:46:25.850Z] [Late-Dbg] User 103 Final: LateCount=0, Amt=0, Days=0
[2026-08-20T11:46:25.898Z] [Late-Dbg] User 107 Final: LateCount=0, Amt=0, Days=0
[2026-08-20T11:46:25.950Z] [Late-Dbg] User 108 Final: LateCount=0, Amt=0, Days=0
[2026-08-20T11:46:26.004Z] [Late-Dbg] User 109 Final: LateCount=0, Amt=0, Days=0
[2026-08-20T11:46:26.169Z] [Late-Dbg] User 182 Final: LateCount=0, Amt=0, Days=0
[2026-08-20T11:46:26.454Z] [Late-Dbg] User 185 Final: LateCount=0, Amt=0, Days=0
[2026-08-20T11:46:27.048Z] [Late-Dbg] User 186 Final: LateCount=0, Amt=0, Days=0
[2026-08-20T11:46:27.108Z] [Late-Dbg] User 188 Final: LateCount=0, Amt=0, Days=0
[2026-08-20T11:46:27.168Z] [Late-Dbg] User 195 Final: LateCount=0, Amt=0, Days=0
[2026-08-20T11:46:27.228Z] [Late-Dbg] User 196 Final: LateCount=0, Amt=0, Days=0
[2026-08-20T12:01:25.307Z] [User 195] calculateSalary (Live): lpResult: {"latePunchInMinutes":0,"latePunchInPenalty":0,"latePenaltyDays":0,"lateCount":0,"lateDetails":[]}
[2026-08-20T12:01:25.625Z] [User 195] calculateSalary (Live): lpResult: {"latePunchInMinutes":0,"latePunchInPenalty":0,"latePenaltyDays":0,"lateCount":0,"lateDetails":[]}
[Bonus] User 195: Rule=rule3, Tenure=7mo, PaidBefore=0mo, NewPaid=7mo, Bonus=2548.79
[2026-08-20T12:01:25.740Z] [User 195] calculateSalary (Live): lpResult: {"latePunchInMinutes":0,"latePunchInPenalty":0,"latePenaltyDays":0,"lateCount":0,"lateDetails":[]}
[2026-08-20T12:01:25.814Z] [User 195] calculateSalary (Live): lpResult: {"latePunchInMinutes":0,"latePunchInPenalty":0,"latePenaltyDays":0,"lateCount":0,"lateDetails":[]}
[2026-08-20T12:03:59.228Z] [Late-Dbg] User 57 Final: LateCount=0, Amt=0, Days=0
[2026-08-20T12:03:59.492Z] [Late-Dbg] User 58 Final: LateCount=1, Amt=0, Days=0
[2026-08-20T12:03:59.673Z] [Late-Dbg] User 59 Final: LateCount=2, Amt=583.33, Days=0.5
[2026-08-20T12:03:59.964Z] [Late-Dbg] User 61 Final: LateCount=0, Amt=0, Days=0
[2026-08-20T12:04:00.140Z] [Late-Dbg] User 62 Final: LateCount=0, Amt=0, Days=0
[2026-08-20T12:04:00.195Z] [Late-Dbg] User 63 Final: LateCount=0, Amt=0, Days=0
[2026-08-20T12:04:00.280Z] [Late-Dbg] User 64 Final: LateCount=0, Amt=0, Days=0
[2026-08-20T12:04:00.422Z] [Late-Dbg] User 65 Final: LateCount=1, Amt=1133.33, Days=1
[2026-08-20T12:04:00.573Z] [Late-Dbg] User 68 Final: LateCount=0, Amt=0, Days=0
[2026-08-20T12:04:01.026Z] [Late-Dbg] User 69 Final: LateCount=0, Amt=0, Days=0
[2026-08-20T12:04:01.970Z] [Late-Dbg] User 70 Final: LateCount=0, Amt=0, Days=0
[2026-08-20T12:04:02.024Z] [Late-Dbg] User 98 Final: LateCount=0, Amt=0, Days=0
[2026-08-20T12:04:02.083Z] [Late-Dbg] User 103 Final: LateCount=0, Amt=0, Days=0
[2026-08-20T12:04:02.140Z] [Late-Dbg] User 107 Final: LateCount=0, Amt=0, Days=0
[2026-08-20T12:04:02.201Z] [Late-Dbg] User 108 Final: LateCount=0, Amt=0, Days=0
[2026-08-20T12:04:02.245Z] [Late-Dbg] User 109 Final: LateCount=0, Amt=0, Days=0
[2026-08-20T12:04:02.339Z] [Late-Dbg] User 182 Final: LateCount=0, Amt=0, Days=0
[2026-08-20T12:04:02.648Z] [Late-Dbg] User 185 Final: LateCount=0, Amt=0, Days=0
[2026-08-20T12:04:03.261Z] [Late-Dbg] User 186 Final: LateCount=0, Amt=0, Days=0
[2026-08-20T12:04:03.318Z] [Late-Dbg] User 188 Final: LateCount=0, Amt=0, Days=0
[2026-08-20T12:04:03.379Z] [Late-Dbg] User 195 Final: LateCount=0, Amt=0, Days=0
[2026-08-20T12:04:03.444Z] [Late-Dbg] User 196 Final: LateCount=0, Amt=0, Days=0
[2026-08-22T05:59:34.901Z] [Late-Dbg] User 57 Final: LateCount=0, Amt=0, Days=0
[2026-08-22T05:59:35.192Z] [Late-Dbg] User 58 Final: LateCount=1, Amt=0, Days=0
[2026-08-22T05:59:35.457Z] [Late-Dbg] User 59 Final: LateCount=2, Amt=583.33, Days=0.5
[2026-08-22T05:59:35.748Z] [Late-Dbg] User 61 Final: LateCount=0, Amt=0, Days=0
[2026-08-22T05:59:35.799Z] [Late-Dbg] User 62 Final: LateCount=0, Amt=0, Days=0
[2026-08-22T05:59:35.857Z] [Late-Dbg] User 63 Final: LateCount=0, Amt=0, Days=0
[2026-08-22T05:59:35.973Z] [Late-Dbg] User 64 Final: LateCount=0, Amt=0, Days=0
[2026-08-22T05:59:36.126Z] [Late-Dbg] User 65 Final: LateCount=1, Amt=1133.33, Days=1
[2026-08-22T05:59:36.247Z] [Late-Dbg] User 68 Final: LateCount=0, Amt=0, Days=0
[2026-08-22T05:59:36.691Z] [Late-Dbg] User 69 Final: LateCount=0, Amt=0, Days=0
[2026-08-22T05:59:37.711Z] [Late-Dbg] User 70 Final: LateCount=0, Amt=0, Days=0
[2026-08-22T05:59:37.761Z] [Late-Dbg] User 98 Final: LateCount=0, Amt=0, Days=0
[2026-08-22T05:59:37.812Z] [Late-Dbg] User 103 Final: LateCount=0, Amt=0, Days=0
[2026-08-22T05:59:37.858Z] [Late-Dbg] User 107 Final: LateCount=0, Amt=0, Days=0
[2026-08-22T05:59:37.904Z] [Late-Dbg] User 108 Final: LateCount=0, Amt=0, Days=0
[2026-08-22T05:59:37.962Z] [Late-Dbg] User 109 Final: LateCount=0, Amt=0, Days=0
[2026-08-22T05:59:38.057Z] [Late-Dbg] User 182 Final: LateCount=0, Amt=0, Days=0
[2026-08-22T05:59:38.366Z] [Late-Dbg] User 185 Final: LateCount=0, Amt=0, Days=0
[2026-08-22T05:59:38.925Z] [Late-Dbg] User 186 Final: LateCount=0, Amt=0, Days=0
[2026-08-22T05:59:38.964Z] [Late-Dbg] User 188 Final: LateCount=0, Amt=0, Days=0
[2026-08-22T05:59:39.023Z] [Late-Dbg] User 195 Final: LateCount=0, Amt=0, Days=0
[2026-08-22T05:59:39.065Z] [Late-Dbg] User 196 Final: LateCount=0, Amt=0, Days=0
[2026-09-02T06:16:37.248Z] [Late-Dbg] User 57 Final: LateCount=0, Amt=0, Days=0
[2026-09-02T06:16:37.422Z] [Late-Dbg] User 58 Final: LateCount=1, Amt=0, Days=0
[2026-09-02T06:16:37.659Z] [Late-Dbg] User 59 Final: LateCount=0, Amt=0, Days=0
[2026-09-02T06:16:37.717Z] [Late-Dbg] User 61 Final: LateCount=0, Amt=0, Days=0
[2026-09-02T06:16:37.772Z] [Late-Dbg] User 62 Final: LateCount=0, Amt=0, Days=0
[2026-09-02T06:16:37.829Z] [Late-Dbg] User 63 Final: LateCount=0, Amt=0, Days=0
[2026-09-02T06:16:37.879Z] [Late-Dbg] User 64 Final: LateCount=0, Amt=0, Days=0
[2026-09-02T06:16:37.920Z] [Late-Dbg] User 65 Final: LateCount=0, Amt=0, Days=0
[2026-09-02T06:16:37.960Z] [Late-Dbg] User 68 Final: LateCount=0, Amt=0, Days=0
[2026-09-02T06:16:38.005Z] [Late-Dbg] User 69 Final: LateCount=0, Amt=0, Days=0
[2026-09-02T06:16:38.060Z] [Late-Dbg] User 70 Final: LateCount=0, Amt=0, Days=0
[2026-09-02T06:16:38.111Z] [Late-Dbg] User 98 Final: LateCount=0, Amt=0, Days=0
[2026-09-02T06:16:38.162Z] [Late-Dbg] User 103 Final: LateCount=0, Amt=0, Days=0
[2026-09-02T06:16:38.201Z] [Late-Dbg] User 107 Final: LateCount=0, Amt=0, Days=0
[2026-09-02T06:16:38.250Z] [Late-Dbg] User 108 Final: LateCount=0, Amt=0, Days=0
[2026-09-02T06:16:38.305Z] [Late-Dbg] User 109 Final: LateCount=0, Amt=0, Days=0
[2026-09-02T06:16:38.357Z] [Late-Dbg] User 182 Final: LateCount=0, Amt=0, Days=0
[2026-09-02T06:16:38.399Z] [Late-Dbg] User 185 Final: LateCount=0, Amt=0, Days=0
[Admin-Bonus] SKIP: User 185, Rule Active=true, RuleMonth=2026-07, TargetMonth=2026-08
[2026-09-02T06:16:38.450Z] [Late-Dbg] User 186 Final: LateCount=0, Amt=0, Days=0
[2026-09-02T06:16:38.492Z] [Late-Dbg] User 188 Final: LateCount=0, Amt=0, Days=0
[2026-09-02T06:16:38.581Z] [Late-Dbg] User 195 Final: LateCount=0, Amt=0, Days=0
[Admin-Bonus] SKIP: User 195, Rule Active=true, RuleMonth=2026-07, TargetMonth=2026-08
[2026-09-02T06:16:38.680Z] [Late-Dbg] User 196 Final: LateCount=0, Amt=0, Days=0
[Admin-Bonus] SKIP: User 196, Rule Active=true, RuleMonth=2026-07, TargetMonth=2026-08
[2026-09-02T06:49:36.186Z] [Late-Dbg] User 57 Final: LateCount=0, Amt=0, Days=0
[2026-09-02T06:49:36.349Z] [Late-Dbg] User 58 Final: LateCount=1, Amt=0, Days=0
[2026-09-02T06:49:36.460Z] [Late-Dbg] User 59 Final: LateCount=0, Amt=0, Days=0
[2026-09-02T06:49:36.499Z] [Late-Dbg] User 61 Final: LateCount=0, Amt=0, Days=0
[2026-09-02T06:49:36.538Z] [Late-Dbg] User 62 Final: LateCount=0, Amt=0, Days=0
[2026-09-02T06:49:36.574Z] [Late-Dbg] User 63 Final: LateCount=0, Amt=0, Days=0
[2026-09-02T06:49:36.613Z] [Late-Dbg] User 64 Final: LateCount=0, Amt=0, Days=0
[2026-09-02T06:49:36.648Z] [Late-Dbg] User 65 Final: LateCount=0, Amt=0, Days=0
[2026-09-02T06:49:36.701Z] [Late-Dbg] User 68 Final: LateCount=0, Amt=0, Days=0
[2026-09-02T06:49:36.734Z] [Late-Dbg] User 69 Final: LateCount=0, Amt=0, Days=0
[2026-09-02T06:49:36.770Z] [Late-Dbg] User 70 Final: LateCount=0, Amt=0, Days=0
[2026-09-02T06:49:36.807Z] [Late-Dbg] User 98 Final: LateCount=0, Amt=0, Days=0
[2026-09-02T06:49:36.844Z] [Late-Dbg] User 103 Final: LateCount=0, Amt=0, Days=0
[2026-09-02T06:49:36.880Z] [Late-Dbg] User 107 Final: LateCount=0, Amt=0, Days=0
[2026-09-02T06:49:36.918Z] [Late-Dbg] User 108 Final: LateCount=0, Amt=0, Days=0
[2026-09-02T06:49:36.954Z] [Late-Dbg] User 109 Final: LateCount=0, Amt=0, Days=0
[2026-09-02T06:49:36.999Z] [Late-Dbg] User 182 Final: LateCount=0, Amt=0, Days=0
[2026-09-02T06:49:37.036Z] [Late-Dbg] User 185 Final: LateCount=0, Amt=0, Days=0
[Admin-Bonus] SKIP: User 185, Rule Active=true, RuleMonth=2026-07, TargetMonth=2026-08
[2026-09-02T06:49:37.078Z] [Late-Dbg] User 186 Final: LateCount=0, Amt=0, Days=0
[2026-09-02T06:49:37.108Z] [Late-Dbg] User 188 Final: LateCount=0, Amt=0, Days=0
[2026-09-02T06:49:37.154Z] [Late-Dbg] User 195 Final: LateCount=0, Amt=0, Days=0
[Admin-Bonus] SKIP: User 195, Rule Active=true, RuleMonth=2026-07, TargetMonth=2026-08
[2026-09-02T06:49:37.240Z] [Late-Dbg] User 196 Final: LateCount=0, Amt=0, Days=0
[Admin-Bonus] SKIP: User 196, Rule Active=true, RuleMonth=2026-07, TargetMonth=2026-08
[2026-09-02T07:13:27.876Z] [Late-Dbg] User 57 Final: LateCount=0, Amt=0, Days=0
[2026-09-02T07:13:28.103Z] [Late-Dbg] User 58 Final: LateCount=1, Amt=0, Days=0
[2026-09-02T07:13:28.205Z] [Late-Dbg] User 59 Final: LateCount=0, Amt=0, Days=0
[2026-09-02T07:13:28.244Z] [Late-Dbg] User 61 Final: LateCount=0, Amt=0, Days=0
[2026-09-02T07:13:28.285Z] [Late-Dbg] User 62 Final: LateCount=0, Amt=0, Days=0
[2026-09-02T07:13:28.321Z] [Late-Dbg] User 63 Final: LateCount=0, Amt=0, Days=0
[2026-09-02T07:13:28.374Z] [Late-Dbg] User 64 Final: LateCount=0, Amt=0, Days=0
[2026-09-02T07:13:28.408Z] [Late-Dbg] User 65 Final: LateCount=0, Amt=0, Days=0
[2026-09-02T07:13:28.447Z] [Late-Dbg] User 68 Final: LateCount=0, Amt=0, Days=0
[2026-09-02T07:13:28.484Z] [Late-Dbg] User 69 Final: LateCount=0, Amt=0, Days=0
[2026-09-02T07:13:28.518Z] [Late-Dbg] User 70 Final: LateCount=0, Amt=0, Days=0
[2026-09-02T07:13:28.552Z] [Late-Dbg] User 98 Final: LateCount=0, Amt=0, Days=0
[2026-09-02T07:13:28.587Z] [Late-Dbg] User 103 Final: LateCount=0, Amt=0, Days=0
[2026-09-02T07:13:28.619Z] [Late-Dbg] User 107 Final: LateCount=0, Amt=0, Days=0
[2026-09-02T07:13:28.653Z] [Late-Dbg] User 108 Final: LateCount=0, Amt=0, Days=0
[2026-09-02T07:13:28.688Z] [Late-Dbg] User 109 Final: LateCount=0, Amt=0, Days=0
[2026-09-02T07:13:28.731Z] [Late-Dbg] User 182 Final: LateCount=0, Amt=0, Days=0
[2026-09-02T07:13:28.764Z] [Late-Dbg] User 185 Final: LateCount=0, Amt=0, Days=0
[Admin-Bonus] SKIP: User 185, Rule Active=true, RuleMonth=2026-07, TargetMonth=2026-08
[2026-09-02T07:13:28.804Z] [Late-Dbg] User 186 Final: LateCount=0, Amt=0, Days=0
[2026-09-02T07:13:28.835Z] [Late-Dbg] User 188 Final: LateCount=0, Amt=0, Days=0
[2026-09-02T07:13:28.887Z] [Late-Dbg] User 195 Final: LateCount=0, Amt=0, Days=0
[Admin-Bonus] SKIP: User 195, Rule Active=true, RuleMonth=2026-07, TargetMonth=2026-08
[2026-09-02T07:13:28.971Z] [Late-Dbg] User 196 Final: LateCount=0, Amt=0, Days=0
[Admin-Bonus] SKIP: User 196, Rule Active=true, RuleMonth=2026-07, TargetMonth=2026-08
[2026-09-02T07:13:31.555Z] [User 57] calculateSalary (Existing): lpResult: {"latePunchInMinutes":0,"latePunchInPenalty":0,"latePenaltyDays":0,"lateCount":0,"lateDetails":[]}
[2026-09-02T07:14:35.520Z] [User 57] calculateSalary (Existing): lpResult: {"latePunchInMinutes":0,"latePunchInPenalty":0,"latePenaltyDays":0,"lateCount":0,"lateDetails":[]}
[2026-09-02T11:56:24.191Z] [Late-Dbg] User 57 Final: LateCount=0, Amt=0, Days=0
[2026-09-02T11:56:24.375Z] [Late-Dbg] User 58 Final: LateCount=1, Amt=0, Days=0
[2026-09-02T11:56:24.589Z] [Late-Dbg] User 59 Final: LateCount=0, Amt=0, Days=0
[2026-09-02T11:56:24.655Z] [Late-Dbg] User 61 Final: LateCount=0, Amt=0, Days=0
[2026-09-02T11:56:24.720Z] [Late-Dbg] User 62 Final: LateCount=0, Amt=0, Days=0
[2026-09-02T11:56:24.783Z] [Late-Dbg] User 63 Final: LateCount=0, Amt=0, Days=0
[2026-09-02T11:56:24.850Z] [Late-Dbg] User 64 Final: LateCount=0, Amt=0, Days=0
[2026-09-02T11:56:24.913Z] [Late-Dbg] User 65 Final: LateCount=0, Amt=0, Days=0
[2026-09-02T11:56:24.984Z] [Late-Dbg] User 68 Final: LateCount=0, Amt=0, Days=0
[2026-09-02T11:56:25.058Z] [Late-Dbg] User 69 Final: LateCount=0, Amt=0, Days=0
[2026-09-02T11:56:25.120Z] [Late-Dbg] User 70 Final: LateCount=0, Amt=0, Days=0
[2026-09-02T11:56:25.271Z] [Late-Dbg] User 98 Final: LateCount=0, Amt=0, Days=0
[2026-09-02T11:56:25.338Z] [Late-Dbg] User 103 Final: LateCount=0, Amt=0, Days=0
[2026-09-02T11:56:25.394Z] [Late-Dbg] User 107 Final: LateCount=0, Amt=0, Days=0
[2026-09-02T11:56:25.454Z] [Late-Dbg] User 108 Final: LateCount=0, Amt=0, Days=0
[2026-09-02T11:56:25.516Z] [Late-Dbg] User 109 Final: LateCount=0, Amt=0, Days=0
[2026-09-02T11:56:25.580Z] [Late-Dbg] User 182 Final: LateCount=0, Amt=0, Days=0
[2026-09-02T11:56:25.645Z] [Late-Dbg] User 185 Final: LateCount=0, Amt=0, Days=0
[Admin-Bonus] SKIP: User 185, Rule Active=true, RuleMonth=2026-07, TargetMonth=2026-08
[2026-09-02T11:56:25.724Z] [Late-Dbg] User 186 Final: LateCount=0, Amt=0, Days=0
[2026-09-02T11:56:25.785Z] [Late-Dbg] User 188 Final: LateCount=0, Amt=0, Days=0
[2026-09-02T11:56:25.866Z] [Late-Dbg] User 195 Final: LateCount=0, Amt=0, Days=0
[Admin-Bonus] SKIP: User 195, Rule Active=true, RuleMonth=2026-07, TargetMonth=2026-08
[2026-09-02T11:56:26.020Z] [Late-Dbg] User 196 Final: LateCount=0, Amt=0, Days=0
[Admin-Bonus] SKIP: User 196, Rule Active=true, RuleMonth=2026-07, TargetMonth=2026-08
[2026-09-02T12:01:13.826Z] [Late-Dbg] User 57 Final: LateCount=0, Amt=0, Days=0
[2026-09-02T12:01:13.922Z] [Late-Dbg] User 58 Final: LateCount=0, Amt=0, Days=0
[2026-09-02T12:01:14.006Z] [Late-Dbg] User 59 Final: LateCount=0, Amt=0, Days=0
[2026-09-02T12:01:14.070Z] [Late-Dbg] User 61 Final: LateCount=0, Amt=0, Days=0
[2026-09-02T12:01:14.128Z] [Late-Dbg] User 62 Final: LateCount=0, Amt=0, Days=0
[2026-09-02T12:01:14.185Z] [Late-Dbg] User 63 Final: LateCount=0, Amt=0, Days=0
[2026-09-02T12:01:14.235Z] [Late-Dbg] User 64 Final: LateCount=0, Amt=0, Days=0
[2026-09-02T12:01:14.287Z] [Late-Dbg] User 65 Final: LateCount=0, Amt=0, Days=0
[2026-09-02T12:01:14.343Z] [Late-Dbg] User 68 Final: LateCount=0, Amt=0, Days=0
[2026-09-02T12:01:14.386Z] [Late-Dbg] User 69 Final: LateCount=0, Amt=0, Days=0
[2026-09-02T12:01:14.439Z] [Late-Dbg] User 70 Final: LateCount=0, Amt=0, Days=0
[2026-09-02T12:01:14.485Z] [Late-Dbg] User 98 Final: LateCount=0, Amt=0, Days=0
[2026-09-02T12:01:14.533Z] [Late-Dbg] User 103 Final: LateCount=0, Amt=0, Days=0
[2026-09-02T12:01:14.596Z] [Late-Dbg] User 107 Final: LateCount=0, Amt=0, Days=0
[2026-09-02T12:01:14.709Z] [Late-Dbg] User 108 Final: LateCount=0, Amt=0, Days=0
[2026-09-02T12:01:14.815Z] [Late-Dbg] User 109 Final: LateCount=0, Amt=0, Days=0
[2026-09-02T12:01:14.870Z] [Late-Dbg] User 182 Final: LateCount=0, Amt=0, Days=0
[2026-09-02T12:01:14.928Z] [Late-Dbg] User 185 Final: LateCount=0, Amt=0, Days=0
[Admin-Bonus] SKIP: User 185, Rule Active=true, RuleMonth=2026-07, TargetMonth=2026-09
[2026-09-02T12:01:14.998Z] [Late-Dbg] User 186 Final: LateCount=0, Amt=0, Days=0
[2026-09-02T12:01:15.051Z] [Late-Dbg] User 188 Final: LateCount=0, Amt=0, Days=0
[2026-09-02T12:01:15.107Z] [Late-Dbg] User 195 Final: LateCount=0, Amt=0, Days=0
[Admin-Bonus] SKIP: User 195, Rule Active=true, RuleMonth=2026-07, TargetMonth=2026-09
[2026-09-02T12:01:15.158Z] [Late-Dbg] User 196 Final: LateCount=0, Amt=0, Days=0
[Admin-Bonus] SKIP: User 196, Rule Active=true, RuleMonth=2026-07, TargetMonth=2026-09
[2026-09-03T06:11:10.119Z] [Late-Dbg] User 57 Final: LateCount=0, Amt=0, Days=0
[2026-09-03T06:11:10.265Z] [Late-Dbg] User 58 Final: LateCount=1, Amt=0, Days=0
[2026-09-03T06:11:10.467Z] [Late-Dbg] User 59 Final: LateCount=0, Amt=0, Days=0
[2026-09-03T06:11:10.549Z] [Late-Dbg] User 61 Final: LateCount=0, Amt=0, Days=0
[2026-09-03T06:11:10.625Z] [Late-Dbg] User 62 Final: LateCount=0, Amt=0, Days=0
[2026-09-03T06:11:10.705Z] [Late-Dbg] User 63 Final: LateCount=0, Amt=0, Days=0
[2026-09-03T06:11:10.802Z] [Late-Dbg] User 64 Final: LateCount=0, Amt=0, Days=0
[2026-09-03T06:11:10.878Z] [Late-Dbg] User 65 Final: LateCount=0, Amt=0, Days=0
[2026-09-03T06:11:10.952Z] [Late-Dbg] User 68 Final: LateCount=0, Amt=0, Days=0
[2026-09-03T06:11:11.033Z] [Late-Dbg] User 69 Final: LateCount=0, Amt=0, Days=0
[2026-09-03T06:11:11.116Z] [Late-Dbg] User 70 Final: LateCount=0, Amt=0, Days=0
[2026-09-03T06:11:11.187Z] [Late-Dbg] User 98 Final: LateCount=0, Amt=0, Days=0
[2026-09-03T06:11:11.263Z] [Late-Dbg] User 103 Final: LateCount=0, Amt=0, Days=0
[2026-09-03T06:11:11.333Z] [Late-Dbg] User 107 Final: LateCount=0, Amt=0, Days=0
[2026-09-03T06:11:11.403Z] [Late-Dbg] User 108 Final: LateCount=0, Amt=0, Days=0
[2026-09-03T06:11:11.480Z] [Late-Dbg] User 109 Final: LateCount=0, Amt=0, Days=0
[2026-09-03T06:11:11.608Z] [Late-Dbg] User 182 Final: LateCount=0, Amt=0, Days=0
[2026-09-03T06:11:11.664Z] [Late-Dbg] User 185 Final: LateCount=0, Amt=0, Days=0
[Admin-Bonus] SKIP: User 185, Rule Active=true, RuleMonth=2026-07, TargetMonth=2026-08
[2026-09-03T06:11:11.732Z] [Late-Dbg] User 186 Final: LateCount=0, Amt=0, Days=0
[2026-09-03T06:11:11.794Z] [Late-Dbg] User 188 Final: LateCount=0, Amt=0, Days=0
[2026-09-03T06:11:11.867Z] [Late-Dbg] User 195 Final: LateCount=0, Amt=0, Days=0
[Admin-Bonus] SKIP: User 195, Rule Active=true, RuleMonth=2026-07, TargetMonth=2026-08
[2026-09-03T06:11:12.009Z] [Late-Dbg] User 196 Final: LateCount=0, Amt=0, Days=0
[Admin-Bonus] SKIP: User 196, Rule Active=true, RuleMonth=2026-07, TargetMonth=2026-08
[2026-09-03T07:28:44.126Z] [Late-Dbg] User 57 Final: LateCount=0, Amt=0, Days=0
[2026-09-03T07:28:44.246Z] [Late-Dbg] User 58 Final: LateCount=0, Amt=0, Days=0
[2026-09-03T07:28:44.322Z] [Late-Dbg] User 59 Final: LateCount=0, Amt=0, Days=0
[2026-09-03T07:28:44.395Z] [Late-Dbg] User 61 Final: LateCount=0, Amt=0, Days=0
[2026-09-03T07:28:44.459Z] [Late-Dbg] User 62 Final: LateCount=0, Amt=0, Days=0
[2026-09-03T07:28:44.519Z] [Late-Dbg] User 63 Final: LateCount=0, Amt=0, Days=0
[2026-09-03T07:28:44.613Z] [Late-Dbg] User 64 Final: LateCount=0, Amt=0, Days=0
[2026-09-03T07:28:44.804Z] [Late-Dbg] User 65 Final: LateCount=0, Amt=0, Days=0
[2026-09-03T07:28:44.930Z] [Late-Dbg] User 68 Final: LateCount=0, Amt=0, Days=0
[2026-09-03T07:28:44.997Z] [Late-Dbg] User 69 Final: LateCount=0, Amt=0, Days=0
[2026-09-03T07:28:45.118Z] [Late-Dbg] User 70 Final: LateCount=0, Amt=0, Days=0
[2026-09-03T07:28:45.242Z] [Late-Dbg] User 98 Final: LateCount=0, Amt=0, Days=0
[2026-09-03T07:28:45.361Z] [Late-Dbg] User 103 Final: LateCount=0, Amt=0, Days=0
[2026-09-03T07:28:45.479Z] [Late-Dbg] User 107 Final: LateCount=0, Amt=0, Days=0
[2026-09-03T07:28:45.667Z] [Late-Dbg] User 108 Final: LateCount=0, Amt=0, Days=0
[2026-09-03T07:28:45.733Z] [Late-Dbg] User 109 Final: LateCount=0, Amt=0, Days=0
[2026-09-03T07:28:45.791Z] [Late-Dbg] User 182 Final: LateCount=0, Amt=0, Days=0
[2026-09-03T07:28:45.848Z] [Late-Dbg] User 185 Final: LateCount=0, Amt=0, Days=0
[Admin-Bonus] SKIP: User 185, Rule Active=true, RuleMonth=2026-07, TargetMonth=2026-09
[2026-09-03T07:28:45.916Z] [Late-Dbg] User 186 Final: LateCount=0, Amt=0, Days=0
[2026-09-03T07:28:45.973Z] [Late-Dbg] User 188 Final: LateCount=0, Amt=0, Days=0
[2026-09-03T07:28:46.030Z] [Late-Dbg] User 195 Final: LateCount=0, Amt=0, Days=0
[Admin-Bonus] SKIP: User 195, Rule Active=true, RuleMonth=2026-07, TargetMonth=2026-09
[2026-09-03T07:28:46.110Z] [Late-Dbg] User 196 Final: LateCount=0, Amt=0, Days=0
[Admin-Bonus] SKIP: User 196, Rule Active=true, RuleMonth=2026-07, TargetMonth=2026-09
[2026-09-03T07:29:02.058Z] [Late-Dbg] User 57 Final: LateCount=0, Amt=0, Days=0
[2026-09-03T07:29:02.220Z] [Late-Dbg] User 58 Final: LateCount=1, Amt=0, Days=0
[2026-09-03T07:29:02.449Z] [Late-Dbg] User 59 Final: LateCount=0, Amt=0, Days=0
[2026-09-03T07:29:02.505Z] [Late-Dbg] User 61 Final: LateCount=0, Amt=0, Days=0
[2026-09-03T07:29:02.564Z] [Late-Dbg] User 62 Final: LateCount=0, Amt=0, Days=0
[2026-09-03T07:29:02.620Z] [Late-Dbg] User 63 Final: LateCount=0, Amt=0, Days=0
[2026-09-03T07:29:02.674Z] [Late-Dbg] User 64 Final: LateCount=0, Amt=0, Days=0
[2026-09-03T07:29:02.728Z] [Late-Dbg] User 65 Final: LateCount=0, Amt=0, Days=0
[2026-09-03T07:29:02.785Z] [Late-Dbg] User 68 Final: LateCount=0, Amt=0, Days=0
[2026-09-03T07:29:02.834Z] [Late-Dbg] User 69 Final: LateCount=0, Amt=0, Days=0
[2026-09-03T07:29:02.932Z] [Late-Dbg] User 70 Final: LateCount=0, Amt=0, Days=0
[2026-09-03T07:29:02.990Z] [Late-Dbg] User 98 Final: LateCount=0, Amt=0, Days=0
[2026-09-03T07:29:03.020Z] [Late-Dbg] User 103 Final: LateCount=0, Amt=0, Days=0
[2026-09-03T07:29:03.060Z] [Late-Dbg] User 107 Final: LateCount=0, Amt=0, Days=0
[2026-09-03T07:29:03.109Z] [Late-Dbg] User 108 Final: LateCount=0, Amt=0, Days=0
[2026-09-03T07:29:03.163Z] [Late-Dbg] User 109 Final: LateCount=0, Amt=0, Days=0
[2026-09-03T07:29:03.220Z] [Late-Dbg] User 182 Final: LateCount=0, Amt=0, Days=0
[2026-09-03T07:29:03.265Z] [Late-Dbg] User 185 Final: LateCount=0, Amt=0, Days=0
[Admin-Bonus] SKIP: User 185, Rule Active=true, RuleMonth=2026-07, TargetMonth=2026-08
[2026-09-03T07:29:03.326Z] [Late-Dbg] User 186 Final: LateCount=0, Amt=0, Days=0
[2026-09-03T07:29:03.378Z] [Late-Dbg] User 188 Final: LateCount=0, Amt=0, Days=0
[2026-09-03T07:29:03.442Z] [Late-Dbg] User 195 Final: LateCount=0, Amt=0, Days=0
[Admin-Bonus] SKIP: User 195, Rule Active=true, RuleMonth=2026-07, TargetMonth=2026-08
[2026-09-03T07:29:03.592Z] [Late-Dbg] User 196 Final: LateCount=0, Amt=0, Days=0
[Admin-Bonus] SKIP: User 196, Rule Active=true, RuleMonth=2026-07, TargetMonth=2026-08
[2026-09-03T07:37:56.953Z] [Late-Dbg] User 57 Final: LateCount=0, Amt=0, Days=0
[2026-09-03T07:37:57.038Z] [Late-Dbg] User 58 Final: LateCount=0, Amt=0, Days=0
[2026-09-03T07:37:57.076Z] [Late-Dbg] User 59 Final: LateCount=0, Amt=0, Days=0
[2026-09-03T07:37:57.110Z] [Late-Dbg] User 61 Final: LateCount=0, Amt=0, Days=0
[2026-09-03T07:37:57.147Z] [Late-Dbg] User 62 Final: LateCount=0, Amt=0, Days=0
[2026-09-03T07:37:57.185Z] [Late-Dbg] User 63 Final: LateCount=0, Amt=0, Days=0
[2026-09-03T07:37:57.218Z] [Late-Dbg] User 64 Final: LateCount=0, Amt=0, Days=0
[2026-09-03T07:37:57.269Z] [Late-Dbg] User 65 Final: LateCount=0, Amt=0, Days=0
[2026-09-03T07:37:57.317Z] [Late-Dbg] User 68 Final: LateCount=0, Amt=0, Days=0
[2026-09-03T07:37:57.364Z] [Late-Dbg] User 69 Final: LateCount=0, Amt=0, Days=0
[2026-09-03T07:37:57.441Z] [Late-Dbg] User 70 Final: LateCount=0, Amt=0, Days=0
[2026-09-03T07:37:57.477Z] [Late-Dbg] User 98 Final: LateCount=0, Amt=0, Days=0
[2026-09-03T07:37:57.513Z] [Late-Dbg] User 103 Final: LateCount=0, Amt=0, Days=0
[2026-09-03T07:37:57.552Z] [Late-Dbg] User 107 Final: LateCount=0, Amt=0, Days=0
[2026-09-03T07:37:57.600Z] [Late-Dbg] User 108 Final: LateCount=0, Amt=0, Days=0
[2026-09-03T07:37:57.649Z] [Late-Dbg] User 109 Final: LateCount=0, Amt=0, Days=0
[2026-09-03T07:37:57.701Z] [Late-Dbg] User 182 Final: LateCount=0, Amt=0, Days=0
[2026-09-03T07:37:57.739Z] [Late-Dbg] User 185 Final: LateCount=0, Amt=0, Days=0
[Admin-Bonus] SKIP: User 185, Rule Active=true, RuleMonth=2026-07, TargetMonth=2026-09
[2026-09-03T07:37:57.797Z] [Late-Dbg] User 186 Final: LateCount=0, Amt=0, Days=0
[2026-09-03T07:37:57.838Z] [Late-Dbg] User 188 Final: LateCount=0, Amt=0, Days=0
[2026-09-03T07:37:57.883Z] [Late-Dbg] User 195 Final: LateCount=0, Amt=0, Days=0
[Admin-Bonus] SKIP: User 195, Rule Active=true, RuleMonth=2026-07, TargetMonth=2026-09
[2026-09-03T07:37:57.986Z] [Late-Dbg] User 196 Final: LateCount=0, Amt=0, Days=0
[Admin-Bonus] SKIP: User 196, Rule Active=true, RuleMonth=2026-07, TargetMonth=2026-09
[2026-09-03T07:38:57.871Z] [Late-Dbg] User 57 Final: LateCount=0, Amt=0, Days=0
[2026-09-03T07:38:58.044Z] [Late-Dbg] User 58 Final: LateCount=0, Amt=0, Days=0
[2026-09-03T07:38:58.122Z] [Late-Dbg] User 59 Final: LateCount=0, Amt=0, Days=0
[2026-09-03T07:38:58.197Z] [Late-Dbg] User 61 Final: LateCount=0, Amt=0, Days=0
[2026-09-03T07:38:58.268Z] [Late-Dbg] User 62 Final: LateCount=0, Amt=0, Days=0
[2026-09-03T07:38:58.336Z] [Late-Dbg] User 63 Final: LateCount=0, Amt=0, Days=0
[2026-09-03T07:38:58.408Z] [Late-Dbg] User 64 Final: LateCount=0, Amt=0, Days=0
[2026-09-03T07:38:58.476Z] [Late-Dbg] User 65 Final: LateCount=0, Amt=0, Days=0
[2026-09-03T07:38:58.577Z] [Late-Dbg] User 68 Final: LateCount=0, Amt=0, Days=0
[2026-09-03T07:38:58.622Z] [Late-Dbg] User 69 Final: LateCount=0, Amt=0, Days=0
[2026-09-03T07:38:58.668Z] [Late-Dbg] User 70 Final: LateCount=0, Amt=0, Days=0
[2026-09-03T07:38:58.704Z] [Late-Dbg] User 98 Final: LateCount=0, Amt=0, Days=0
[2026-09-03T07:38:58.740Z] [Late-Dbg] User 103 Final: LateCount=0, Amt=0, Days=0
[2026-09-03T07:38:58.775Z] [Late-Dbg] User 107 Final: LateCount=0, Amt=0, Days=0
[2026-09-03T07:38:58.813Z] [Late-Dbg] User 108 Final: LateCount=0, Amt=0, Days=0
[2026-09-03T07:38:58.844Z] [Late-Dbg] User 109 Final: LateCount=0, Amt=0, Days=0
[2026-09-03T07:38:58.877Z] [Late-Dbg] User 182 Final: LateCount=0, Amt=0, Days=0
[2026-09-03T07:38:58.916Z] [Late-Dbg] User 185 Final: LateCount=0, Amt=0, Days=0
[Admin-Bonus] SKIP: User 185, Rule Active=true, RuleMonth=2026-07, TargetMonth=2026-09
[2026-09-03T07:38:58.965Z] [Late-Dbg] User 186 Final: LateCount=0, Amt=0, Days=0
[2026-09-03T07:38:58.998Z] [Late-Dbg] User 188 Final: LateCount=0, Amt=0, Days=0
[2026-09-03T07:38:59.029Z] [Late-Dbg] User 195 Final: LateCount=0, Amt=0, Days=0
[Admin-Bonus] SKIP: User 195, Rule Active=true, RuleMonth=2026-07, TargetMonth=2026-09
[2026-09-03T07:38:59.115Z] [Late-Dbg] User 196 Final: LateCount=0, Amt=0, Days=0
[Admin-Bonus] SKIP: User 196, Rule Active=true, RuleMonth=2026-07, TargetMonth=2026-09
[2026-09-03T07:48:34.439Z] [Late-Dbg] User 57 Final: LateCount=0, Amt=0, Days=0
[2026-09-03T07:48:34.548Z] [Late-Dbg] User 58 Final: LateCount=0, Amt=0, Days=0
[2026-09-03T07:48:34.606Z] [Late-Dbg] User 59 Final: LateCount=0, Amt=0, Days=0
[2026-09-03T07:48:34.674Z] [Late-Dbg] User 61 Final: LateCount=0, Amt=0, Days=0
[2026-09-03T07:48:34.729Z] [Late-Dbg] User 62 Final: LateCount=0, Amt=0, Days=0
[2026-09-03T07:48:34.793Z] [Late-Dbg] User 63 Final: LateCount=0, Amt=0, Days=0
[2026-09-03T07:48:34.851Z] [Late-Dbg] User 64 Final: LateCount=0, Amt=0, Days=0
[2026-09-03T07:48:34.906Z] [Late-Dbg] User 65 Final: LateCount=0, Amt=0, Days=0
[2026-09-03T07:48:34.966Z] [Late-Dbg] User 68 Final: LateCount=0, Amt=0, Days=0
[2026-09-03T07:48:35.021Z] [Late-Dbg] User 69 Final: LateCount=0, Amt=0, Days=0
[2026-09-03T07:48:35.080Z] [Late-Dbg] User 70 Final: LateCount=0, Amt=0, Days=0
[2026-09-03T07:48:35.159Z] [Late-Dbg] User 98 Final: LateCount=0, Amt=0, Days=0
[2026-09-03T07:48:35.215Z] [Late-Dbg] User 103 Final: LateCount=0, Amt=0, Days=0
[2026-09-03T07:48:35.266Z] [Late-Dbg] User 107 Final: LateCount=0, Amt=0, Days=0
[2026-09-03T07:48:35.323Z] [Late-Dbg] User 108 Final: LateCount=0, Amt=0, Days=0
[2026-09-03T07:48:35.463Z] [Late-Dbg] User 109 Final: LateCount=0, Amt=0, Days=0
[2026-09-03T07:48:35.525Z] [Late-Dbg] User 182 Final: LateCount=0, Amt=0, Days=0
[2026-09-03T07:48:35.560Z] [Late-Dbg] User 185 Final: LateCount=0, Amt=0, Days=0
[Admin-Bonus] SKIP: User 185, Rule Active=true, RuleMonth=2026-07, TargetMonth=2026-09
[2026-09-03T07:48:35.600Z] [Late-Dbg] User 186 Final: LateCount=0, Amt=0, Days=0
[2026-09-03T07:48:35.641Z] [Late-Dbg] User 188 Final: LateCount=0, Amt=0, Days=0
[2026-09-03T07:48:35.695Z] [Late-Dbg] User 195 Final: LateCount=0, Amt=0, Days=0
[Admin-Bonus] SKIP: User 195, Rule Active=true, RuleMonth=2026-07, TargetMonth=2026-09
[2026-09-03T07:48:35.848Z] [Late-Dbg] User 196 Final: LateCount=0, Amt=0, Days=0
[Admin-Bonus] SKIP: User 196, Rule Active=true, RuleMonth=2026-07, TargetMonth=2026-09
[2026-09-03T08:04:45.332Z] [Late-Dbg] User 57 Final: LateCount=0, Amt=0, Days=0
[2026-09-03T08:04:45.479Z] [Late-Dbg] User 58 Final: LateCount=0, Amt=0, Days=0
[2026-09-03T08:04:45.529Z] [Late-Dbg] User 59 Final: LateCount=0, Amt=0, Days=0
[2026-09-03T08:04:45.571Z] [Late-Dbg] User 61 Final: LateCount=0, Amt=0, Days=0
[2026-09-03T08:04:45.613Z] [Late-Dbg] User 62 Final: LateCount=0, Amt=0, Days=0
[2026-09-03T08:04:45.657Z] [Late-Dbg] User 63 Final: LateCount=0, Amt=0, Days=0
[2026-09-03T08:04:45.703Z] [Late-Dbg] User 64 Final: LateCount=0, Amt=0, Days=0
[2026-09-03T08:04:45.740Z] [Late-Dbg] User 65 Final: LateCount=0, Amt=0, Days=0
[2026-09-03T08:04:45.783Z] [Late-Dbg] User 68 Final: LateCount=0, Amt=0, Days=0
[2026-09-03T08:04:45.851Z] [Late-Dbg] User 69 Final: LateCount=0, Amt=0, Days=0
[2026-09-03T08:04:45.890Z] [Late-Dbg] User 70 Final: LateCount=0, Amt=0, Days=0
[2026-09-03T08:04:45.927Z] [Late-Dbg] User 98 Final: LateCount=0, Amt=0, Days=0
[2026-09-03T08:04:45.957Z] [Late-Dbg] User 103 Final: LateCount=0, Amt=0, Days=0
[2026-09-03T08:04:45.984Z] [Late-Dbg] User 107 Final: LateCount=0, Amt=0, Days=0
[2026-09-03T08:04:46.014Z] [Late-Dbg] User 108 Final: LateCount=0, Amt=0, Days=0
[2026-09-03T08:04:46.052Z] [Late-Dbg] User 109 Final: LateCount=0, Amt=0, Days=0
[2026-09-03T08:04:46.087Z] [Late-Dbg] User 182 Final: LateCount=0, Amt=0, Days=0
[2026-09-03T08:04:46.116Z] [Late-Dbg] User 185 Final: LateCount=0, Amt=0, Days=0
[Admin-Bonus] SKIP: User 185, Rule Active=true, RuleMonth=2026-07, TargetMonth=2026-09
[2026-09-03T08:04:46.154Z] [Late-Dbg] User 186 Final: LateCount=0, Amt=0, Days=0
[2026-09-03T08:04:46.182Z] [Late-Dbg] User 188 Final: LateCount=0, Amt=0, Days=0
[2026-09-03T08:04:46.213Z] [Late-Dbg] User 195 Final: LateCount=0, Amt=0, Days=0
[Admin-Bonus] SKIP: User 195, Rule Active=true, RuleMonth=2026-07, TargetMonth=2026-09
[2026-09-03T08:04:46.294Z] [Late-Dbg] User 196 Final: LateCount=0, Amt=0, Days=0
[Admin-Bonus] SKIP: User 196, Rule Active=true, RuleMonth=2026-07, TargetMonth=2026-09
[2026-09-03T08:17:01.066Z] [Late-Dbg] User 57 Final: LateCount=0, Amt=0, Days=0
[2026-09-03T08:17:01.176Z] [Late-Dbg] User 58 Final: LateCount=1, Amt=0, Days=0
[2026-09-03T08:17:01.288Z] [Late-Dbg] User 59 Final: LateCount=0, Amt=0, Days=0
[2026-09-03T08:17:01.320Z] [Late-Dbg] User 61 Final: LateCount=0, Amt=0, Days=0
[2026-09-03T08:17:01.359Z] [Late-Dbg] User 62 Final: LateCount=0, Amt=0, Days=0
[2026-09-03T08:17:01.389Z] [Late-Dbg] User 63 Final: LateCount=0, Amt=0, Days=0
[2026-09-03T08:17:01.419Z] [Late-Dbg] User 64 Final: LateCount=0, Amt=0, Days=0
[2026-09-03T08:17:01.444Z] [Late-Dbg] User 65 Final: LateCount=0, Amt=0, Days=0
[2026-09-03T08:17:01.469Z] [Late-Dbg] User 68 Final: LateCount=0, Amt=0, Days=0
[2026-09-03T08:17:01.491Z] [Late-Dbg] User 69 Final: LateCount=0, Amt=0, Days=0
[2026-09-03T08:17:01.521Z] [Late-Dbg] User 70 Final: LateCount=0, Amt=0, Days=0
[2026-09-03T08:17:01.552Z] [Late-Dbg] User 98 Final: LateCount=0, Amt=0, Days=0
[2026-09-03T08:17:01.574Z] [Late-Dbg] User 103 Final: LateCount=0, Amt=0, Days=0
[2026-09-03T08:17:01.600Z] [Late-Dbg] User 107 Final: LateCount=0, Amt=0, Days=0
[2026-09-03T08:17:01.620Z] [Late-Dbg] User 108 Final: LateCount=0, Amt=0, Days=0
[2026-09-03T08:17:01.644Z] [Late-Dbg] User 109 Final: LateCount=0, Amt=0, Days=0
[2026-09-03T08:17:01.669Z] [Late-Dbg] User 182 Final: LateCount=0, Amt=0, Days=0
[2026-09-03T08:17:01.692Z] [Late-Dbg] User 185 Final: LateCount=0, Amt=0, Days=0
[Admin-Bonus] SKIP: User 185, Rule Active=true, RuleMonth=2026-07, TargetMonth=2026-08
[2026-09-03T08:17:01.724Z] [Late-Dbg] User 186 Final: LateCount=0, Amt=0, Days=0
[2026-09-03T08:17:01.748Z] [Late-Dbg] User 188 Final: LateCount=0, Amt=0, Days=0
[2026-09-03T08:17:01.785Z] [Late-Dbg] User 195 Final: LateCount=0, Amt=0, Days=0
[Admin-Bonus] SKIP: User 195, Rule Active=true, RuleMonth=2026-07, TargetMonth=2026-08
[2026-09-03T08:17:02.064Z] [Late-Dbg] User 196 Final: LateCount=0, Amt=0, Days=0
[Admin-Bonus] SKIP: User 196, Rule Active=true, RuleMonth=2026-07, TargetMonth=2026-08
[2026-09-03T08:17:42.327Z] [Late-Dbg] User 57 Final: LateCount=0, Amt=0, Days=0
[2026-09-03T08:17:42.421Z] [Late-Dbg] User 58 Final: LateCount=1, Amt=0, Days=0
[2026-09-03T08:17:42.500Z] [Late-Dbg] User 59 Final: LateCount=0, Amt=0, Days=0
[2026-09-03T08:17:42.532Z] [Late-Dbg] User 61 Final: LateCount=0, Amt=0, Days=0
[2026-09-03T08:17:42.566Z] [Late-Dbg] User 62 Final: LateCount=0, Amt=0, Days=0
[2026-09-03T08:17:42.596Z] [Late-Dbg] User 63 Final: LateCount=0, Amt=0, Days=0
[2026-09-03T08:17:42.621Z] [Late-Dbg] User 64 Final: LateCount=0, Amt=0, Days=0
[2026-09-03T08:17:42.647Z] [Late-Dbg] User 65 Final: LateCount=0, Amt=0, Days=0
[2026-09-03T08:17:42.670Z] [Late-Dbg] User 68 Final: LateCount=0, Amt=0, Days=0
[2026-09-03T08:17:42.698Z] [Late-Dbg] User 69 Final: LateCount=0, Amt=0, Days=0
[2026-09-03T08:17:42.723Z] [Late-Dbg] User 70 Final: LateCount=0, Amt=0, Days=0
[2026-09-03T08:17:42.752Z] [Late-Dbg] User 98 Final: LateCount=0, Amt=0, Days=0
[2026-09-03T08:17:42.780Z] [Late-Dbg] User 103 Final: LateCount=0, Amt=0, Days=0
[2026-09-03T08:17:42.807Z] [Late-Dbg] User 107 Final: LateCount=0, Amt=0, Days=0
[2026-09-03T08:17:42.832Z] [Late-Dbg] User 108 Final: LateCount=0, Amt=0, Days=0
[2026-09-03T08:17:42.857Z] [Late-Dbg] User 109 Final: LateCount=0, Amt=0, Days=0
[2026-09-03T08:17:42.885Z] [Late-Dbg] User 182 Final: LateCount=0, Amt=0, Days=0
[2026-09-03T08:17:42.912Z] [Late-Dbg] User 185 Final: LateCount=0, Amt=0, Days=0
[Admin-Bonus] SKIP: User 185, Rule Active=true, RuleMonth=2026-07, TargetMonth=2026-08
[2026-09-03T08:17:42.951Z] [Late-Dbg] User 186 Final: LateCount=0, Amt=0, Days=0
[2026-09-03T08:17:42.974Z] [Late-Dbg] User 188 Final: LateCount=0, Amt=0, Days=0
[2026-09-03T08:17:43.014Z] [Late-Dbg] User 195 Final: LateCount=0, Amt=0, Days=0
[Admin-Bonus] SKIP: User 195, Rule Active=true, RuleMonth=2026-07, TargetMonth=2026-08
[2026-09-03T08:17:43.286Z] [Late-Dbg] User 196 Final: LateCount=0, Amt=0, Days=0
[Admin-Bonus] SKIP: User 196, Rule Active=true, RuleMonth=2026-07, TargetMonth=2026-08
[2026-09-03T08:18:59.394Z] [Late-Dbg] User 57 Final: LateCount=0, Amt=0, Days=0
[2026-09-03T08:18:59.505Z] [Late-Dbg] User 58 Final: LateCount=1, Amt=0, Days=0
[2026-09-03T08:18:59.604Z] [Late-Dbg] User 59 Final: LateCount=0, Amt=0, Days=0
[2026-09-03T08:18:59.636Z] [Late-Dbg] User 61 Final: LateCount=0, Amt=0, Days=0
[2026-09-03T08:18:59.666Z] [Late-Dbg] User 62 Final: LateCount=0, Amt=0, Days=0
[2026-09-03T08:18:59.691Z] [Late-Dbg] User 63 Final: LateCount=0, Amt=0, Days=0
[2026-09-03T08:18:59.719Z] [Late-Dbg] User 64 Final: LateCount=0, Amt=0, Days=0
[2026-09-03T08:18:59.747Z] [Late-Dbg] User 65 Final: LateCount=0, Amt=0, Days=0
[2026-09-03T08:18:59.771Z] [Late-Dbg] User 68 Final: LateCount=0, Amt=0, Days=0
[2026-09-03T08:18:59.796Z] [Late-Dbg] User 69 Final: LateCount=0, Amt=0, Days=0
[2026-09-03T08:18:59.818Z] [Late-Dbg] User 70 Final: LateCount=0, Amt=0, Days=0
[2026-09-03T08:18:59.839Z] [Late-Dbg] User 98 Final: LateCount=0, Amt=0, Days=0
[2026-09-03T08:18:59.864Z] [Late-Dbg] User 103 Final: LateCount=0, Amt=0, Days=0
[2026-09-03T08:18:59.884Z] [Late-Dbg] User 107 Final: LateCount=0, Amt=0, Days=0
[2026-09-03T08:18:59.907Z] [Late-Dbg] User 108 Final: LateCount=0, Amt=0, Days=0
[2026-09-03T08:18:59.931Z] [Late-Dbg] User 109 Final: LateCount=0, Amt=0, Days=0
[2026-09-03T08:18:59.956Z] [Late-Dbg] User 182 Final: LateCount=0, Amt=0, Days=0
[2026-09-03T08:18:59.980Z] [Late-Dbg] User 185 Final: LateCount=0, Amt=0, Days=0
[Admin-Bonus] SKIP: User 185, Rule Active=true, RuleMonth=2026-07, TargetMonth=2026-08
[2026-09-03T08:19:00.031Z] [Late-Dbg] User 186 Final: LateCount=0, Amt=0, Days=0
[2026-09-03T08:19:00.053Z] [Late-Dbg] User 188 Final: LateCount=0, Amt=0, Days=0
[2026-09-03T08:19:00.085Z] [Late-Dbg] User 195 Final: LateCount=0, Amt=0, Days=0
[Admin-Bonus] SKIP: User 195, Rule Active=true, RuleMonth=2026-07, TargetMonth=2026-08
[2026-09-03T08:19:00.359Z] [Late-Dbg] User 196 Final: LateCount=0, Amt=0, Days=0
[Admin-Bonus] SKIP: User 196, Rule Active=true, RuleMonth=2026-07, TargetMonth=2026-08
[2026-09-03T08:19:44.983Z] [Late-Dbg] User 57 Final: LateCount=0, Amt=0, Days=0
[2026-09-03T08:19:45.087Z] [Late-Dbg] User 58 Final: LateCount=1, Amt=0, Days=0
[2026-09-03T08:19:45.187Z] [Late-Dbg] User 59 Final: LateCount=0, Amt=0, Days=0
[2026-09-03T08:19:45.222Z] [Late-Dbg] User 61 Final: LateCount=0, Amt=0, Days=0
[2026-09-03T08:19:45.256Z] [Late-Dbg] User 62 Final: LateCount=0, Amt=0, Days=0
[2026-09-03T08:19:45.289Z] [Late-Dbg] User 63 Final: LateCount=0, Amt=0, Days=0
[2026-09-03T08:19:45.330Z] [Late-Dbg] User 64 Final: LateCount=0, Amt=0, Days=0
[2026-09-03T08:19:45.359Z] [Late-Dbg] User 65 Final: LateCount=0, Amt=0, Days=0
[2026-09-03T08:19:45.388Z] [Late-Dbg] User 68 Final: LateCount=0, Amt=0, Days=0
[2026-09-03T08:19:45.420Z] [Late-Dbg] User 69 Final: LateCount=0, Amt=0, Days=0
[2026-09-03T08:19:45.454Z] [Late-Dbg] User 70 Final: LateCount=0, Amt=0, Days=0
[2026-09-03T08:19:45.484Z] [Late-Dbg] User 98 Final: LateCount=0, Amt=0, Days=0
[2026-09-03T08:19:45.514Z] [Late-Dbg] User 103 Final: LateCount=0, Amt=0, Days=0
[2026-09-03T08:19:45.541Z] [Late-Dbg] User 107 Final: LateCount=0, Amt=0, Days=0
[2026-09-03T08:19:45.569Z] [Late-Dbg] User 108 Final: LateCount=0, Amt=0, Days=0
[2026-09-03T08:19:45.599Z] [Late-Dbg] User 109 Final: LateCount=0, Amt=0, Days=0
[2026-09-03T08:19:45.636Z] [Late-Dbg] User 182 Final: LateCount=0, Amt=0, Days=0
[2026-09-03T08:19:45.668Z] [Late-Dbg] User 185 Final: LateCount=0, Amt=0, Days=0
[Admin-Bonus] SKIP: User 185, Rule Active=true, RuleMonth=2026-07, TargetMonth=2026-08
[2026-09-03T08:19:45.711Z] [Late-Dbg] User 186 Final: LateCount=0, Amt=0, Days=0
[2026-09-03T08:19:45.737Z] [Late-Dbg] User 188 Final: LateCount=0, Amt=0, Days=0
[2026-09-03T08:19:45.780Z] [Late-Dbg] User 195 Final: LateCount=0, Amt=0, Days=0
[Admin-Bonus] SKIP: User 195, Rule Active=true, RuleMonth=2026-07, TargetMonth=2026-08
[2026-09-03T08:19:46.085Z] [Late-Dbg] User 196 Final: LateCount=0, Amt=0, Days=0
[Admin-Bonus] SKIP: User 196, Rule Active=true, RuleMonth=2026-07, TargetMonth=2026-08
[2026-09-03T08:28:09.806Z] [Late-Dbg] User 57 Final: LateCount=0, Amt=0, Days=0
[2026-09-03T08:28:09.974Z] [Late-Dbg] User 58 Final: LateCount=1, Amt=0, Days=0
[2026-09-03T08:28:10.124Z] [Late-Dbg] User 59 Final: LateCount=0, Amt=0, Days=0
[2026-09-03T08:28:10.164Z] [Late-Dbg] User 61 Final: LateCount=0, Amt=0, Days=0
[2026-09-03T08:28:10.203Z] [Late-Dbg] User 62 Final: LateCount=0, Amt=0, Days=0
[2026-09-03T08:28:10.243Z] [Late-Dbg] User 63 Final: LateCount=0, Amt=0, Days=0
[2026-09-03T08:28:10.282Z] [Late-Dbg] User 64 Final: LateCount=0, Amt=0, Days=0
[2026-09-03T08:28:10.318Z] [Late-Dbg] User 65 Final: LateCount=0, Amt=0, Days=0
[2026-09-03T08:28:10.356Z] [Late-Dbg] User 68 Final: LateCount=0, Amt=0, Days=0
[2026-09-03T08:28:10.392Z] [Late-Dbg] User 69 Final: LateCount=0, Amt=0, Days=0
[2026-09-03T08:28:10.425Z] [Late-Dbg] User 70 Final: LateCount=0, Amt=0, Days=0
[2026-09-03T08:28:10.458Z] [Late-Dbg] User 98 Final: LateCount=0, Amt=0, Days=0
[2026-09-03T08:28:10.490Z] [Late-Dbg] User 103 Final: LateCount=0, Amt=0, Days=0
[2026-09-03T08:28:10.521Z] [Late-Dbg] User 107 Final: LateCount=0, Amt=0, Days=0
[2026-09-03T08:28:10.552Z] [Late-Dbg] User 108 Final: LateCount=0, Amt=0, Days=0
[2026-09-03T08:28:10.584Z] [Late-Dbg] User 109 Final: LateCount=0, Amt=0, Days=0
[2026-09-03T08:28:10.621Z] [Late-Dbg] User 182 Final: LateCount=0, Amt=0, Days=0
[2026-09-03T08:28:10.654Z] [Late-Dbg] User 185 Final: LateCount=0, Amt=0, Days=0
[Admin-Bonus] SKIP: User 185, Rule Active=true, RuleMonth=2026-07, TargetMonth=2026-08
[2026-09-03T08:28:10.690Z] [Late-Dbg] User 186 Final: LateCount=0, Amt=0, Days=0
[2026-09-03T08:28:10.719Z] [Late-Dbg] User 188 Final: LateCount=0, Amt=0, Days=0
[2026-09-03T08:28:10.757Z] [Late-Dbg] User 195 Final: LateCount=0, Amt=0, Days=0
[Admin-Bonus] SKIP: User 195, Rule Active=true, RuleMonth=2026-07, TargetMonth=2026-08
[2026-09-03T08:28:11.059Z] [Late-Dbg] User 196 Final: LateCount=0, Amt=0, Days=0
[Admin-Bonus] SKIP: User 196, Rule Active=true, RuleMonth=2026-07, TargetMonth=2026-08
[2026-09-03T08:29:23.069Z] [Late-Dbg] User 57 Final: LateCount=0, Amt=0, Days=0
[2026-09-03T08:29:23.194Z] [Late-Dbg] User 58 Final: LateCount=1, Amt=0, Days=0
[2026-09-03T08:29:23.305Z] [Late-Dbg] User 59 Final: LateCount=0, Amt=0, Days=0
[2026-09-03T08:29:23.348Z] [Late-Dbg] User 61 Final: LateCount=0, Amt=0, Days=0
[2026-09-03T08:29:23.387Z] [Late-Dbg] User 62 Final: LateCount=0, Amt=0, Days=0
[2026-09-03T08:29:23.429Z] [Late-Dbg] User 63 Final: LateCount=0, Amt=0, Days=0
[2026-09-03T08:29:23.468Z] [Late-Dbg] User 64 Final: LateCount=0, Amt=0, Days=0
[2026-09-03T08:29:23.506Z] [Late-Dbg] User 65 Final: LateCount=0, Amt=0, Days=0
[2026-09-03T08:29:23.549Z] [Late-Dbg] User 68 Final: LateCount=0, Amt=0, Days=0
[2026-09-03T08:29:23.592Z] [Late-Dbg] User 69 Final: LateCount=0, Amt=0, Days=0
[2026-09-03T08:29:23.625Z] [Late-Dbg] User 70 Final: LateCount=0, Amt=0, Days=0
[2026-09-03T08:29:23.666Z] [Late-Dbg] User 98 Final: LateCount=0, Amt=0, Days=0
[2026-09-03T08:29:23.707Z] [Late-Dbg] User 103 Final: LateCount=0, Amt=0, Days=0
[2026-09-03T08:29:23.740Z] [Late-Dbg] User 107 Final: LateCount=0, Amt=0, Days=0
[2026-09-03T08:29:23.787Z] [Late-Dbg] User 108 Final: LateCount=0, Amt=0, Days=0
[2026-09-03T08:29:23.834Z] [Late-Dbg] User 109 Final: LateCount=0, Amt=0, Days=0
[2026-09-03T08:29:23.876Z] [Late-Dbg] User 182 Final: LateCount=0, Amt=0, Days=0
[2026-09-03T08:29:23.923Z] [Late-Dbg] User 185 Final: LateCount=0, Amt=0, Days=0
[Admin-Bonus] SKIP: User 185, Rule Active=true, RuleMonth=2026-07, TargetMonth=2026-08
[2026-09-03T08:29:23.970Z] [Late-Dbg] User 186 Final: LateCount=0, Amt=0, Days=0
[2026-09-03T08:29:24.014Z] [Late-Dbg] User 188 Final: LateCount=0, Amt=0, Days=0
[2026-09-03T08:29:24.126Z] [Late-Dbg] User 195 Final: LateCount=0, Amt=0, Days=0
[Admin-Bonus] SKIP: User 195, Rule Active=true, RuleMonth=2026-07, TargetMonth=2026-08
[2026-09-03T08:29:24.436Z] [Late-Dbg] User 196 Final: LateCount=0, Amt=0, Days=0
[Admin-Bonus] SKIP: User 196, Rule Active=true, RuleMonth=2026-07, TargetMonth=2026-08
[2026-09-03T08:40:23.065Z] [Late-Dbg] User 57 Final: LateCount=0, Amt=0, Days=0
[2026-09-03T08:40:23.231Z] [Late-Dbg] User 58 Final: LateCount=1, Amt=0, Days=0
[2026-09-03T08:40:23.356Z] [Late-Dbg] User 59 Final: LateCount=0, Amt=0, Days=0
[2026-09-03T08:40:23.397Z] [Late-Dbg] User 61 Final: LateCount=0, Amt=0, Days=0
[2026-09-03T08:40:23.439Z] [Late-Dbg] User 62 Final: LateCount=0, Amt=0, Days=0
[2026-09-03T08:40:23.476Z] [Late-Dbg] User 63 Final: LateCount=0, Amt=0, Days=0
[2026-09-03T08:40:23.518Z] [Late-Dbg] User 64 Final: LateCount=0, Amt=0, Days=0
[2026-09-03T08:40:23.557Z] [Late-Dbg] User 65 Final: LateCount=0, Amt=0, Days=0
[2026-09-03T08:40:23.594Z] [Late-Dbg] User 68 Final: LateCount=0, Amt=0, Days=0
[2026-09-03T08:40:23.630Z] [Late-Dbg] User 69 Final: LateCount=0, Amt=0, Days=0
[2026-09-03T08:40:23.670Z] [Late-Dbg] User 70 Final: LateCount=0, Amt=0, Days=0
[2026-09-03T08:40:23.706Z] [Late-Dbg] User 98 Final: LateCount=0, Amt=0, Days=0
[2026-09-03T08:40:23.743Z] [Late-Dbg] User 103 Final: LateCount=0, Amt=0, Days=0
[2026-09-03T08:40:23.804Z] [Late-Dbg] User 107 Final: LateCount=0, Amt=0, Days=0
[2026-09-03T08:40:23.837Z] [Late-Dbg] User 108 Final: LateCount=0, Amt=0, Days=0
[2026-09-03T08:40:23.883Z] [Late-Dbg] User 109 Final: LateCount=0, Amt=0, Days=0
[2026-09-03T08:40:23.923Z] [Late-Dbg] User 182 Final: LateCount=0, Amt=0, Days=0
[2026-09-03T08:40:23.961Z] [Late-Dbg] User 185 Final: LateCount=0, Amt=0, Days=0
[Admin-Bonus] SKIP: User 185, Rule Active=true, RuleMonth=2026-07, TargetMonth=2026-08
[2026-09-03T08:40:24.007Z] [Late-Dbg] User 186 Final: LateCount=0, Amt=0, Days=0
[2026-09-03T08:40:24.042Z] [Late-Dbg] User 188 Final: LateCount=0, Amt=0, Days=0
[2026-09-03T08:40:24.104Z] [Late-Dbg] User 195 Final: LateCount=0, Amt=0, Days=0
[Admin-Bonus] SKIP: User 195, Rule Active=true, RuleMonth=2026-07, TargetMonth=2026-08
[2026-09-03T08:40:24.457Z] [Late-Dbg] User 196 Final: LateCount=0, Amt=0, Days=0
[Admin-Bonus] SKIP: User 196, Rule Active=true, RuleMonth=2026-07, TargetMonth=2026-08
[2026-09-03T08:40:55.912Z] [Late-Dbg] User 57 Final: LateCount=0, Amt=0, Days=0
[2026-09-03T08:40:56.047Z] [Late-Dbg] User 58 Final: LateCount=1, Amt=0, Days=0
[2026-09-03T08:40:56.186Z] [Late-Dbg] User 59 Final: LateCount=0, Amt=0, Days=0
[2026-09-03T08:40:56.223Z] [Late-Dbg] User 61 Final: LateCount=0, Amt=0, Days=0
[2026-09-03T08:40:56.258Z] [Late-Dbg] User 62 Final: LateCount=0, Amt=0, Days=0
[2026-09-03T08:40:56.294Z] [Late-Dbg] User 63 Final: LateCount=0, Amt=0, Days=0
[2026-09-03T08:40:56.333Z] [Late-Dbg] User 64 Final: LateCount=0, Amt=0, Days=0
[2026-09-03T08:40:56.372Z] [Late-Dbg] User 65 Final: LateCount=0, Amt=0, Days=0
[2026-09-03T08:40:56.410Z] [Late-Dbg] User 68 Final: LateCount=0, Amt=0, Days=0
[2026-09-03T08:40:56.447Z] [Late-Dbg] User 69 Final: LateCount=0, Amt=0, Days=0
[2026-09-03T08:40:56.483Z] [Late-Dbg] User 70 Final: LateCount=0, Amt=0, Days=0
[2026-09-03T08:40:56.520Z] [Late-Dbg] User 98 Final: LateCount=0, Amt=0, Days=0
[2026-09-03T08:40:56.555Z] [Late-Dbg] User 103 Final: LateCount=0, Amt=0, Days=0
[2026-09-03T08:40:56.589Z] [Late-Dbg] User 107 Final: LateCount=0, Amt=0, Days=0
[2026-09-03T08:40:56.623Z] [Late-Dbg] User 108 Final: LateCount=0, Amt=0, Days=0
[2026-09-03T08:40:56.665Z] [Late-Dbg] User 109 Final: LateCount=0, Amt=0, Days=0
[2026-09-03T08:40:56.704Z] [Late-Dbg] User 182 Final: LateCount=0, Amt=0, Days=0
[2026-09-03T08:40:56.742Z] [Late-Dbg] User 185 Final: LateCount=0, Amt=0, Days=0
[Admin-Bonus] SKIP: User 185, Rule Active=true, RuleMonth=2026-07, TargetMonth=2026-08
[2026-09-03T08:40:56.786Z] [Late-Dbg] User 186 Final: LateCount=0, Amt=0, Days=0
[2026-09-03T08:40:56.821Z] [Late-Dbg] User 188 Final: LateCount=0, Amt=0, Days=0
[2026-09-03T08:40:56.869Z] [Late-Dbg] User 195 Final: LateCount=0, Amt=0, Days=0
[Admin-Bonus] SKIP: User 195, Rule Active=true, RuleMonth=2026-07, TargetMonth=2026-08
[2026-09-03T08:40:57.258Z] [Late-Dbg] User 196 Final: LateCount=0, Amt=0, Days=0
[Admin-Bonus] SKIP: User 196, Rule Active=true, RuleMonth=2026-07, TargetMonth=2026-08
[2026-09-03T08:59:26.577Z] [Late-Dbg] User 57 Final: LateCount=0, Amt=0, Days=0
[2026-09-03T08:59:26.698Z] [Late-Dbg] User 58 Final: LateCount=1, Amt=0, Days=0
[2026-09-03T08:59:26.797Z] [Late-Dbg] User 59 Final: LateCount=0, Amt=0, Days=0
[2026-09-03T08:59:26.832Z] [Late-Dbg] User 61 Final: LateCount=0, Amt=0, Days=0
[2026-09-03T08:59:26.865Z] [Late-Dbg] User 62 Final: LateCount=0, Amt=0, Days=0
[2026-09-03T08:59:26.900Z] [Late-Dbg] User 63 Final: LateCount=0, Amt=0, Days=0
[2026-09-03T08:59:26.935Z] [Late-Dbg] User 64 Final: LateCount=0, Amt=0, Days=0
[2026-09-03T08:59:26.972Z] [Late-Dbg] User 65 Final: LateCount=0, Amt=0, Days=0
[2026-09-03T08:59:27.004Z] [Late-Dbg] User 68 Final: LateCount=0, Amt=0, Days=0
[2026-09-03T08:59:27.036Z] [Late-Dbg] User 69 Final: LateCount=0, Amt=0, Days=0
[2026-09-03T08:59:27.071Z] [Late-Dbg] User 70 Final: LateCount=0, Amt=0, Days=0
[2026-09-03T08:59:27.105Z] [Late-Dbg] User 98 Final: LateCount=0, Amt=0, Days=0
[2026-09-03T08:59:27.137Z] [Late-Dbg] User 103 Final: LateCount=0, Amt=0, Days=0
[2026-09-03T08:59:27.169Z] [Late-Dbg] User 107 Final: LateCount=0, Amt=0, Days=0
[2026-09-03T08:59:27.260Z] [Late-Dbg] User 108 Final: LateCount=0, Amt=0, Days=0
[2026-09-03T08:59:27.292Z] [Late-Dbg] User 109 Final: LateCount=0, Amt=0, Days=0
[2026-09-03T08:59:27.329Z] [Late-Dbg] User 182 Final: LateCount=0, Amt=0, Days=0
[2026-09-03T08:59:27.363Z] [Late-Dbg] User 185 Final: LateCount=0, Amt=0, Days=0
[Admin-Bonus] SKIP: User 185, Rule Active=true, RuleMonth=2026-07, TargetMonth=2026-08
[2026-09-03T08:59:27.402Z] [Late-Dbg] User 186 Final: LateCount=0, Amt=0, Days=0
[2026-09-03T08:59:27.434Z] [Late-Dbg] User 188 Final: LateCount=0, Amt=0, Days=0
[2026-09-03T08:59:27.486Z] [Late-Dbg] User 195 Final: LateCount=0, Amt=0, Days=0
[Admin-Bonus] SKIP: User 195, Rule Active=true, RuleMonth=2026-07, TargetMonth=2026-08
[2026-09-03T08:59:27.793Z] [Late-Dbg] User 196 Final: LateCount=0, Amt=0, Days=0
[Admin-Bonus] SKIP: User 196, Rule Active=true, RuleMonth=2026-07, TargetMonth=2026-08
[2026-09-03T09:00:04.722Z] [Late-Dbg] User 57 Final: LateCount=0, Amt=0, Days=0
[2026-09-03T09:00:04.849Z] [Late-Dbg] User 58 Final: LateCount=1, Amt=0, Days=0
[2026-09-03T09:00:04.965Z] [Late-Dbg] User 59 Final: LateCount=0, Amt=0, Days=0
[2026-09-03T09:00:04.999Z] [Late-Dbg] User 61 Final: LateCount=0, Amt=0, Days=0
[2026-09-03T09:00:05.034Z] [Late-Dbg] User 62 Final: LateCount=0, Amt=0, Days=0
[2026-09-03T09:00:05.080Z] [Late-Dbg] User 63 Final: LateCount=0, Amt=0, Days=0
[2026-09-03T09:00:05.117Z] [Late-Dbg] User 64 Final: LateCount=0, Amt=0, Days=0
[2026-09-03T09:00:05.149Z] [Late-Dbg] User 65 Final: LateCount=0, Amt=0, Days=0
[2026-09-03T09:00:05.182Z] [Late-Dbg] User 68 Final: LateCount=0, Amt=0, Days=0
[2026-09-03T09:00:05.212Z] [Late-Dbg] User 69 Final: LateCount=0, Amt=0, Days=0
[2026-09-03T09:00:05.245Z] [Late-Dbg] User 70 Final: LateCount=0, Amt=0, Days=0
[2026-09-03T09:00:05.283Z] [Late-Dbg] User 98 Final: LateCount=0, Amt=0, Days=0
[2026-09-03T09:00:05.312Z] [Late-Dbg] User 103 Final: LateCount=0, Amt=0, Days=0
[2026-09-03T09:00:05.343Z] [Late-Dbg] User 107 Final: LateCount=0, Amt=0, Days=0
[2026-09-03T09:00:05.372Z] [Late-Dbg] User 108 Final: LateCount=0, Amt=0, Days=0
[2026-09-03T09:00:05.400Z] [Late-Dbg] User 109 Final: LateCount=0, Amt=0, Days=0
[2026-09-03T09:00:05.431Z] [Late-Dbg] User 182 Final: LateCount=0, Amt=0, Days=0
[2026-09-03T09:00:05.460Z] [Late-Dbg] User 185 Final: LateCount=0, Amt=0, Days=0
[Admin-Bonus] SKIP: User 185, Rule Active=true, RuleMonth=2026-07, TargetMonth=2026-08
[2026-09-03T09:00:05.492Z] [Late-Dbg] User 186 Final: LateCount=0, Amt=0, Days=0
[2026-09-03T09:00:05.516Z] [Late-Dbg] User 188 Final: LateCount=0, Amt=0, Days=0
[2026-09-03T09:00:05.565Z] [Late-Dbg] User 195 Final: LateCount=0, Amt=0, Days=0
[Admin-Bonus] SKIP: User 195, Rule Active=true, RuleMonth=2026-07, TargetMonth=2026-08
[2026-09-03T09:00:05.850Z] [Late-Dbg] User 196 Final: LateCount=0, Amt=0, Days=0
[Admin-Bonus] SKIP: User 196, Rule Active=true, RuleMonth=2026-07, TargetMonth=2026-08
[2026-09-03T09:06:08.806Z] [Late-Dbg] User 57 Final: LateCount=0, Amt=0, Days=0
[2026-09-03T09:06:08.947Z] [Late-Dbg] User 58 Final: LateCount=1, Amt=0, Days=0
[2026-09-03T09:06:09.067Z] [Late-Dbg] User 59 Final: LateCount=0, Amt=0, Days=0
[2026-09-03T09:06:09.102Z] [Late-Dbg] User 61 Final: LateCount=0, Amt=0, Days=0
[2026-09-03T09:06:09.136Z] [Late-Dbg] User 62 Final: LateCount=0, Amt=0, Days=0
[2026-09-03T09:06:09.166Z] [Late-Dbg] User 63 Final: LateCount=0, Amt=0, Days=0
[2026-09-03T09:06:09.197Z] [Late-Dbg] User 64 Final: LateCount=0, Amt=0, Days=0
[2026-09-03T09:06:09.223Z] [Late-Dbg] User 65 Final: LateCount=0, Amt=0, Days=0
[2026-09-03T09:06:09.252Z] [Late-Dbg] User 68 Final: LateCount=0, Amt=0, Days=0
[2026-09-03T09:06:09.277Z] [Late-Dbg] User 69 Final: LateCount=0, Amt=0, Days=0
[2026-09-03T09:06:09.304Z] [Late-Dbg] User 70 Final: LateCount=0, Amt=0, Days=0
[2026-09-03T09:06:09.332Z] [Late-Dbg] User 98 Final: LateCount=0, Amt=0, Days=0
[2026-09-03T09:06:09.363Z] [Late-Dbg] User 103 Final: LateCount=0, Amt=0, Days=0
[2026-09-03T09:06:09.399Z] [Late-Dbg] User 107 Final: LateCount=0, Amt=0, Days=0
[2026-09-03T09:06:09.422Z] [Late-Dbg] User 108 Final: LateCount=0, Amt=0, Days=0
[2026-09-03T09:06:09.448Z] [Late-Dbg] User 109 Final: LateCount=0, Amt=0, Days=0
[2026-09-03T09:06:09.476Z] [Late-Dbg] User 182 Final: LateCount=0, Amt=0, Days=0
[2026-09-03T09:06:09.503Z] [Late-Dbg] User 185 Final: LateCount=0, Amt=0, Days=0
[Admin-Bonus] SKIP: User 185, Rule Active=true, RuleMonth=2026-07, TargetMonth=2026-08
[2026-09-03T09:06:09.535Z] [Late-Dbg] User 186 Final: LateCount=0, Amt=0, Days=0
[2026-09-03T09:06:09.559Z] [Late-Dbg] User 188 Final: LateCount=0, Amt=0, Days=0
[2026-09-03T09:06:09.593Z] [Late-Dbg] User 195 Final: LateCount=0, Amt=0, Days=0
[Admin-Bonus] SKIP: User 195, Rule Active=true, RuleMonth=2026-07, TargetMonth=2026-08
[2026-09-03T09:06:09.890Z] [Late-Dbg] User 196 Final: LateCount=0, Amt=0, Days=0
[Admin-Bonus] SKIP: User 196, Rule Active=true, RuleMonth=2026-07, TargetMonth=2026-08
[2026-09-03T09:07:02.179Z] [Late-Dbg] User 57 Final: LateCount=0, Amt=0, Days=0
[2026-09-03T09:07:02.331Z] [Late-Dbg] User 58 Final: LateCount=1, Amt=0, Days=0
[2026-09-03T09:07:02.475Z] [Late-Dbg] User 59 Final: LateCount=0, Amt=0, Days=0
[2026-09-03T09:07:02.516Z] [Late-Dbg] User 61 Final: LateCount=0, Amt=0, Days=0
[2026-09-03T09:07:02.549Z] [Late-Dbg] User 62 Final: LateCount=0, Amt=0, Days=0
[2026-09-03T09:07:02.578Z] [Late-Dbg] User 63 Final: LateCount=0, Amt=0, Days=0
[2026-09-03T09:07:02.613Z] [Late-Dbg] User 64 Final: LateCount=0, Amt=0, Days=0
[2026-09-03T09:07:02.649Z] [Late-Dbg] User 65 Final: LateCount=0, Amt=0, Days=0
[2026-09-03T09:07:02.682Z] [Late-Dbg] User 68 Final: LateCount=0, Amt=0, Days=0
[2026-09-03T09:07:02.713Z] [Late-Dbg] User 69 Final: LateCount=0, Amt=0, Days=0
[2026-09-03T09:07:02.747Z] [Late-Dbg] User 70 Final: LateCount=0, Amt=0, Days=0
[2026-09-03T09:07:02.777Z] [Late-Dbg] User 98 Final: LateCount=0, Amt=0, Days=0
[2026-09-03T09:07:02.807Z] [Late-Dbg] User 103 Final: LateCount=0, Amt=0, Days=0
[2026-09-03T09:07:02.837Z] [Late-Dbg] User 107 Final: LateCount=0, Amt=0, Days=0
[2026-09-03T09:07:02.866Z] [Late-Dbg] User 108 Final: LateCount=0, Amt=0, Days=0
[2026-09-03T09:07:02.899Z] [Late-Dbg] User 109 Final: LateCount=0, Amt=0, Days=0
[2026-09-03T09:07:02.934Z] [Late-Dbg] User 182 Final: LateCount=0, Amt=0, Days=0
[2026-09-03T09:07:02.969Z] [Late-Dbg] User 185 Final: LateCount=0, Amt=0, Days=0
[Admin-Bonus] SKIP: User 185, Rule Active=true, RuleMonth=2026-07, TargetMonth=2026-08
[2026-09-03T09:07:03.012Z] [Late-Dbg] User 186 Final: LateCount=0, Amt=0, Days=0
[2026-09-03T09:07:03.044Z] [Late-Dbg] User 188 Final: LateCount=0, Amt=0, Days=0
[2026-09-03T09:07:03.089Z] [Late-Dbg] User 195 Final: LateCount=0, Amt=0, Days=0
[Admin-Bonus] SKIP: User 195, Rule Active=true, RuleMonth=2026-07, TargetMonth=2026-08
[2026-09-03T09:07:03.404Z] [Late-Dbg] User 196 Final: LateCount=0, Amt=0, Days=0
[Admin-Bonus] SKIP: User 196, Rule Active=true, RuleMonth=2026-07, TargetMonth=2026-08
[2026-09-03T09:09:18.947Z] [Late-Dbg] User 57 Final: LateCount=0, Amt=0, Days=0
[2026-09-03T09:09:19.188Z] [Late-Dbg] User 58 Final: LateCount=1, Amt=0, Days=0
[2026-09-03T09:09:19.319Z] [Late-Dbg] User 59 Final: LateCount=0, Amt=0, Days=0
[2026-09-03T09:09:19.384Z] [Late-Dbg] User 61 Final: LateCount=0, Amt=0, Days=0
[2026-09-03T09:09:19.435Z] [Late-Dbg] User 62 Final: LateCount=0, Amt=0, Days=0
[2026-09-03T09:09:19.485Z] [Late-Dbg] User 63 Final: LateCount=0, Amt=0, Days=0
[2026-09-03T09:09:19.540Z] [Late-Dbg] User 64 Final: LateCount=0, Amt=0, Days=0
[2026-09-03T09:09:19.580Z] [Late-Dbg] User 65 Final: LateCount=0, Amt=0, Days=0
[2026-09-03T09:09:19.617Z] [Late-Dbg] User 68 Final: LateCount=0, Amt=0, Days=0
[2026-09-03T09:09:19.663Z] [Late-Dbg] User 69 Final: LateCount=0, Amt=0, Days=0
[2026-09-03T09:09:19.708Z] [Late-Dbg] User 70 Final: LateCount=0, Amt=0, Days=0
[2026-09-03T09:09:19.747Z] [Late-Dbg] User 98 Final: LateCount=0, Amt=0, Days=0
[2026-09-03T09:09:19.786Z] [Late-Dbg] User 103 Final: LateCount=0, Amt=0, Days=0
[2026-09-03T09:09:19.830Z] [Late-Dbg] User 107 Final: LateCount=0, Amt=0, Days=0
[2026-09-03T09:09:19.874Z] [Late-Dbg] User 108 Final: LateCount=0, Amt=0, Days=0
[2026-09-03T09:09:19.914Z] [Late-Dbg] User 109 Final: LateCount=0, Amt=0, Days=0
[2026-09-03T09:09:19.958Z] [Late-Dbg] User 182 Final: LateCount=0, Amt=0, Days=0
[2026-09-03T09:09:20.001Z] [Late-Dbg] User 185 Final: LateCount=0, Amt=0, Days=0
[Admin-Bonus] SKIP: User 185, Rule Active=true, RuleMonth=2026-07, TargetMonth=2026-08
[2026-09-03T09:09:20.049Z] [Late-Dbg] User 186 Final: LateCount=0, Amt=0, Days=0
[2026-09-03T09:09:20.086Z] [Late-Dbg] User 188 Final: LateCount=0, Amt=0, Days=0
[2026-09-03T09:09:20.164Z] [Late-Dbg] User 195 Final: LateCount=0, Amt=0, Days=0
[Admin-Bonus] SKIP: User 195, Rule Active=true, RuleMonth=2026-07, TargetMonth=2026-08
[2026-09-03T09:09:20.533Z] [Late-Dbg] User 196 Final: LateCount=0, Amt=0, Days=0
[Admin-Bonus] SKIP: User 196, Rule Active=true, RuleMonth=2026-07, TargetMonth=2026-08
[2026-09-03T09:10:17.430Z] [Late-Dbg] User 57 Final: LateCount=0, Amt=0, Days=0
[2026-09-03T09:10:17.613Z] [Late-Dbg] User 58 Final: LateCount=1, Amt=0, Days=0
[2026-09-03T09:10:17.734Z] [Late-Dbg] User 59 Final: LateCount=0, Amt=0, Days=0
[2026-09-03T09:10:17.771Z] [Late-Dbg] User 61 Final: LateCount=0, Amt=0, Days=0
[2026-09-03T09:10:17.805Z] [Late-Dbg] User 62 Final: LateCount=0, Amt=0, Days=0
[2026-09-03T09:10:17.840Z] [Late-Dbg] User 63 Final: LateCount=0, Amt=0, Days=0
[2026-09-03T09:10:17.880Z] [Late-Dbg] User 64 Final: LateCount=0, Amt=0, Days=0
[2026-09-03T09:10:17.914Z] [Late-Dbg] User 65 Final: LateCount=0, Amt=0, Days=0
[2026-09-03T09:10:17.947Z] [Late-Dbg] User 68 Final: LateCount=0, Amt=0, Days=0
[2026-09-03T09:10:17.982Z] [Late-Dbg] User 69 Final: LateCount=0, Amt=0, Days=0
[2026-09-03T09:10:18.019Z] [Late-Dbg] User 70 Final: LateCount=0, Amt=0, Days=0
[2026-09-03T09:10:18.053Z] [Late-Dbg] User 98 Final: LateCount=0, Amt=0, Days=0
[2026-09-03T09:10:18.087Z] [Late-Dbg] User 103 Final: LateCount=0, Amt=0, Days=0
[2026-09-03T09:10:18.119Z] [Late-Dbg] User 107 Final: LateCount=0, Amt=0, Days=0
[2026-09-03T09:10:18.153Z] [Late-Dbg] User 108 Final: LateCount=0, Amt=0, Days=0
[2026-09-03T09:10:18.186Z] [Late-Dbg] User 109 Final: LateCount=0, Amt=0, Days=0
[2026-09-03T09:10:18.222Z] [Late-Dbg] User 182 Final: LateCount=0, Amt=0, Days=0
[2026-09-03T09:10:18.254Z] [Late-Dbg] User 185 Final: LateCount=0, Amt=0, Days=0
[Admin-Bonus] SKIP: User 185, Rule Active=true, RuleMonth=2026-07, TargetMonth=2026-08
[2026-09-03T09:10:18.294Z] [Late-Dbg] User 186 Final: LateCount=0, Amt=0, Days=0
[2026-09-03T09:10:18.324Z] [Late-Dbg] User 188 Final: LateCount=0, Amt=0, Days=0
[2026-09-03T09:10:18.373Z] [Late-Dbg] User 195 Final: LateCount=0, Amt=0, Days=0
[Admin-Bonus] SKIP: User 195, Rule Active=true, RuleMonth=2026-07, TargetMonth=2026-08
[2026-09-03T09:10:18.679Z] [Late-Dbg] User 196 Final: LateCount=0, Amt=0, Days=0
[Admin-Bonus] SKIP: User 196, Rule Active=true, RuleMonth=2026-07, TargetMonth=2026-08
[2026-09-03T09:45:58.066Z] [Late-Dbg] User 57 Final: LateCount=0, Amt=0, Days=0
[2026-09-03T09:45:58.160Z] [Late-Dbg] User 58 Final: LateCount=1, Amt=0, Days=0
[2026-09-03T09:45:58.247Z] [Late-Dbg] User 59 Final: LateCount=0, Amt=0, Days=0
[2026-09-03T09:45:58.278Z] [Late-Dbg] User 61 Final: LateCount=0, Amt=0, Days=0
[2026-09-03T09:45:58.307Z] [Late-Dbg] User 62 Final: LateCount=0, Amt=0, Days=0
[2026-09-03T09:45:58.331Z] [Late-Dbg] User 63 Final: LateCount=0, Amt=0, Days=0
[2026-09-03T09:45:58.361Z] [Late-Dbg] User 64 Final: LateCount=0, Amt=0, Days=0
[2026-09-03T09:45:58.388Z] [Late-Dbg] User 65 Final: LateCount=0, Amt=0, Days=0
[2026-09-03T09:45:58.413Z] [Late-Dbg] User 68 Final: LateCount=0, Amt=0, Days=0
[2026-09-03T09:45:58.440Z] [Late-Dbg] User 69 Final: LateCount=0, Amt=0, Days=0
[2026-09-03T09:45:58.462Z] [Late-Dbg] User 70 Final: LateCount=0, Amt=0, Days=0
[2026-09-03T09:45:58.483Z] [Late-Dbg] User 98 Final: LateCount=0, Amt=0, Days=0
[2026-09-03T09:45:58.511Z] [Late-Dbg] User 103 Final: LateCount=0, Amt=0, Days=0
[2026-09-03T09:45:58.539Z] [Late-Dbg] User 107 Final: LateCount=0, Amt=0, Days=0
[2026-09-03T09:45:58.563Z] [Late-Dbg] User 108 Final: LateCount=0, Amt=0, Days=0
[2026-09-03T09:45:58.590Z] [Late-Dbg] User 109 Final: LateCount=0, Amt=0, Days=0
[2026-09-03T09:45:58.614Z] [Late-Dbg] User 182 Final: LateCount=0, Amt=0, Days=0
[2026-09-03T09:45:58.644Z] [Late-Dbg] User 185 Final: LateCount=0, Amt=0, Days=0
[Admin-Bonus] SKIP: User 185, Rule Active=true, RuleMonth=2026-07, TargetMonth=2026-08
[2026-09-03T09:45:58.726Z] [Late-Dbg] User 186 Final: LateCount=0, Amt=0, Days=0
[2026-09-03T09:45:58.750Z] [Late-Dbg] User 188 Final: LateCount=0, Amt=0, Days=0
[2026-09-03T09:45:58.784Z] [Late-Dbg] User 195 Final: LateCount=0, Amt=0, Days=0
[Admin-Bonus] SKIP: User 195, Rule Active=true, RuleMonth=2026-07, TargetMonth=2026-08
[2026-09-03T09:45:59.037Z] [Late-Dbg] User 196 Final: LateCount=0, Amt=0, Days=0
[Admin-Bonus] SKIP: User 196, Rule Active=true, RuleMonth=2026-07, TargetMonth=2026-08
[2026-09-03T09:46:38.280Z] [Late-Dbg] User 57 Final: LateCount=0, Amt=0, Days=0
[2026-09-03T09:46:38.391Z] [Late-Dbg] User 58 Final: LateCount=1, Amt=0, Days=0
[2026-09-03T09:46:38.556Z] [Late-Dbg] User 59 Final: LateCount=0, Amt=0, Days=0
[2026-09-03T09:46:38.588Z] [Late-Dbg] User 61 Final: LateCount=0, Amt=0, Days=0
[2026-09-03T09:46:38.632Z] [Late-Dbg] User 62 Final: LateCount=0, Amt=0, Days=0
[2026-09-03T09:46:38.665Z] [Late-Dbg] User 63 Final: LateCount=0, Amt=0, Days=0
[2026-09-03T09:46:38.696Z] [Late-Dbg] User 64 Final: LateCount=0, Amt=0, Days=0
[2026-09-03T09:46:38.726Z] [Late-Dbg] User 65 Final: LateCount=0, Amt=0, Days=0
[2026-09-03T09:46:38.756Z] [Late-Dbg] User 68 Final: LateCount=0, Amt=0, Days=0
[2026-09-03T09:46:38.782Z] [Late-Dbg] User 69 Final: LateCount=0, Amt=0, Days=0
[2026-09-03T09:46:38.811Z] [Late-Dbg] User 70 Final: LateCount=0, Amt=0, Days=0
[2026-09-03T09:46:38.839Z] [Late-Dbg] User 98 Final: LateCount=0, Amt=0, Days=0
[2026-09-03T09:46:38.865Z] [Late-Dbg] User 103 Final: LateCount=0, Amt=0, Days=0
[2026-09-03T09:46:38.898Z] [Late-Dbg] User 107 Final: LateCount=0, Amt=0, Days=0
[2026-09-03T09:46:38.927Z] [Late-Dbg] User 108 Final: LateCount=0, Amt=0, Days=0
[2026-09-03T09:46:38.955Z] [Late-Dbg] User 109 Final: LateCount=0, Amt=0, Days=0
[2026-09-03T09:46:38.981Z] [Late-Dbg] User 182 Final: LateCount=0, Amt=0, Days=0
[2026-09-03T09:46:39.011Z] [Late-Dbg] User 185 Final: LateCount=0, Amt=0, Days=0
[Admin-Bonus] SKIP: User 185, Rule Active=true, RuleMonth=2026-07, TargetMonth=2026-08
[2026-09-03T09:46:39.046Z] [Late-Dbg] User 186 Final: LateCount=0, Amt=0, Days=0
[2026-09-03T09:46:39.076Z] [Late-Dbg] User 188 Final: LateCount=0, Amt=0, Days=0
[2026-09-03T09:46:39.112Z] [Late-Dbg] User 195 Final: LateCount=0, Amt=0, Days=0
[Admin-Bonus] SKIP: User 195, Rule Active=true, RuleMonth=2026-07, TargetMonth=2026-08
[2026-09-03T09:46:39.398Z] [Late-Dbg] User 196 Final: LateCount=0, Amt=0, Days=0
[Admin-Bonus] SKIP: User 196, Rule Active=true, RuleMonth=2026-07, TargetMonth=2026-08
[2026-09-03T09:48:18.324Z] [Late-Dbg] User 57 Final: LateCount=0, Amt=0, Days=0
[2026-09-03T09:48:18.458Z] [Late-Dbg] User 58 Final: LateCount=1, Amt=0, Days=0
[2026-09-03T09:48:18.629Z] [Late-Dbg] User 59 Final: LateCount=0, Amt=0, Days=0
[2026-09-03T09:48:18.683Z] [Late-Dbg] User 61 Final: LateCount=0, Amt=0, Days=0
[2026-09-03T09:48:18.752Z] [Late-Dbg] User 62 Final: LateCount=0, Amt=0, Days=0
[2026-09-03T09:48:18.840Z] [Late-Dbg] User 63 Final: LateCount=0, Amt=0, Days=0
[2026-09-03T09:48:18.887Z] [Late-Dbg] User 64 Final: LateCount=0, Amt=0, Days=0
[2026-09-03T09:48:18.925Z] [Late-Dbg] User 65 Final: LateCount=0, Amt=0, Days=0
[2026-09-03T09:48:18.978Z] [Late-Dbg] User 68 Final: LateCount=0, Amt=0, Days=0
[2026-09-03T09:48:19.023Z] [Late-Dbg] User 69 Final: LateCount=0, Amt=0, Days=0
[2026-09-03T09:48:19.077Z] [Late-Dbg] User 70 Final: LateCount=0, Amt=0, Days=0
[2026-09-03T09:48:19.120Z] [Late-Dbg] User 98 Final: LateCount=0, Amt=0, Days=0
[2026-09-03T09:48:19.171Z] [Late-Dbg] User 103 Final: LateCount=0, Amt=0, Days=0
[2026-09-03T09:48:19.222Z] [Late-Dbg] User 107 Final: LateCount=0, Amt=0, Days=0
[2026-09-03T09:48:19.280Z] [Late-Dbg] User 108 Final: LateCount=0, Amt=0, Days=0
[2026-09-03T09:48:19.338Z] [Late-Dbg] User 109 Final: LateCount=0, Amt=0, Days=0
[2026-09-03T09:48:19.399Z] [Late-Dbg] User 182 Final: LateCount=0, Amt=0, Days=0
[2026-09-03T09:48:19.458Z] [Late-Dbg] User 185 Final: LateCount=0, Amt=0, Days=0
[Admin-Bonus] SKIP: User 185, Rule Active=true, RuleMonth=2026-07, TargetMonth=2026-08
[2026-09-03T09:48:19.528Z] [Late-Dbg] User 186 Final: LateCount=0, Amt=0, Days=0
[2026-09-03T09:48:19.578Z] [Late-Dbg] User 188 Final: LateCount=0, Amt=0, Days=0
[2026-09-03T09:48:19.648Z] [Late-Dbg] User 195 Final: LateCount=0, Amt=0, Days=0
[Admin-Bonus] SKIP: User 195, Rule Active=true, RuleMonth=2026-07, TargetMonth=2026-08
[2026-09-03T09:48:20.143Z] [Late-Dbg] User 196 Final: LateCount=0, Amt=0, Days=0
[Admin-Bonus] SKIP: User 196, Rule Active=true, RuleMonth=2026-07, TargetMonth=2026-08
[2026-09-03T09:51:00.540Z] [Late-Dbg] User 57 Final: LateCount=0, Amt=0, Days=0
[2026-09-03T09:51:00.679Z] [Late-Dbg] User 58 Final: LateCount=1, Amt=0, Days=0
[2026-09-03T09:51:00.803Z] [Late-Dbg] User 59 Final: LateCount=0, Amt=0, Days=0
[2026-09-03T09:51:00.851Z] [Late-Dbg] User 61 Final: LateCount=0, Amt=0, Days=0
[2026-09-03T09:51:00.890Z] [Late-Dbg] User 62 Final: LateCount=0, Amt=0, Days=0
[2026-09-03T09:51:00.930Z] [Late-Dbg] User 63 Final: LateCount=0, Amt=0, Days=0
[2026-09-03T09:51:00.970Z] [Late-Dbg] User 64 Final: LateCount=0, Amt=0, Days=0
[2026-09-03T09:51:01.008Z] [Late-Dbg] User 65 Final: LateCount=0, Amt=0, Days=0
[2026-09-03T09:51:01.047Z] [Late-Dbg] User 68 Final: LateCount=0, Amt=0, Days=0
[2026-09-03T09:51:01.096Z] [Late-Dbg] User 69 Final: LateCount=0, Amt=0, Days=0
[2026-09-03T09:51:01.246Z] [Late-Dbg] User 70 Final: LateCount=0, Amt=0, Days=0
[2026-09-03T09:51:01.285Z] [Late-Dbg] User 98 Final: LateCount=0, Amt=0, Days=0
[2026-09-03T09:51:01.335Z] [Late-Dbg] User 103 Final: LateCount=0, Amt=0, Days=0
[2026-09-03T09:51:01.381Z] [Late-Dbg] User 107 Final: LateCount=0, Amt=0, Days=0
[2026-09-03T09:51:01.419Z] [Late-Dbg] User 108 Final: LateCount=0, Amt=0, Days=0
[2026-09-03T09:51:01.466Z] [Late-Dbg] User 109 Final: LateCount=0, Amt=0, Days=0
[2026-09-03T09:51:01.541Z] [Late-Dbg] User 182 Final: LateCount=0, Amt=0, Days=0
[2026-09-03T09:51:01.582Z] [Late-Dbg] User 185 Final: LateCount=0, Amt=0, Days=0
[Admin-Bonus] SKIP: User 185, Rule Active=true, RuleMonth=2026-07, TargetMonth=2026-08
[2026-09-03T09:51:01.628Z] [Late-Dbg] User 186 Final: LateCount=0, Amt=0, Days=0
[2026-09-03T09:51:01.660Z] [Late-Dbg] User 188 Final: LateCount=0, Amt=0, Days=0
[2026-09-03T09:51:01.704Z] [Late-Dbg] User 195 Final: LateCount=0, Amt=0, Days=0
[Admin-Bonus] SKIP: User 195, Rule Active=true, RuleMonth=2026-07, TargetMonth=2026-08
[2026-09-03T09:51:02.060Z] [Late-Dbg] User 196 Final: LateCount=0, Amt=0, Days=0
[Admin-Bonus] SKIP: User 196, Rule Active=true, RuleMonth=2026-07, TargetMonth=2026-08
[2026-09-03T10:00:21.678Z] [Late-Dbg] User 57 Final: LateCount=0, Amt=0, Days=0
[2026-09-03T10:00:21.881Z] [Late-Dbg] User 58 Final: LateCount=1, Amt=0, Days=0
[2026-09-03T10:00:22.070Z] [Late-Dbg] User 59 Final: LateCount=0, Amt=0, Days=0
[2026-09-03T10:00:22.131Z] [Late-Dbg] User 61 Final: LateCount=0, Amt=0, Days=0
[2026-09-03T10:00:22.188Z] [Late-Dbg] User 62 Final: LateCount=0, Amt=0, Days=0
[2026-09-03T10:00:22.243Z] [Late-Dbg] User 63 Final: LateCount=0, Amt=0, Days=0
[2026-09-03T10:00:22.303Z] [Late-Dbg] User 64 Final: LateCount=0, Amt=0, Days=0
[2026-09-03T10:00:22.365Z] [Late-Dbg] User 65 Final: LateCount=0, Amt=0, Days=0
[2026-09-03T10:00:22.423Z] [Late-Dbg] User 68 Final: LateCount=0, Amt=0, Days=0
[2026-09-03T10:00:22.481Z] [Late-Dbg] User 69 Final: LateCount=0, Amt=0, Days=0
[2026-09-03T10:00:22.547Z] [Late-Dbg] User 70 Final: LateCount=0, Amt=0, Days=0
[2026-09-03T10:00:22.686Z] [Late-Dbg] User 98 Final: LateCount=0, Amt=0, Days=0
[2026-09-03T10:00:22.716Z] [Late-Dbg] User 103 Final: LateCount=0, Amt=0, Days=0
[2026-09-03T10:00:22.745Z] [Late-Dbg] User 107 Final: LateCount=0, Amt=0, Days=0
[2026-09-03T10:00:22.780Z] [Late-Dbg] User 108 Final: LateCount=0, Amt=0, Days=0
[2026-09-03T10:00:22.832Z] [Late-Dbg] User 109 Final: LateCount=0, Amt=0, Days=0
[2026-09-03T10:00:22.884Z] [Late-Dbg] User 182 Final: LateCount=0, Amt=0, Days=0
[2026-09-03T10:00:22.932Z] [Late-Dbg] User 185 Final: LateCount=0, Amt=0, Days=0
[Admin-Bonus] SKIP: User 185, Rule Active=true, RuleMonth=2026-07, TargetMonth=2026-08
[2026-09-03T10:00:22.988Z] [Late-Dbg] User 186 Final: LateCount=0, Amt=0, Days=0
[2026-09-03T10:00:23.035Z] [Late-Dbg] User 188 Final: LateCount=0, Amt=0, Days=0
[2026-09-03T10:00:23.096Z] [Late-Dbg] User 195 Final: LateCount=0, Amt=0, Days=0
[Admin-Bonus] SKIP: User 195, Rule Active=true, RuleMonth=2026-07, TargetMonth=2026-08
[2026-09-03T10:00:23.536Z] [Late-Dbg] User 196 Final: LateCount=0, Amt=0, Days=0
[Admin-Bonus] SKIP: User 196, Rule Active=true, RuleMonth=2026-07, TargetMonth=2026-08
[2026-09-03T10:01:53.192Z] [Late-Dbg] User 57 Final: LateCount=0, Amt=0, Days=0
[2026-09-03T10:01:53.367Z] [Late-Dbg] User 58 Final: LateCount=1, Amt=0, Days=0
[2026-09-03T10:01:53.521Z] [Late-Dbg] User 59 Final: LateCount=0, Amt=0, Days=0
[2026-09-03T10:01:53.570Z] [Late-Dbg] User 61 Final: LateCount=0, Amt=0, Days=0
[2026-09-03T10:01:53.611Z] [Late-Dbg] User 62 Final: LateCount=0, Amt=0, Days=0
[2026-09-03T10:01:53.660Z] [Late-Dbg] User 63 Final: LateCount=0, Amt=0, Days=0
[2026-09-03T10:01:53.709Z] [Late-Dbg] User 64 Final: LateCount=0, Amt=0, Days=0
[2026-09-03T10:01:53.749Z] [Late-Dbg] User 65 Final: LateCount=0, Amt=0, Days=0
[2026-09-03T10:01:53.798Z] [Late-Dbg] User 68 Final: LateCount=0, Amt=0, Days=0
[2026-09-03T10:01:53.842Z] [Late-Dbg] User 69 Final: LateCount=0, Amt=0, Days=0
[2026-09-03T10:01:53.888Z] [Late-Dbg] User 70 Final: LateCount=0, Amt=0, Days=0
[2026-09-03T10:01:53.933Z] [Late-Dbg] User 98 Final: LateCount=0, Amt=0, Days=0
[2026-09-03T10:01:53.979Z] [Late-Dbg] User 103 Final: LateCount=0, Amt=0, Days=0
[2026-09-03T10:01:54.032Z] [Late-Dbg] User 107 Final: LateCount=0, Amt=0, Days=0
[2026-09-03T10:01:54.127Z] [Late-Dbg] User 108 Final: LateCount=0, Amt=0, Days=0
[2026-09-03T10:01:54.166Z] [Late-Dbg] User 109 Final: LateCount=0, Amt=0, Days=0
[2026-09-03T10:01:54.214Z] [Late-Dbg] User 182 Final: LateCount=0, Amt=0, Days=0
[2026-09-03T10:01:54.263Z] [Late-Dbg] User 185 Final: LateCount=0, Amt=0, Days=0
[Admin-Bonus] SKIP: User 185, Rule Active=true, RuleMonth=2026-07, TargetMonth=2026-08
[2026-09-03T10:01:54.325Z] [Late-Dbg] User 186 Final: LateCount=0, Amt=0, Days=0
[2026-09-03T10:01:54.371Z] [Late-Dbg] User 188 Final: LateCount=0, Amt=0, Days=0
[2026-09-03T10:01:54.436Z] [Late-Dbg] User 195 Final: LateCount=0, Amt=0, Days=0
[Admin-Bonus] SKIP: User 195, Rule Active=true, RuleMonth=2026-07, TargetMonth=2026-08
[2026-09-03T10:01:54.897Z] [Late-Dbg] User 196 Final: LateCount=0, Amt=0, Days=0
[Admin-Bonus] SKIP: User 196, Rule Active=true, RuleMonth=2026-07, TargetMonth=2026-08
[2026-09-03T10:02:39.869Z] [Late-Dbg] User 57 Final: LateCount=0, Amt=0, Days=0
[2026-09-03T10:02:39.982Z] [Late-Dbg] User 58 Final: LateCount=1, Amt=0, Days=0
[2026-09-03T10:02:40.129Z] [Late-Dbg] User 59 Final: LateCount=0, Amt=0, Days=0
[2026-09-03T10:02:40.178Z] [Late-Dbg] User 61 Final: LateCount=0, Amt=0, Days=0
[2026-09-03T10:02:40.220Z] [Late-Dbg] User 62 Final: LateCount=0, Amt=0, Days=0
[2026-09-03T10:02:40.267Z] [Late-Dbg] User 63 Final: LateCount=0, Amt=0, Days=0
[2026-09-03T10:02:40.315Z] [Late-Dbg] User 64 Final: LateCount=0, Amt=0, Days=0
[2026-09-03T10:02:40.363Z] [Late-Dbg] User 65 Final: LateCount=0, Amt=0, Days=0
[2026-09-03T10:02:40.410Z] [Late-Dbg] User 68 Final: LateCount=0, Amt=0, Days=0
[2026-09-03T10:02:40.450Z] [Late-Dbg] User 69 Final: LateCount=0, Amt=0, Days=0
[2026-09-03T10:02:40.494Z] [Late-Dbg] User 70 Final: LateCount=0, Amt=0, Days=0
[2026-09-03T10:02:40.531Z] [Late-Dbg] User 98 Final: LateCount=0, Amt=0, Days=0
[2026-09-03T10:02:40.567Z] [Late-Dbg] User 103 Final: LateCount=0, Amt=0, Days=0
[2026-09-03T10:02:40.603Z] [Late-Dbg] User 107 Final: LateCount=0, Amt=0, Days=0
[2026-09-03T10:02:40.634Z] [Late-Dbg] User 108 Final: LateCount=0, Amt=0, Days=0
[2026-09-03T10:02:40.682Z] [Late-Dbg] User 109 Final: LateCount=0, Amt=0, Days=0
[2026-09-03T10:02:40.732Z] [Late-Dbg] User 182 Final: LateCount=0, Amt=0, Days=0
[2026-09-03T10:02:40.780Z] [Late-Dbg] User 185 Final: LateCount=0, Amt=0, Days=0
[Admin-Bonus] SKIP: User 185, Rule Active=true, RuleMonth=2026-07, TargetMonth=2026-08
[2026-09-03T10:02:40.842Z] [Late-Dbg] User 186 Final: LateCount=0, Amt=0, Days=0
[2026-09-03T10:02:40.883Z] [Late-Dbg] User 188 Final: LateCount=0, Amt=0, Days=0
[2026-09-03T10:02:40.947Z] [Late-Dbg] User 195 Final: LateCount=0, Amt=0, Days=0
[Admin-Bonus] SKIP: User 195, Rule Active=true, RuleMonth=2026-07, TargetMonth=2026-08
[2026-09-03T10:02:41.429Z] [Late-Dbg] User 196 Final: LateCount=0, Amt=0, Days=0
[Admin-Bonus] SKIP: User 196, Rule Active=true, RuleMonth=2026-07, TargetMonth=2026-08
[2026-09-03T11:14:54.639Z] [Late-Dbg] User 57 Final: LateCount=0, Amt=0, Days=0
[2026-09-03T11:14:54.804Z] [Late-Dbg] User 58 Final: LateCount=1, Amt=0, Days=0
[2026-09-03T11:14:55.060Z] [Late-Dbg] User 59 Final: LateCount=0, Amt=0, Days=0
[2026-09-03T11:14:55.111Z] [Late-Dbg] User 61 Final: LateCount=0, Amt=0, Days=0
[2026-09-03T11:14:55.158Z] [Late-Dbg] User 62 Final: LateCount=0, Amt=0, Days=0
[2026-09-03T11:14:55.208Z] [Late-Dbg] User 63 Final: LateCount=0, Amt=0, Days=0
[2026-09-03T11:14:55.252Z] [Late-Dbg] User 64 Final: LateCount=0, Amt=0, Days=0
[2026-09-03T11:14:55.283Z] [Late-Dbg] User 65 Final: LateCount=0, Amt=0, Days=0
[2026-09-03T11:14:55.314Z] [Late-Dbg] User 68 Final: LateCount=0, Amt=0, Days=0
[2026-09-03T11:14:55.343Z] [Late-Dbg] User 69 Final: LateCount=0, Amt=0, Days=0
[2026-09-03T11:14:55.374Z] [Late-Dbg] User 70 Final: LateCount=0, Amt=0, Days=0
[2026-09-03T11:14:55.402Z] [Late-Dbg] User 98 Final: LateCount=0, Amt=0, Days=0
[2026-09-03T11:14:55.446Z] [Late-Dbg] User 103 Final: LateCount=0, Amt=0, Days=0
[2026-09-03T11:14:55.493Z] [Late-Dbg] User 107 Final: LateCount=0, Amt=0, Days=0
[2026-09-03T11:14:55.544Z] [Late-Dbg] User 108 Final: LateCount=0, Amt=0, Days=0
[2026-09-03T11:14:55.594Z] [Late-Dbg] User 109 Final: LateCount=0, Amt=0, Days=0
[2026-09-03T11:14:55.652Z] [Late-Dbg] User 182 Final: LateCount=0, Amt=0, Days=0
[2026-09-03T11:14:55.702Z] [Late-Dbg] User 185 Final: LateCount=0, Amt=0, Days=0
[Admin-Bonus] SKIP: User 185, Rule Active=true, RuleMonth=2026-07, TargetMonth=2026-08
[2026-09-03T11:14:55.763Z] [Late-Dbg] User 186 Final: LateCount=0, Amt=0, Days=0
[2026-09-03T11:14:55.810Z] [Late-Dbg] User 188 Final: LateCount=0, Amt=0, Days=0
[2026-09-03T11:14:55.937Z] [Late-Dbg] User 195 Final: LateCount=0, Amt=0, Days=0
[Admin-Bonus] SKIP: User 195, Rule Active=true, RuleMonth=2026-07, TargetMonth=2026-08
[2026-09-03T11:14:56.392Z] [Late-Dbg] User 196 Final: LateCount=0, Amt=0, Days=0
[Admin-Bonus] SKIP: User 196, Rule Active=true, RuleMonth=2026-07, TargetMonth=2026-08
